ISO-10303-21;
HEADER;
/* Generated by software containing ST-Developer
 * from STEP Tools, Inc. (www.steptools.com) 
 */
/* OPTION: using custom renumber hook */

FILE_DESCRIPTION(
/* description */ ('STEP AP242 Edition 2',
'CAx-IF Rec.Pracs.---Representation and Presentation of Product Manufa
cturing Information (PMI)---4.0---2014-10-13',
'CAx-IF Rec.Pracs.---3D Tessellated Geometry---0.4---2014-09-14','2;1',
'CAx-IF Rec.Pracs.---User Defined Attributes---1.5---2016-08-15'),
/* implementation_level */ '2;1');

FILE_NAME(
/* name */ '694418d9948b1a711ae83d41',
/* time_stamp */ '2025-12-18T15:08:11Z',
/* author */ (''),
/* organization */ (''),
/* preprocessor_version */ 'ST-DEVELOPER v20',
/* originating_system */ 'ONSHAPE BY PTC INC, 1.208',
/* authorisation */ '  ');

FILE_SCHEMA (('AP242_MANAGED_MODEL_BASED_3D_ENGINEERING_MIM_LF { 1 0 10303 442 3 1 4 }'));
ENDSEC;

DATA;
#10=SHAPE_REPRESENTATION_RELATIONSHIP('','',#8783,#11);
#11=ADVANCED_BREP_SHAPE_REPRESENTATION('',(#8781),#14354);
#12=ELLIPSE('',#9061,2.82842712474619E-5,2.E-5);
#13=ELLIPSE('',#9062,2.82842712474619E-5,2.E-5);
#14=ELLIPSE('',#9064,2.82842712474619E-5,2.E-5);
#15=ELLIPSE('',#9066,2.82842712474619E-5,2.E-5);
#16=ELLIPSE('',#9068,2.82842712474619E-5,2.E-5);
#17=ELLIPSE('',#9070,2.82842712474619E-5,2.E-5);
#18=ELLIPSE('',#9072,2.82842712474619E-5,2.E-5);
#19=ELLIPSE('',#9074,2.82842712474619E-5,2.E-5);
#20=ELLIPSE('',#9076,2.82842712474619E-5,2.E-5);
#21=ELLIPSE('',#9078,2.82842712474619E-5,2.E-5);
#22=ELLIPSE('',#9080,2.82842712474619E-5,2.E-5);
#23=ELLIPSE('',#9082,2.82842712474619E-5,2.E-5);
#24=ELLIPSE('',#9085,2.82842712474619E-5,2.E-5);
#25=ELLIPSE('',#9086,2.82842712474619E-5,2.E-5);
#26=ELLIPSE('',#9088,2.82842712474619E-5,2.E-5);
#27=ELLIPSE('',#9090,2.82842712474619E-5,2.E-5);
#28=ELLIPSE('',#9092,2.82842712474619E-5,2.E-5);
#29=ELLIPSE('',#9094,2.82842712474619E-5,2.E-5);
#30=ELLIPSE('',#9096,2.82842712474619E-5,2.E-5);
#31=ELLIPSE('',#9098,2.82842712474619E-5,2.E-5);
#32=ELLIPSE('',#9100,2.82842712474619E-5,2.E-5);
#33=ELLIPSE('',#9102,2.82842712474619E-5,2.E-5);
#34=ELLIPSE('',#9104,2.82842712474619E-5,2.E-5);
#35=ELLIPSE('',#9106,2.82842712474619E-5,2.E-5);
#36=ELLIPSE('',#9109,2.82842712474619E-5,2.E-5);
#37=ELLIPSE('',#9110,2.82842712474619E-5,2.E-5);
#38=ELLIPSE('',#9112,2.82842712474619E-5,2.E-5);
#39=ELLIPSE('',#9114,2.82842712474619E-5,2.E-5);
#40=ELLIPSE('',#9131,0.000141421356237309,0.0001);
#41=ELLIPSE('',#9132,0.000141421356237309,0.0001);
#42=ELLIPSE('',#9134,0.000141421356237309,0.0001);
#43=ELLIPSE('',#9136,0.000141421356237309,0.0001);
#44=ELLIPSE('',#9138,0.000141421356237309,0.0001);
#45=ELLIPSE('',#9140,0.000141421356237309,0.0001);
#46=ELLIPSE('',#9142,0.000141421356237309,0.0001);
#47=ELLIPSE('',#9144,0.000141421356237309,0.0001);
#48=ELLIPSE('',#9146,0.000141421356237309,0.0001);
#49=ELLIPSE('',#9148,0.000141421356237309,0.0001);
#50=ELLIPSE('',#9150,0.000141421356237309,0.0001);
#51=ELLIPSE('',#9152,0.000141421356237309,0.0001);
#52=ELLIPSE('',#9155,0.000141421356237309,0.0001);
#53=ELLIPSE('',#9156,0.000141421356237309,0.0001);
#54=ELLIPSE('',#9158,0.000141421356237309,0.0001);
#55=ELLIPSE('',#9160,0.000141421356237309,0.0001);
#56=ELLIPSE('',#9162,0.000141421356237309,0.0001);
#57=ELLIPSE('',#9164,0.000141421356237309,0.0001);
#58=ELLIPSE('',#9166,0.000141421356237309,0.0001);
#59=ELLIPSE('',#9168,0.000141421356237309,0.0001);
#60=ELLIPSE('',#9170,0.000141421356237309,0.0001);
#61=ELLIPSE('',#9172,0.000141421356237309,0.0001);
#62=ELLIPSE('',#9174,0.000141421356237309,0.0001);
#63=ELLIPSE('',#9176,0.000141421356237309,0.0001);
#64=TOROIDAL_SURFACE('',#9036,0.00012,2.E-5);
#65=TOROIDAL_SURFACE('',#9045,0.00012,2.E-5);
#66=TOROIDAL_SURFACE('',#9049,0.00012,2.E-5);
#67=TOROIDAL_SURFACE('',#9057,0.00012,2.E-5);
#68=TOROIDAL_SURFACE('',#9274,0.0003,0.0002);
#69=TOROIDAL_SURFACE('',#9276,0.0003,0.0002);
#70=TOROIDAL_SURFACE('',#9278,0.0003,0.0002);
#71=TOROIDAL_SURFACE('',#9280,0.0003,0.0002);
#72=TOROIDAL_SURFACE('',#9290,0.00175,5.E-5);
#73=TOROIDAL_SURFACE('',#9291,0.001625,0.0001);
#74=CIRCLE('',#8788,4.64029598499424E-5);
#75=CIRCLE('',#8789,4.64029598499424E-5);
#76=CIRCLE('',#8791,4.55675793282047E-5);
#77=CIRCLE('',#8792,4.55675793282047E-5);
#78=CIRCLE('',#8795,0.000114095299589167);
#79=CIRCLE('',#8796,0.000114095299589167);
#80=CIRCLE('',#8799,0.000146592224171571);
#81=CIRCLE('',#8800,0.000146592224171571);
#82=CIRCLE('',#8806,0.000146592224172223);
#83=CIRCLE('',#8807,0.000146592224172223);
#84=CIRCLE('',#8809,0.000235012269422753);
#85=CIRCLE('',#8810,0.000235012269422753);
#86=CIRCLE('',#8812,0.000237980310324326);
#87=CIRCLE('',#8813,0.000237980310324326);
#88=CIRCLE('',#8815,0.000234589080928324);
#89=CIRCLE('',#8816,0.000234589080928324);
#90=CIRCLE('',#8854,3.71202470425718E-5);
#91=CIRCLE('',#8855,5.11941584585908E-5);
#92=CIRCLE('',#8858,5.11941584585908E-5);
#93=CIRCLE('',#8861,3.71202470425718E-5);
#94=CIRCLE('',#8872,6.80526827992896E-5);
#95=CIRCLE('',#8873,3.60735255422075E-5);
#96=CIRCLE('',#8874,3.72899067550517E-5);
#97=CIRCLE('',#8875,8.93225798582027E-5);
#98=CIRCLE('',#8876,1.58570458093363E-5);
#99=CIRCLE('',#8877,6.92353845413353E-5);
#100=CIRCLE('',#8878,8.54614578236224E-5);
#101=CIRCLE('',#8879,3.72021033074526E-5);
#102=CIRCLE('',#8880,3.9655805458658E-5);
#103=CIRCLE('',#8881,8.16913229267313E-5);
#104=CIRCLE('',#8883,8.16913229267313E-5);
#105=CIRCLE('',#8885,3.9655805458658E-5);
#106=CIRCLE('',#8887,3.72021033074526E-5);
#107=CIRCLE('',#8889,8.54614578236224E-5);
#108=CIRCLE('',#8892,6.92353845413353E-5);
#109=CIRCLE('',#8894,1.58570458093363E-5);
#110=CIRCLE('',#8896,8.93225798582027E-5);
#111=CIRCLE('',#8898,3.72899067550517E-5);
#112=CIRCLE('',#8900,3.60735255422075E-5);
#113=CIRCLE('',#8903,6.80526827992896E-5);
#114=CIRCLE('',#8912,4.77482489739754E-5);
#115=CIRCLE('',#8913,4.77482489739754E-5);
#116=CIRCLE('',#8916,7.72047886362583E-5);
#117=CIRCLE('',#8917,7.72047886362583E-5);
#118=CIRCLE('',#8969,8.31196404880124E-5);
#119=CIRCLE('',#8970,0.000100498752650826);
#120=CIRCLE('',#8971,0.000109075907222497);
#121=CIRCLE('',#8973,0.000109075907222497);
#122=CIRCLE('',#8976,0.000100498752650826);
#123=CIRCLE('',#8978,8.31196404880124E-5);
#124=CIRCLE('',#8988,0.001625);
#125=CIRCLE('',#8990,0.001725);
#126=CIRCLE('',#8991,0.00175);
#127=CIRCLE('',#8995,0.0025);
#128=CIRCLE('',#8996,0.0005);
#129=CIRCLE('',#9000,0.0025);
#130=CIRCLE('',#9001,0.0005);
#131=CIRCLE('',#9005,0.0025);
#132=CIRCLE('',#9006,0.0005);
#133=CIRCLE('',#9010,0.0025);
#134=CIRCLE('',#9011,0.0005);
#135=CIRCLE('',#9013,0.0025);
#136=CIRCLE('',#9015,0.0025);
#137=CIRCLE('',#9017,0.0025);
#138=CIRCLE('',#9019,0.0025);
#139=CIRCLE('',#9021,0.0003);
#140=CIRCLE('',#9023,0.0003);
#141=CIRCLE('',#9025,0.0003);
#142=CIRCLE('',#9027,0.0003);
#143=CIRCLE('',#9037,2.E-5);
#144=CIRCLE('',#9038,0.0001);
#145=CIRCLE('',#9039,2.E-5);
#146=CIRCLE('',#9040,0.00012);
#147=CIRCLE('',#9042,2.E-5);
#148=CIRCLE('',#9044,2.E-5);
#149=CIRCLE('',#9046,2.E-5);
#150=CIRCLE('',#9047,0.00012);
#151=CIRCLE('',#9048,0.0001);
#152=CIRCLE('',#9050,2.E-5);
#153=CIRCLE('',#9051,0.0001);
#154=CIRCLE('',#9052,0.00012);
#155=CIRCLE('',#9054,2.E-5);
#156=CIRCLE('',#9056,2.E-5);
#157=CIRCLE('',#9058,0.0001);
#158=CIRCLE('',#9059,0.00012);
#159=CIRCLE('',#9123,0.0001);
#160=CIRCLE('',#9125,0.0001);
#161=CIRCLE('',#9127,0.0001);
#162=CIRCLE('',#9129,0.0001);
#163=CIRCLE('',#9272,0.0018);
#164=CIRCLE('',#9275,0.0005);
#165=CIRCLE('',#9277,0.0005);
#166=CIRCLE('',#9279,0.0005);
#167=CIRCLE('',#9281,0.0005);
#168=CIRCLE('',#9287,0.0018);
#169=CIRCLE('',#9289,0.001725);
#170=CYLINDRICAL_SURFACE('',#8787,4.64029598499424E-5);
#171=CYLINDRICAL_SURFACE('',#8790,4.55675793282047E-5);
#172=CYLINDRICAL_SURFACE('',#8794,0.000114095299589167);
#173=CYLINDRICAL_SURFACE('',#8798,0.000146592224171571);
#174=CYLINDRICAL_SURFACE('',#8805,0.000146592224172223);
#175=CYLINDRICAL_SURFACE('',#8808,0.000235012269422753);
#176=CYLINDRICAL_SURFACE('',#8811,0.000237980310324326);
#177=CYLINDRICAL_SURFACE('',#8814,0.000234589080928324);
#178=CYLINDRICAL_SURFACE('',#8857,5.11941584585908E-5);
#179=CYLINDRICAL_SURFACE('',#8860,3.71202470425718E-5);
#180=CYLINDRICAL_SURFACE('',#8882,8.16913229267313E-5);
#181=CYLINDRICAL_SURFACE('',#8884,3.9655805458658E-5);
#182=CYLINDRICAL_SURFACE('',#8886,3.72021033074526E-5);
#183=CYLINDRICAL_SURFACE('',#8888,8.54614578236224E-5);
#184=CYLINDRICAL_SURFACE('',#8891,6.92353845413353E-5);
#185=CYLINDRICAL_SURFACE('',#8893,1.58570458093363E-5);
#186=CYLINDRICAL_SURFACE('',#8895,8.93225798582027E-5);
#187=CYLINDRICAL_SURFACE('',#8897,3.72899067550517E-5);
#188=CYLINDRICAL_SURFACE('',#8899,3.60735255422075E-5);
#189=CYLINDRICAL_SURFACE('',#8902,6.80526827992896E-5);
#190=CYLINDRICAL_SURFACE('',#8911,4.77482489739754E-5);
#191=CYLINDRICAL_SURFACE('',#8915,7.72047886362583E-5);
#192=CYLINDRICAL_SURFACE('',#8972,0.000109075907222497);
#193=CYLINDRICAL_SURFACE('',#8975,0.000100498752650826);
#194=CYLINDRICAL_SURFACE('',#8977,8.31196404880124E-5);
#195=CYLINDRICAL_SURFACE('',#9012,0.0025);
#196=CYLINDRICAL_SURFACE('',#9014,0.0025);
#197=CYLINDRICAL_SURFACE('',#9016,0.0025);
#198=CYLINDRICAL_SURFACE('',#9018,0.0025);
#199=CYLINDRICAL_SURFACE('',#9041,2.E-5);
#200=CYLINDRICAL_SURFACE('',#9043,2.E-5);
#201=CYLINDRICAL_SURFACE('',#9053,2.E-5);
#202=CYLINDRICAL_SURFACE('',#9055,2.E-5);
#203=CYLINDRICAL_SURFACE('',#9060,2.E-5);
#204=CYLINDRICAL_SURFACE('',#9063,2.E-5);
#205=CYLINDRICAL_SURFACE('',#9065,2.E-5);
#206=CYLINDRICAL_SURFACE('',#9067,2.E-5);
#207=CYLINDRICAL_SURFACE('',#9069,2.E-5);
#208=CYLINDRICAL_SURFACE('',#9071,2.E-5);
#209=CYLINDRICAL_SURFACE('',#9073,2.E-5);
#210=CYLINDRICAL_SURFACE('',#9075,2.E-5);
#211=CYLINDRICAL_SURFACE('',#9077,2.E-5);
#212=CYLINDRICAL_SURFACE('',#9079,2.E-5);
#213=CYLINDRICAL_SURFACE('',#9081,2.E-5);
#214=CYLINDRICAL_SURFACE('',#9083,2.E-5);
#215=CYLINDRICAL_SURFACE('',#9084,2.E-5);
#216=CYLINDRICAL_SURFACE('',#9087,2.E-5);
#217=CYLINDRICAL_SURFACE('',#9089,2.E-5);
#218=CYLINDRICAL_SURFACE('',#9091,2.E-5);
#219=CYLINDRICAL_SURFACE('',#9093,2.E-5);
#220=CYLINDRICAL_SURFACE('',#9095,2.E-5);
#221=CYLINDRICAL_SURFACE('',#9097,2.E-5);
#222=CYLINDRICAL_SURFACE('',#9099,2.E-5);
#223=CYLINDRICAL_SURFACE('',#9101,2.E-5);
#224=CYLINDRICAL_SURFACE('',#9103,2.E-5);
#225=CYLINDRICAL_SURFACE('',#9105,2.E-5);
#226=CYLINDRICAL_SURFACE('',#9107,2.E-5);
#227=CYLINDRICAL_SURFACE('',#9108,2.E-5);
#228=CYLINDRICAL_SURFACE('',#9111,2.E-5);
#229=CYLINDRICAL_SURFACE('',#9113,2.E-5);
#230=CYLINDRICAL_SURFACE('',#9115,2.E-5);
#231=CYLINDRICAL_SURFACE('',#9122,0.0001);
#232=CYLINDRICAL_SURFACE('',#9124,0.0001);
#233=CYLINDRICAL_SURFACE('',#9126,0.0001);
#234=CYLINDRICAL_SURFACE('',#9128,0.0001);
#235=CYLINDRICAL_SURFACE('',#9130,0.0001);
#236=CYLINDRICAL_SURFACE('',#9133,0.0001);
#237=CYLINDRICAL_SURFACE('',#9135,0.0001);
#238=CYLINDRICAL_SURFACE('',#9137,0.0001);
#239=CYLINDRICAL_SURFACE('',#9139,0.0001);
#240=CYLINDRICAL_SURFACE('',#9141,0.0001);
#241=CYLINDRICAL_SURFACE('',#9143,0.0001);
#242=CYLINDRICAL_SURFACE('',#9145,0.0001);
#243=CYLINDRICAL_SURFACE('',#9147,0.0001);
#244=CYLINDRICAL_SURFACE('',#9149,0.0001);
#245=CYLINDRICAL_SURFACE('',#9151,0.0001);
#246=CYLINDRICAL_SURFACE('',#9153,0.0001);
#247=CYLINDRICAL_SURFACE('',#9154,0.0001);
#248=CYLINDRICAL_SURFACE('',#9157,0.0001);
#249=CYLINDRICAL_SURFACE('',#9159,0.0001);
#250=CYLINDRICAL_SURFACE('',#9161,0.0001);
#251=CYLINDRICAL_SURFACE('',#9163,0.0001);
#252=CYLINDRICAL_SURFACE('',#9165,0.0001);
#253=CYLINDRICAL_SURFACE('',#9167,0.0001);
#254=CYLINDRICAL_SURFACE('',#9169,0.0001);
#255=CYLINDRICAL_SURFACE('',#9171,0.0001);
#256=CYLINDRICAL_SURFACE('',#9173,0.0001);
#257=CYLINDRICAL_SURFACE('',#9175,0.0001);
#258=CYLINDRICAL_SURFACE('',#9177,0.0001);
#259=CYLINDRICAL_SURFACE('',#9282,0.0005);
#260=CYLINDRICAL_SURFACE('',#9283,0.0005);
#261=CYLINDRICAL_SURFACE('',#9284,0.0005);
#262=CYLINDRICAL_SURFACE('',#9285,0.0005);
#263=CYLINDRICAL_SURFACE('',#9286,0.0018);
#264=CYLINDRICAL_SURFACE('',#9288,0.001725);
#265=LINE('',#11121,#1037);
#266=LINE('',#11130,#1038);
#267=LINE('',#11174,#1039);
#268=LINE('',#11181,#1040);
#269=LINE('',#11208,#1041);
#270=LINE('',#11210,#1042);
#271=LINE('',#11212,#1043);
#272=LINE('',#11239,#1044);
#273=LINE('',#11241,#1045);
#274=LINE('',#11243,#1046);
#275=LINE('',#11245,#1047);
#276=LINE('',#11268,#1048);
#277=LINE('',#11270,#1049);
#278=LINE('',#11272,#1050);
#279=LINE('',#11291,#1051);
#280=LINE('',#11310,#1052);
#281=LINE('',#11350,#1053);
#282=LINE('',#11369,#1054);
#283=LINE('',#11388,#1055);
#284=LINE('',#11390,#1056);
#285=LINE('',#11392,#1057);
#286=LINE('',#11394,#1058);
#287=LINE('',#11396,#1059);
#288=LINE('',#11398,#1060);
#289=LINE('',#11400,#1061);
#290=LINE('',#11402,#1062);
#291=LINE('',#11404,#1063);
#292=LINE('',#11406,#1064);
#293=LINE('',#11408,#1065);
#294=LINE('',#11410,#1066);
#295=LINE('',#11476,#1067);
#296=LINE('',#11495,#1068);
#297=LINE('',#11514,#1069);
#298=LINE('',#11533,#1070);
#299=LINE('',#11552,#1071);
#300=LINE('',#11571,#1072);
#301=LINE('',#11590,#1073);
#302=LINE('',#11593,#1074);
#303=LINE('',#11600,#1075);
#304=LINE('',#11607,#1076);
#305=LINE('',#11609,#1077);
#306=LINE('',#11611,#1078);
#307=LINE('',#11613,#1079);
#308=LINE('',#11622,#1080);
#309=LINE('',#11629,#1081);
#310=LINE('',#11631,#1082);
#311=LINE('',#11640,#1083);
#312=LINE('',#11647,#1084);
#313=LINE('',#11649,#1085);
#314=LINE('',#11651,#1086);
#315=LINE('',#11653,#1087);
#316=LINE('',#11656,#1088);
#317=LINE('',#11658,#1089);
#318=LINE('',#11660,#1090);
#319=LINE('',#11662,#1091);
#320=LINE('',#11664,#1092);
#321=LINE('',#11666,#1093);
#322=LINE('',#11668,#1094);
#323=LINE('',#11670,#1095);
#324=LINE('',#11672,#1096);
#325=LINE('',#11674,#1097);
#326=LINE('',#11676,#1098);
#327=LINE('',#11678,#1099);
#328=LINE('',#11680,#1100);
#329=LINE('',#11682,#1101);
#330=LINE('',#11684,#1102);
#331=LINE('',#11686,#1103);
#332=LINE('',#11688,#1104);
#333=LINE('',#11690,#1105);
#334=LINE('',#11692,#1106);
#335=LINE('',#11694,#1107);
#336=LINE('',#11696,#1108);
#337=LINE('',#11698,#1109);
#338=LINE('',#11699,#1110);
#339=LINE('',#11702,#1111);
#340=LINE('',#11705,#1112);
#341=LINE('',#11707,#1113);
#342=LINE('',#11744,#1114);
#343=LINE('',#11751,#1115);
#344=LINE('',#11768,#1116);
#345=LINE('',#11790,#1117);
#346=LINE('',#11812,#1118);
#347=LINE('',#11819,#1119);
#348=LINE('',#11821,#1120);
#349=LINE('',#11823,#1121);
#350=LINE('',#11825,#1122);
#351=LINE('',#11827,#1123);
#352=LINE('',#11829,#1124);
#353=LINE('',#11832,#1125);
#354=LINE('',#11834,#1126);
#355=LINE('',#11836,#1127);
#356=LINE('',#11838,#1128);
#357=LINE('',#11840,#1129);
#358=LINE('',#11842,#1130);
#359=LINE('',#11861,#1131);
#360=LINE('',#11880,#1132);
#361=LINE('',#11899,#1133);
#362=LINE('',#11918,#1134);
#363=LINE('',#11920,#1135);
#364=LINE('',#11921,#1136);
#365=LINE('',#11924,#1137);
#366=LINE('',#11927,#1138);
#367=LINE('',#11929,#1139);
#368=LINE('',#11931,#1140);
#369=LINE('',#11933,#1141);
#370=LINE('',#11935,#1142);
#371=LINE('',#11937,#1143);
#372=LINE('',#11939,#1144);
#373=LINE('',#11941,#1145);
#374=LINE('',#11943,#1146);
#375=LINE('',#11945,#1147);
#376=LINE('',#11947,#1148);
#377=LINE('',#11949,#1149);
#378=LINE('',#11952,#1150);
#379=LINE('',#11953,#1151);
#380=LINE('',#11955,#1152);
#381=LINE('',#11957,#1153);
#382=LINE('',#11959,#1154);
#383=LINE('',#11961,#1155);
#384=LINE('',#11963,#1156);
#385=LINE('',#11965,#1157);
#386=LINE('',#11967,#1158);
#387=LINE('',#11969,#1159);
#388=LINE('',#11971,#1160);
#389=LINE('',#11973,#1161);
#390=LINE('',#11975,#1162);
#391=LINE('',#11977,#1163);
#392=LINE('',#11979,#1164);
#393=LINE('',#11981,#1165);
#394=LINE('',#11983,#1166);
#395=LINE('',#11985,#1167);
#396=LINE('',#11987,#1168);
#397=LINE('',#11989,#1169);
#398=LINE('',#11991,#1170);
#399=LINE('',#11993,#1171);
#400=LINE('',#11995,#1172);
#401=LINE('',#11997,#1173);
#402=LINE('',#12000,#1174);
#403=LINE('',#12002,#1175);
#404=LINE('',#12004,#1176);
#405=LINE('',#12006,#1177);
#406=LINE('',#12008,#1178);
#407=LINE('',#12010,#1179);
#408=LINE('',#12012,#1180);
#409=LINE('',#12014,#1181);
#410=LINE('',#12023,#1182);
#411=LINE('',#12032,#1183);
#412=LINE('',#12034,#1184);
#413=LINE('',#12037,#1185);
#414=LINE('',#12038,#1186);
#415=LINE('',#12054,#1187);
#416=LINE('',#12070,#1188);
#417=LINE('',#12072,#1189);
#418=LINE('',#12074,#1190);
#419=LINE('',#12076,#1191);
#420=LINE('',#12078,#1192);
#421=LINE('',#12080,#1193);
#422=LINE('',#12082,#1194);
#423=LINE('',#12084,#1195);
#424=LINE('',#12086,#1196);
#425=LINE('',#12088,#1197);
#426=LINE('',#12090,#1198);
#427=LINE('',#12092,#1199);
#428=LINE('',#12094,#1200);
#429=LINE('',#12096,#1201);
#430=LINE('',#12098,#1202);
#431=LINE('',#12100,#1203);
#432=LINE('',#12102,#1204);
#433=LINE('',#12104,#1205);
#434=LINE('',#12109,#1206);
#435=LINE('',#12149,#1207);
#436=LINE('',#12194,#1208);
#437=LINE('',#12208,#1209);
#438=LINE('',#12245,#1210);
#439=LINE('',#12286,#1211);
#440=LINE('',#12318,#1212);
#441=LINE('',#12332,#1213);
#442=LINE('',#12334,#1214);
#443=LINE('',#12369,#1215);
#444=LINE('',#12371,#1216);
#445=LINE('',#12373,#1217);
#446=LINE('',#12375,#1218);
#447=LINE('',#12377,#1219);
#448=LINE('',#12379,#1220);
#449=LINE('',#12381,#1221);
#450=LINE('',#12390,#1222);
#451=LINE('',#12404,#1223);
#452=LINE('',#12418,#1224);
#453=LINE('',#12432,#1225);
#454=LINE('',#12446,#1226);
#455=LINE('',#12478,#1227);
#456=LINE('',#12485,#1228);
#457=LINE('',#12487,#1229);
#458=LINE('',#12489,#1230);
#459=LINE('',#12491,#1231);
#460=LINE('',#12493,#1232);
#461=LINE('',#12495,#1233);
#462=LINE('',#12497,#1234);
#463=LINE('',#12499,#1235);
#464=LINE('',#12501,#1236);
#465=LINE('',#12503,#1237);
#466=LINE('',#12505,#1238);
#467=LINE('',#12507,#1239);
#468=LINE('',#12509,#1240);
#469=LINE('',#12515,#1241);
#470=LINE('',#12534,#1242);
#471=LINE('',#12553,#1243);
#472=LINE('',#12572,#1244);
#473=LINE('',#12574,#1245);
#474=LINE('',#12576,#1246);
#475=LINE('',#12578,#1247);
#476=LINE('',#12601,#1248);
#477=LINE('',#12603,#1249);
#478=LINE('',#12605,#1250);
#479=LINE('',#12624,#1251);
#480=LINE('',#12627,#1252);
#481=LINE('',#12629,#1253);
#482=LINE('',#12631,#1254);
#483=LINE('',#12633,#1255);
#484=LINE('',#12635,#1256);
#485=LINE('',#12637,#1257);
#486=LINE('',#12639,#1258);
#487=LINE('',#12641,#1259);
#488=LINE('',#12643,#1260);
#489=LINE('',#12645,#1261);
#490=LINE('',#12647,#1262);
#491=LINE('',#12649,#1263);
#492=LINE('',#12652,#1264);
#493=LINE('',#12653,#1265);
#494=LINE('',#12655,#1266);
#495=LINE('',#12657,#1267);
#496=LINE('',#12659,#1268);
#497=LINE('',#12661,#1269);
#498=LINE('',#12663,#1270);
#499=LINE('',#12665,#1271);
#500=LINE('',#12667,#1272);
#501=LINE('',#12669,#1273);
#502=LINE('',#12671,#1274);
#503=LINE('',#12673,#1275);
#504=LINE('',#12675,#1276);
#505=LINE('',#12677,#1277);
#506=LINE('',#12679,#1278);
#507=LINE('',#12681,#1279);
#508=LINE('',#12683,#1280);
#509=LINE('',#12685,#1281);
#510=LINE('',#12687,#1282);
#511=LINE('',#12689,#1283);
#512=LINE('',#12691,#1284);
#513=LINE('',#12693,#1285);
#514=LINE('',#12695,#1286);
#515=LINE('',#12697,#1287);
#516=LINE('',#12700,#1288);
#517=LINE('',#12707,#1289);
#518=LINE('',#12714,#1290);
#519=LINE('',#12716,#1291);
#520=LINE('',#12718,#1292);
#521=LINE('',#12720,#1293);
#522=LINE('',#12729,#1294);
#523=LINE('',#12736,#1295);
#524=LINE('',#12738,#1296);
#525=LINE('',#12747,#1297);
#526=LINE('',#12754,#1298);
#527=LINE('',#12756,#1299);
#528=LINE('',#12758,#1300);
#529=LINE('',#12760,#1301);
#530=LINE('',#12763,#1302);
#531=LINE('',#12765,#1303);
#532=LINE('',#12767,#1304);
#533=LINE('',#12769,#1305);
#534=LINE('',#12771,#1306);
#535=LINE('',#12773,#1307);
#536=LINE('',#12775,#1308);
#537=LINE('',#12777,#1309);
#538=LINE('',#12779,#1310);
#539=LINE('',#12781,#1311);
#540=LINE('',#12783,#1312);
#541=LINE('',#12785,#1313);
#542=LINE('',#12787,#1314);
#543=LINE('',#12789,#1315);
#544=LINE('',#12791,#1316);
#545=LINE('',#12793,#1317);
#546=LINE('',#12795,#1318);
#547=LINE('',#12797,#1319);
#548=LINE('',#12799,#1320);
#549=LINE('',#12801,#1321);
#550=LINE('',#12803,#1322);
#551=LINE('',#12805,#1323);
#552=LINE('',#12806,#1324);
#553=LINE('',#12809,#1325);
#554=LINE('',#12812,#1326);
#555=LINE('',#12814,#1327);
#556=LINE('',#12851,#1328);
#557=LINE('',#12858,#1329);
#558=LINE('',#12875,#1330);
#559=LINE('',#12897,#1331);
#560=LINE('',#12919,#1332);
#561=LINE('',#12926,#1333);
#562=LINE('',#12928,#1334);
#563=LINE('',#12930,#1335);
#564=LINE('',#12932,#1336);
#565=LINE('',#12934,#1337);
#566=LINE('',#12936,#1338);
#567=LINE('',#12939,#1339);
#568=LINE('',#12941,#1340);
#569=LINE('',#12943,#1341);
#570=LINE('',#12945,#1342);
#571=LINE('',#12947,#1343);
#572=LINE('',#12949,#1344);
#573=LINE('',#12968,#1345);
#574=LINE('',#12987,#1346);
#575=LINE('',#13006,#1347);
#576=LINE('',#13025,#1348);
#577=LINE('',#13027,#1349);
#578=LINE('',#13028,#1350);
#579=LINE('',#13031,#1351);
#580=LINE('',#13034,#1352);
#581=LINE('',#13036,#1353);
#582=LINE('',#13038,#1354);
#583=LINE('',#13040,#1355);
#584=LINE('',#13042,#1356);
#585=LINE('',#13044,#1357);
#586=LINE('',#13046,#1358);
#587=LINE('',#13048,#1359);
#588=LINE('',#13050,#1360);
#589=LINE('',#13052,#1361);
#590=LINE('',#13054,#1362);
#591=LINE('',#13056,#1363);
#592=LINE('',#13059,#1364);
#593=LINE('',#13060,#1365);
#594=LINE('',#13062,#1366);
#595=LINE('',#13064,#1367);
#596=LINE('',#13066,#1368);
#597=LINE('',#13068,#1369);
#598=LINE('',#13070,#1370);
#599=LINE('',#13072,#1371);
#600=LINE('',#13074,#1372);
#601=LINE('',#13076,#1373);
#602=LINE('',#13078,#1374);
#603=LINE('',#13080,#1375);
#604=LINE('',#13082,#1376);
#605=LINE('',#13084,#1377);
#606=LINE('',#13086,#1378);
#607=LINE('',#13088,#1379);
#608=LINE('',#13090,#1380);
#609=LINE('',#13092,#1381);
#610=LINE('',#13094,#1382);
#611=LINE('',#13096,#1383);
#612=LINE('',#13098,#1384);
#613=LINE('',#13100,#1385);
#614=LINE('',#13102,#1386);
#615=LINE('',#13110,#1387);
#616=LINE('',#13136,#1388);
#617=LINE('',#13181,#1389);
#618=LINE('',#13182,#1390);
#619=LINE('',#13218,#1391);
#620=LINE('',#13232,#1392);
#621=LINE('',#13234,#1393);
#622=LINE('',#13250,#1394);
#623=LINE('',#13278,#1395);
#624=LINE('',#13292,#1396);
#625=LINE('',#13294,#1397);
#626=LINE('',#13296,#1398);
#627=LINE('',#13310,#1399);
#628=LINE('',#13313,#1400);
#629=LINE('',#13315,#1401);
#630=LINE('',#13317,#1402);
#631=LINE('',#13319,#1403);
#632=LINE('',#13321,#1404);
#633=LINE('',#13323,#1405);
#634=LINE('',#13326,#1406);
#635=LINE('',#13327,#1407);
#636=LINE('',#13329,#1408);
#637=LINE('',#13331,#1409);
#638=LINE('',#13333,#1410);
#639=LINE('',#13335,#1411);
#640=LINE('',#13337,#1412);
#641=LINE('',#13339,#1413);
#642=LINE('',#13341,#1414);
#643=LINE('',#13343,#1415);
#644=LINE('',#13345,#1416);
#645=LINE('',#13355,#1417);
#646=LINE('',#13358,#1418);
#647=LINE('',#13360,#1419);
#648=LINE('',#13362,#1420);
#649=LINE('',#13364,#1421);
#650=LINE('',#13367,#1422);
#651=LINE('',#13369,#1423);
#652=LINE('',#13371,#1424);
#653=LINE('',#13373,#1425);
#654=LINE('',#13375,#1426);
#655=LINE('',#13380,#1427);
#656=LINE('',#13383,#1428);
#657=LINE('',#13385,#1429);
#658=LINE('',#13387,#1430);
#659=LINE('',#13389,#1431);
#660=LINE('',#13392,#1432);
#661=LINE('',#13394,#1433);
#662=LINE('',#13396,#1434);
#663=LINE('',#13398,#1435);
#664=LINE('',#13400,#1436);
#665=LINE('',#13405,#1437);
#666=LINE('',#13408,#1438);
#667=LINE('',#13410,#1439);
#668=LINE('',#13412,#1440);
#669=LINE('',#13414,#1441);
#670=LINE('',#13417,#1442);
#671=LINE('',#13419,#1443);
#672=LINE('',#13421,#1444);
#673=LINE('',#13423,#1445);
#674=LINE('',#13425,#1446);
#675=LINE('',#13430,#1447);
#676=LINE('',#13433,#1448);
#677=LINE('',#13435,#1449);
#678=LINE('',#13437,#1450);
#679=LINE('',#13439,#1451);
#680=LINE('',#13442,#1452);
#681=LINE('',#13444,#1453);
#682=LINE('',#13446,#1454);
#683=LINE('',#13448,#1455);
#684=LINE('',#13450,#1456);
#685=LINE('',#13475,#1457);
#686=LINE('',#13476,#1458);
#687=LINE('',#13478,#1459);
#688=LINE('',#13480,#1460);
#689=LINE('',#13482,#1461);
#690=LINE('',#13484,#1462);
#691=LINE('',#13486,#1463);
#692=LINE('',#13489,#1464);
#693=LINE('',#13490,#1465);
#694=LINE('',#13492,#1466);
#695=LINE('',#13494,#1467);
#696=LINE('',#13496,#1468);
#697=LINE('',#13499,#1469);
#698=LINE('',#13501,#1470);
#699=LINE('',#13503,#1471);
#700=LINE('',#13505,#1472);
#701=LINE('',#13507,#1473);
#702=LINE('',#13509,#1474);
#703=LINE('',#13512,#1475);
#704=LINE('',#13514,#1476);
#705=LINE('',#13516,#1477);
#706=LINE('',#13518,#1478);
#707=LINE('',#13520,#1479);
#708=LINE('',#13522,#1480);
#709=LINE('',#13525,#1481);
#710=LINE('',#13527,#1482);
#711=LINE('',#13529,#1483);
#712=LINE('',#13530,#1484);
#713=LINE('',#13532,#1485);
#714=LINE('',#13533,#1486);
#715=LINE('',#13534,#1487);
#716=LINE('',#13535,#1488);
#717=LINE('',#13537,#1489);
#718=LINE('',#13538,#1490);
#719=LINE('',#13540,#1491);
#720=LINE('',#13541,#1492);
#721=LINE('',#13555,#1493);
#722=LINE('',#13556,#1494);
#723=LINE('',#13561,#1495);
#724=LINE('',#13562,#1496);
#725=LINE('',#13579,#1497);
#726=LINE('',#13580,#1498);
#727=LINE('',#13585,#1499);
#728=LINE('',#13586,#1500);
#729=LINE('',#13594,#1501);
#730=LINE('',#13598,#1502);
#731=LINE('',#13603,#1503);
#732=LINE('',#13604,#1504);
#733=LINE('',#13609,#1505);
#734=LINE('',#13610,#1506);
#735=LINE('',#13615,#1507);
#736=LINE('',#13616,#1508);
#737=LINE('',#13621,#1509);
#738=LINE('',#13622,#1510);
#739=LINE('',#13627,#1511);
#740=LINE('',#13628,#1512);
#741=LINE('',#13633,#1513);
#742=LINE('',#13634,#1514);
#743=LINE('',#13639,#1515);
#744=LINE('',#13640,#1516);
#745=LINE('',#13645,#1517);
#746=LINE('',#13646,#1518);
#747=LINE('',#13651,#1519);
#748=LINE('',#13652,#1520);
#749=LINE('',#13657,#1521);
#750=LINE('',#13658,#1522);
#751=LINE('',#13660,#1523);
#752=LINE('',#13661,#1524);
#753=LINE('',#13666,#1525);
#754=LINE('',#13670,#1526);
#755=LINE('',#13675,#1527);
#756=LINE('',#13676,#1528);
#757=LINE('',#13681,#1529);
#758=LINE('',#13682,#1530);
#759=LINE('',#13687,#1531);
#760=LINE('',#13688,#1532);
#761=LINE('',#13693,#1533);
#762=LINE('',#13694,#1534);
#763=LINE('',#13699,#1535);
#764=LINE('',#13700,#1536);
#765=LINE('',#13705,#1537);
#766=LINE('',#13706,#1538);
#767=LINE('',#13711,#1539);
#768=LINE('',#13712,#1540);
#769=LINE('',#13717,#1541);
#770=LINE('',#13718,#1542);
#771=LINE('',#13723,#1543);
#772=LINE('',#13724,#1544);
#773=LINE('',#13729,#1545);
#774=LINE('',#13730,#1546);
#775=LINE('',#13732,#1547);
#776=LINE('',#13733,#1548);
#777=LINE('',#13738,#1549);
#778=LINE('',#13742,#1550);
#779=LINE('',#13747,#1551);
#780=LINE('',#13748,#1552);
#781=LINE('',#13753,#1553);
#782=LINE('',#13754,#1554);
#783=LINE('',#13756,#1555);
#784=LINE('',#13757,#1556);
#785=LINE('',#13759,#1557);
#786=LINE('',#13762,#1558);
#787=LINE('',#13764,#1559);
#788=LINE('',#13766,#1560);
#789=LINE('',#13768,#1561);
#790=LINE('',#13771,#1562);
#791=LINE('',#13772,#1563);
#792=LINE('',#13774,#1564);
#793=LINE('',#13777,#1565);
#794=LINE('',#13778,#1566);
#795=LINE('',#13780,#1567);
#796=LINE('',#13783,#1568);
#797=LINE('',#13785,#1569);
#798=LINE('',#13787,#1570);
#799=LINE('',#13789,#1571);
#800=LINE('',#13792,#1572);
#801=LINE('',#13793,#1573);
#802=LINE('',#13795,#1574);
#803=LINE('',#13798,#1575);
#804=LINE('',#13799,#1576);
#805=LINE('',#13801,#1577);
#806=LINE('',#13803,#1578);
#807=LINE('',#13807,#1579);
#808=LINE('',#13809,#1580);
#809=LINE('',#13813,#1581);
#810=LINE('',#13815,#1582);
#811=LINE('',#13819,#1583);
#812=LINE('',#13821,#1584);
#813=LINE('',#13828,#1585);
#814=LINE('',#13832,#1586);
#815=LINE('',#13837,#1587);
#816=LINE('',#13838,#1588);
#817=LINE('',#13843,#1589);
#818=LINE('',#13844,#1590);
#819=LINE('',#13849,#1591);
#820=LINE('',#13850,#1592);
#821=LINE('',#13855,#1593);
#822=LINE('',#13856,#1594);
#823=LINE('',#13861,#1595);
#824=LINE('',#13862,#1596);
#825=LINE('',#13867,#1597);
#826=LINE('',#13868,#1598);
#827=LINE('',#13873,#1599);
#828=LINE('',#13874,#1600);
#829=LINE('',#13879,#1601);
#830=LINE('',#13880,#1602);
#831=LINE('',#13885,#1603);
#832=LINE('',#13886,#1604);
#833=LINE('',#13891,#1605);
#834=LINE('',#13892,#1606);
#835=LINE('',#13894,#1607);
#836=LINE('',#13895,#1608);
#837=LINE('',#13900,#1609);
#838=LINE('',#13904,#1610);
#839=LINE('',#13909,#1611);
#840=LINE('',#13910,#1612);
#841=LINE('',#13915,#1613);
#842=LINE('',#13916,#1614);
#843=LINE('',#13921,#1615);
#844=LINE('',#13922,#1616);
#845=LINE('',#13927,#1617);
#846=LINE('',#13928,#1618);
#847=LINE('',#13933,#1619);
#848=LINE('',#13934,#1620);
#849=LINE('',#13939,#1621);
#850=LINE('',#13940,#1622);
#851=LINE('',#13945,#1623);
#852=LINE('',#13946,#1624);
#853=LINE('',#13951,#1625);
#854=LINE('',#13952,#1626);
#855=LINE('',#13957,#1627);
#856=LINE('',#13958,#1628);
#857=LINE('',#13963,#1629);
#858=LINE('',#13964,#1630);
#859=LINE('',#13966,#1631);
#860=LINE('',#13967,#1632);
#861=LINE('',#13969,#1633);
#862=LINE('',#13971,#1634);
#863=LINE('',#13973,#1635);
#864=LINE('',#13974,#1636);
#865=LINE('',#13976,#1637);
#866=LINE('',#13977,#1638);
#867=LINE('',#13979,#1639);
#868=LINE('',#13980,#1640);
#869=LINE('',#13982,#1641);
#870=LINE('',#13983,#1642);
#871=LINE('',#13985,#1643);
#872=LINE('',#13986,#1644);
#873=LINE('',#13988,#1645);
#874=LINE('',#13989,#1646);
#875=LINE('',#13991,#1647);
#876=LINE('',#13992,#1648);
#877=LINE('',#13994,#1649);
#878=LINE('',#13995,#1650);
#879=LINE('',#13998,#1651);
#880=LINE('',#13999,#1652);
#881=LINE('',#14001,#1653);
#882=LINE('',#14002,#1654);
#883=LINE('',#14004,#1655);
#884=LINE('',#14007,#1656);
#885=LINE('',#14009,#1657);
#886=LINE('',#14011,#1658);
#887=LINE('',#14013,#1659);
#888=LINE('',#14015,#1660);
#889=LINE('',#14017,#1661);
#890=LINE('',#14019,#1662);
#891=LINE('',#14021,#1663);
#892=LINE('',#14024,#1664);
#893=LINE('',#14026,#1665);
#894=LINE('',#14028,#1666);
#895=LINE('',#14030,#1667);
#896=LINE('',#14032,#1668);
#897=LINE('',#14034,#1669);
#898=LINE('',#14036,#1670);
#899=LINE('',#14038,#1671);
#900=LINE('',#14039,#1672);
#901=LINE('',#14041,#1673);
#902=LINE('',#14043,#1674);
#903=LINE('',#14045,#1675);
#904=LINE('',#14047,#1676);
#905=LINE('',#14048,#1677);
#906=LINE('',#14050,#1678);
#907=LINE('',#14053,#1679);
#908=LINE('',#14056,#1680);
#909=LINE('',#14058,#1681);
#910=LINE('',#14060,#1682);
#911=LINE('',#14062,#1683);
#912=LINE('',#14064,#1684);
#913=LINE('',#14066,#1685);
#914=LINE('',#14068,#1686);
#915=LINE('',#14070,#1687);
#916=LINE('',#14073,#1688);
#917=LINE('',#14075,#1689);
#918=LINE('',#14077,#1690);
#919=LINE('',#14079,#1691);
#920=LINE('',#14081,#1692);
#921=LINE('',#14083,#1693);
#922=LINE('',#14085,#1694);
#923=LINE('',#14087,#1695);
#924=LINE('',#14088,#1696);
#925=LINE('',#14090,#1697);
#926=LINE('',#14092,#1698);
#927=LINE('',#14094,#1699);
#928=LINE('',#14096,#1700);
#929=LINE('',#14097,#1701);
#930=LINE('',#14099,#1702);
#931=LINE('',#14102,#1703);
#932=LINE('',#14105,#1704);
#933=LINE('',#14107,#1705);
#934=LINE('',#14109,#1706);
#935=LINE('',#14111,#1707);
#936=LINE('',#14113,#1708);
#937=LINE('',#14115,#1709);
#938=LINE('',#14117,#1710);
#939=LINE('',#14119,#1711);
#940=LINE('',#14122,#1712);
#941=LINE('',#14124,#1713);
#942=LINE('',#14126,#1714);
#943=LINE('',#14128,#1715);
#944=LINE('',#14130,#1716);
#945=LINE('',#14132,#1717);
#946=LINE('',#14134,#1718);
#947=LINE('',#14136,#1719);
#948=LINE('',#14137,#1720);
#949=LINE('',#14139,#1721);
#950=LINE('',#14141,#1722);
#951=LINE('',#14142,#1723);
#952=LINE('',#14144,#1724);
#953=LINE('',#14146,#1725);
#954=LINE('',#14148,#1726);
#955=LINE('',#14151,#1727);
#956=LINE('',#14154,#1728);
#957=LINE('',#14156,#1729);
#958=LINE('',#14158,#1730);
#959=LINE('',#14160,#1731);
#960=LINE('',#14162,#1732);
#961=LINE('',#14164,#1733);
#962=LINE('',#14166,#1734);
#963=LINE('',#14168,#1735);
#964=LINE('',#14171,#1736);
#965=LINE('',#14173,#1737);
#966=LINE('',#14175,#1738);
#967=LINE('',#14177,#1739);
#968=LINE('',#14179,#1740);
#969=LINE('',#14181,#1741);
#970=LINE('',#14183,#1742);
#971=LINE('',#14185,#1743);
#972=LINE('',#14186,#1744);
#973=LINE('',#14188,#1745);
#974=LINE('',#14190,#1746);
#975=LINE('',#14191,#1747);
#976=LINE('',#14193,#1748);
#977=LINE('',#14195,#1749);
#978=LINE('',#14197,#1750);
#979=LINE('',#14200,#1751);
#980=LINE('',#14203,#1752);
#981=LINE('',#14205,#1753);
#982=LINE('',#14207,#1754);
#983=LINE('',#14209,#1755);
#984=LINE('',#14211,#1756);
#985=LINE('',#14212,#1757);
#986=LINE('',#14214,#1758);
#987=LINE('',#14216,#1759);
#988=LINE('',#14218,#1760);
#989=LINE('',#14219,#1761);
#990=LINE('',#14221,#1762);
#991=LINE('',#14224,#1763);
#992=LINE('',#14226,#1764);
#993=LINE('',#14228,#1765);
#994=LINE('',#14230,#1766);
#995=LINE('',#14232,#1767);
#996=LINE('',#14233,#1768);
#997=LINE('',#14235,#1769);
#998=LINE('',#14237,#1770);
#999=LINE('',#14239,#1771);
#1000=LINE('',#14240,#1772);
#1001=LINE('',#14242,#1773);
#1002=LINE('',#14245,#1774);
#1003=LINE('',#14247,#1775);
#1004=LINE('',#14249,#1776);
#1005=LINE('',#14251,#1777);
#1006=LINE('',#14253,#1778);
#1007=LINE('',#14254,#1779);
#1008=LINE('',#14256,#1780);
#1009=LINE('',#14258,#1781);
#1010=LINE('',#14260,#1782);
#1011=LINE('',#14261,#1783);
#1012=LINE('',#14263,#1784);
#1013=LINE('',#14266,#1785);
#1014=LINE('',#14268,#1786);
#1015=LINE('',#14270,#1787);
#1016=LINE('',#14272,#1788);
#1017=LINE('',#14274,#1789);
#1018=LINE('',#14275,#1790);
#1019=LINE('',#14277,#1791);
#1020=LINE('',#14279,#1792);
#1021=LINE('',#14281,#1793);
#1022=LINE('',#14282,#1794);
#1023=LINE('',#14286,#1795);
#1024=LINE('',#14293,#1796);
#1025=LINE('',#14296,#1797);
#1026=LINE('',#14299,#1798);
#1027=LINE('',#14304,#1799);
#1028=LINE('',#14305,#1800);
#1029=LINE('',#14307,#1801);
#1030=LINE('',#14308,#1802);
#1031=LINE('',#14310,#1803);
#1032=LINE('',#14311,#1804);
#1033=LINE('',#14319,#1805);
#1034=LINE('',#14320,#1806);
#1035=LINE('',#14322,#1807);
#1036=LINE('',#14324,#1808);
#1037=VECTOR('',#9296,1.);
#1038=VECTOR('',#9297,1.);
#1039=VECTOR('',#9298,1.);
#1040=VECTOR('',#9299,1.);
#1041=VECTOR('',#9300,1.);
#1042=VECTOR('',#9303,1.);
#1043=VECTOR('',#9304,1.);
#1044=VECTOR('',#9317,1.);
#1045=VECTOR('',#9320,1.);
#1046=VECTOR('',#9321,1.);
#1047=VECTOR('',#9322,1.);
#1048=VECTOR('',#9331,1.);
#1049=VECTOR('',#9332,1.);
#1050=VECTOR('',#9333,1.);
#1051=VECTOR('',#9334,1.);
#1052=VECTOR('',#9335,1.);
#1053=VECTOR('',#9342,1.);
#1054=VECTOR('',#9343,1.);
#1055=VECTOR('',#9344,1.);
#1056=VECTOR('',#9347,1.);
#1057=VECTOR('',#9348,1.);
#1058=VECTOR('',#9349,1.);
#1059=VECTOR('',#9352,1.);
#1060=VECTOR('',#9353,1.);
#1061=VECTOR('',#9354,1.);
#1062=VECTOR('',#9357,1.);
#1063=VECTOR('',#9358,1.);
#1064=VECTOR('',#9359,1.);
#1065=VECTOR('',#9362,1.);
#1066=VECTOR('',#9363,1.);
#1067=VECTOR('',#9388,1.);
#1068=VECTOR('',#9389,1.);
#1069=VECTOR('',#9390,1.);
#1070=VECTOR('',#9391,1.);
#1071=VECTOR('',#9392,1.);
#1072=VECTOR('',#9393,1.);
#1073=VECTOR('',#9398,1.);
#1074=VECTOR('',#9399,1.);
#1075=VECTOR('',#9400,1.);
#1076=VECTOR('',#9401,1.);
#1077=VECTOR('',#9404,1.);
#1078=VECTOR('',#9405,1.);
#1079=VECTOR('',#9406,1.);
#1080=VECTOR('',#9407,1.);
#1081=VECTOR('',#9410,1.);
#1082=VECTOR('',#9411,1.);
#1083=VECTOR('',#9412,1.);
#1084=VECTOR('',#9415,1.);
#1085=VECTOR('',#9416,1.);
#1086=VECTOR('',#9419,1.);
#1087=VECTOR('',#9422,1.);
#1088=VECTOR('',#9423,1.);
#1089=VECTOR('',#9424,1.);
#1090=VECTOR('',#9425,1.);
#1091=VECTOR('',#9428,1.);
#1092=VECTOR('',#9429,1.);
#1093=VECTOR('',#9430,1.);
#1094=VECTOR('',#9433,1.);
#1095=VECTOR('',#9434,1.);
#1096=VECTOR('',#9435,1.);
#1097=VECTOR('',#9438,1.);
#1098=VECTOR('',#9439,1.);
#1099=VECTOR('',#9440,1.);
#1100=VECTOR('',#9443,1.);
#1101=VECTOR('',#9444,1.);
#1102=VECTOR('',#9445,1.);
#1103=VECTOR('',#9448,1.);
#1104=VECTOR('',#9449,1.);
#1105=VECTOR('',#9450,1.);
#1106=VECTOR('',#9453,1.);
#1107=VECTOR('',#9454,1.);
#1108=VECTOR('',#9455,1.);
#1109=VECTOR('',#9458,1.);
#1110=VECTOR('',#9459,1.);
#1111=VECTOR('',#9464,1.);
#1112=VECTOR('',#9465,1.);
#1113=VECTOR('',#9466,1.);
#1114=VECTOR('',#9467,1.);
#1115=VECTOR('',#9468,1.);
#1116=VECTOR('',#9469,1.);
#1117=VECTOR('',#9470,1.);
#1118=VECTOR('',#9471,1.);
#1119=VECTOR('',#9474,1.);
#1120=VECTOR('',#9475,1.);
#1121=VECTOR('',#9478,1.);
#1122=VECTOR('',#9479,1.);
#1123=VECTOR('',#9482,1.);
#1124=VECTOR('',#9485,1.);
#1125=VECTOR('',#9486,1.);
#1126=VECTOR('',#9487,1.);
#1127=VECTOR('',#9488,1.);
#1128=VECTOR('',#9491,1.);
#1129=VECTOR('',#9492,1.);
#1130=VECTOR('',#9493,1.);
#1131=VECTOR('',#9494,1.);
#1132=VECTOR('',#9495,1.);
#1133=VECTOR('',#9496,1.);
#1134=VECTOR('',#9497,1.);
#1135=VECTOR('',#9500,1.);
#1136=VECTOR('',#9501,1.);
#1137=VECTOR('',#9506,1.);
#1138=VECTOR('',#9507,1.);
#1139=VECTOR('',#9508,1.);
#1140=VECTOR('',#9509,1.);
#1141=VECTOR('',#9510,1.);
#1142=VECTOR('',#9511,1.);
#1143=VECTOR('',#9512,1.);
#1144=VECTOR('',#9513,1.);
#1145=VECTOR('',#9514,1.);
#1146=VECTOR('',#9515,1.);
#1147=VECTOR('',#9516,1.);
#1148=VECTOR('',#9517,1.);
#1149=VECTOR('',#9520,1.);
#1150=VECTOR('',#9521,1.);
#1151=VECTOR('',#9522,1.);
#1152=VECTOR('',#9525,1.);
#1153=VECTOR('',#9526,1.);
#1154=VECTOR('',#9529,1.);
#1155=VECTOR('',#9530,1.);
#1156=VECTOR('',#9533,1.);
#1157=VECTOR('',#9534,1.);
#1158=VECTOR('',#9537,1.);
#1159=VECTOR('',#9538,1.);
#1160=VECTOR('',#9541,1.);
#1161=VECTOR('',#9542,1.);
#1162=VECTOR('',#9545,1.);
#1163=VECTOR('',#9546,1.);
#1164=VECTOR('',#9549,1.);
#1165=VECTOR('',#9550,1.);
#1166=VECTOR('',#9553,1.);
#1167=VECTOR('',#9554,1.);
#1168=VECTOR('',#9557,1.);
#1169=VECTOR('',#9558,1.);
#1170=VECTOR('',#9561,1.);
#1171=VECTOR('',#9562,1.);
#1172=VECTOR('',#9565,1.);
#1173=VECTOR('',#9568,1.);
#1174=VECTOR('',#9569,1.);
#1175=VECTOR('',#9570,1.);
#1176=VECTOR('',#9571,1.);
#1177=VECTOR('',#9572,1.);
#1178=VECTOR('',#9573,1.);
#1179=VECTOR('',#9574,1.);
#1180=VECTOR('',#9575,1.);
#1181=VECTOR('',#9576,1.);
#1182=VECTOR('',#9579,1.);
#1183=VECTOR('',#9582,1.);
#1184=VECTOR('',#9585,1.);
#1185=VECTOR('',#9586,1.);
#1186=VECTOR('',#9587,1.);
#1187=VECTOR('',#9594,1.);
#1188=VECTOR('',#9599,1.);
#1189=VECTOR('',#9602,1.);
#1190=VECTOR('',#9603,1.);
#1191=VECTOR('',#9606,1.);
#1192=VECTOR('',#9607,1.);
#1193=VECTOR('',#9610,1.);
#1194=VECTOR('',#9611,1.);
#1195=VECTOR('',#9614,1.);
#1196=VECTOR('',#9615,1.);
#1197=VECTOR('',#9618,1.);
#1198=VECTOR('',#9619,1.);
#1199=VECTOR('',#9622,1.);
#1200=VECTOR('',#9623,1.);
#1201=VECTOR('',#9626,1.);
#1202=VECTOR('',#9627,1.);
#1203=VECTOR('',#9630,1.);
#1204=VECTOR('',#9631,1.);
#1205=VECTOR('',#9634,1.);
#1206=VECTOR('',#9639,1.);
#1207=VECTOR('',#9650,1.);
#1208=VECTOR('',#9659,1.);
#1209=VECTOR('',#9660,1.);
#1210=VECTOR('',#9679,1.);
#1211=VECTOR('',#9688,1.);
#1212=VECTOR('',#9701,1.);
#1213=VECTOR('',#9702,1.);
#1214=VECTOR('',#9705,1.);
#1215=VECTOR('',#9712,1.);
#1216=VECTOR('',#9713,1.);
#1217=VECTOR('',#9716,1.);
#1218=VECTOR('',#9717,1.);
#1219=VECTOR('',#9718,1.);
#1220=VECTOR('',#9721,1.);
#1221=VECTOR('',#9722,1.);
#1222=VECTOR('',#9723,1.);
#1223=VECTOR('',#9724,1.);
#1224=VECTOR('',#9725,1.);
#1225=VECTOR('',#9726,1.);
#1226=VECTOR('',#9727,1.);
#1227=VECTOR('',#9728,1.);
#1228=VECTOR('',#9729,1.);
#1229=VECTOR('',#9732,1.);
#1230=VECTOR('',#9733,1.);
#1231=VECTOR('',#9734,1.);
#1232=VECTOR('',#9737,1.);
#1233=VECTOR('',#9738,1.);
#1234=VECTOR('',#9739,1.);
#1235=VECTOR('',#9742,1.);
#1236=VECTOR('',#9743,1.);
#1237=VECTOR('',#9744,1.);
#1238=VECTOR('',#9747,1.);
#1239=VECTOR('',#9748,1.);
#1240=VECTOR('',#9749,1.);
#1241=VECTOR('',#9756,1.);
#1242=VECTOR('',#9757,1.);
#1243=VECTOR('',#9758,1.);
#1244=VECTOR('',#9759,1.);
#1245=VECTOR('',#9762,1.);
#1246=VECTOR('',#9763,1.);
#1247=VECTOR('',#9764,1.);
#1248=VECTOR('',#9773,1.);
#1249=VECTOR('',#9774,1.);
#1250=VECTOR('',#9775,1.);
#1251=VECTOR('',#9780,1.);
#1252=VECTOR('',#9781,1.);
#1253=VECTOR('',#9782,1.);
#1254=VECTOR('',#9783,1.);
#1255=VECTOR('',#9784,1.);
#1256=VECTOR('',#9785,1.);
#1257=VECTOR('',#9786,1.);
#1258=VECTOR('',#9787,1.);
#1259=VECTOR('',#9788,1.);
#1260=VECTOR('',#9789,1.);
#1261=VECTOR('',#9790,1.);
#1262=VECTOR('',#9791,1.);
#1263=VECTOR('',#9794,1.);
#1264=VECTOR('',#9795,1.);
#1265=VECTOR('',#9796,1.);
#1266=VECTOR('',#9799,1.);
#1267=VECTOR('',#9800,1.);
#1268=VECTOR('',#9803,1.);
#1269=VECTOR('',#9804,1.);
#1270=VECTOR('',#9807,1.);
#1271=VECTOR('',#9808,1.);
#1272=VECTOR('',#9811,1.);
#1273=VECTOR('',#9812,1.);
#1274=VECTOR('',#9815,1.);
#1275=VECTOR('',#9816,1.);
#1276=VECTOR('',#9819,1.);
#1277=VECTOR('',#9820,1.);
#1278=VECTOR('',#9823,1.);
#1279=VECTOR('',#9824,1.);
#1280=VECTOR('',#9827,1.);
#1281=VECTOR('',#9828,1.);
#1282=VECTOR('',#9831,1.);
#1283=VECTOR('',#9832,1.);
#1284=VECTOR('',#9835,1.);
#1285=VECTOR('',#9836,1.);
#1286=VECTOR('',#9839,1.);
#1287=VECTOR('',#9842,1.);
#1288=VECTOR('',#9843,1.);
#1289=VECTOR('',#9844,1.);
#1290=VECTOR('',#9845,1.);
#1291=VECTOR('',#9848,1.);
#1292=VECTOR('',#9849,1.);
#1293=VECTOR('',#9850,1.);
#1294=VECTOR('',#9851,1.);
#1295=VECTOR('',#9854,1.);
#1296=VECTOR('',#9855,1.);
#1297=VECTOR('',#9856,1.);
#1298=VECTOR('',#9859,1.);
#1299=VECTOR('',#9860,1.);
#1300=VECTOR('',#9863,1.);
#1301=VECTOR('',#9866,1.);
#1302=VECTOR('',#9867,1.);
#1303=VECTOR('',#9868,1.);
#1304=VECTOR('',#9869,1.);
#1305=VECTOR('',#9872,1.);
#1306=VECTOR('',#9873,1.);
#1307=VECTOR('',#9874,1.);
#1308=VECTOR('',#9877,1.);
#1309=VECTOR('',#9878,1.);
#1310=VECTOR('',#9879,1.);
#1311=VECTOR('',#9882,1.);
#1312=VECTOR('',#9883,1.);
#1313=VECTOR('',#9884,1.);
#1314=VECTOR('',#9887,1.);
#1315=VECTOR('',#9888,1.);
#1316=VECTOR('',#9889,1.);
#1317=VECTOR('',#9892,1.);
#1318=VECTOR('',#9893,1.);
#1319=VECTOR('',#9894,1.);
#1320=VECTOR('',#9897,1.);
#1321=VECTOR('',#9898,1.);
#1322=VECTOR('',#9899,1.);
#1323=VECTOR('',#9902,1.);
#1324=VECTOR('',#9903,1.);
#1325=VECTOR('',#9908,1.);
#1326=VECTOR('',#9909,1.);
#1327=VECTOR('',#9910,1.);
#1328=VECTOR('',#9911,1.);
#1329=VECTOR('',#9912,1.);
#1330=VECTOR('',#9913,1.);
#1331=VECTOR('',#9914,1.);
#1332=VECTOR('',#9915,1.);
#1333=VECTOR('',#9918,1.);
#1334=VECTOR('',#9919,1.);
#1335=VECTOR('',#9922,1.);
#1336=VECTOR('',#9923,1.);
#1337=VECTOR('',#9926,1.);
#1338=VECTOR('',#9929,1.);
#1339=VECTOR('',#9930,1.);
#1340=VECTOR('',#9931,1.);
#1341=VECTOR('',#9932,1.);
#1342=VECTOR('',#9935,1.);
#1343=VECTOR('',#9936,1.);
#1344=VECTOR('',#9937,1.);
#1345=VECTOR('',#9938,1.);
#1346=VECTOR('',#9939,1.);
#1347=VECTOR('',#9940,1.);
#1348=VECTOR('',#9941,1.);
#1349=VECTOR('',#9944,1.);
#1350=VECTOR('',#9945,1.);
#1351=VECTOR('',#9950,1.);
#1352=VECTOR('',#9951,1.);
#1353=VECTOR('',#9952,1.);
#1354=VECTOR('',#9953,1.);
#1355=VECTOR('',#9954,1.);
#1356=VECTOR('',#9955,1.);
#1357=VECTOR('',#9956,1.);
#1358=VECTOR('',#9957,1.);
#1359=VECTOR('',#9958,1.);
#1360=VECTOR('',#9959,1.);
#1361=VECTOR('',#9960,1.);
#1362=VECTOR('',#9961,1.);
#1363=VECTOR('',#9964,1.);
#1364=VECTOR('',#9965,1.);
#1365=VECTOR('',#9966,1.);
#1366=VECTOR('',#9969,1.);
#1367=VECTOR('',#9970,1.);
#1368=VECTOR('',#9973,1.);
#1369=VECTOR('',#9974,1.);
#1370=VECTOR('',#9977,1.);
#1371=VECTOR('',#9978,1.);
#1372=VECTOR('',#9981,1.);
#1373=VECTOR('',#9982,1.);
#1374=VECTOR('',#9985,1.);
#1375=VECTOR('',#9986,1.);
#1376=VECTOR('',#9989,1.);
#1377=VECTOR('',#9990,1.);
#1378=VECTOR('',#9993,1.);
#1379=VECTOR('',#9994,1.);
#1380=VECTOR('',#9997,1.);
#1381=VECTOR('',#9998,1.);
#1382=VECTOR('',#10001,1.);
#1383=VECTOR('',#10002,1.);
#1384=VECTOR('',#10005,1.);
#1385=VECTOR('',#10006,1.);
#1386=VECTOR('',#10009,1.);
#1387=VECTOR('',#10012,1.);
#1388=VECTOR('',#10017,1.);
#1389=VECTOR('',#10020,1.);
#1390=VECTOR('',#10021,1.);
#1391=VECTOR('',#10026,1.);
#1392=VECTOR('',#10027,1.);
#1393=VECTOR('',#10030,1.);
#1394=VECTOR('',#10035,1.);
#1395=VECTOR('',#10040,1.);
#1396=VECTOR('',#10041,1.);
#1397=VECTOR('',#10044,1.);
#1398=VECTOR('',#10045,1.);
#1399=VECTOR('',#10048,1.);
#1400=VECTOR('',#10049,1.);
#1401=VECTOR('',#10050,1.);
#1402=VECTOR('',#10051,1.);
#1403=VECTOR('',#10052,1.);
#1404=VECTOR('',#10053,1.);
#1405=VECTOR('',#10056,1.);
#1406=VECTOR('',#10057,1.);
#1407=VECTOR('',#10058,1.);
#1408=VECTOR('',#10061,1.);
#1409=VECTOR('',#10062,1.);
#1410=VECTOR('',#10065,1.);
#1411=VECTOR('',#10066,1.);
#1412=VECTOR('',#10069,1.);
#1413=VECTOR('',#10070,1.);
#1414=VECTOR('',#10073,1.);
#1415=VECTOR('',#10074,1.);
#1416=VECTOR('',#10077,1.);
#1417=VECTOR('',#10090,1.);
#1418=VECTOR('',#10091,1.);
#1419=VECTOR('',#10092,1.);
#1420=VECTOR('',#10093,1.);
#1421=VECTOR('',#10096,1.);
#1422=VECTOR('',#10097,1.);
#1423=VECTOR('',#10098,1.);
#1424=VECTOR('',#10099,1.);
#1425=VECTOR('',#10102,1.);
#1426=VECTOR('',#10103,1.);
#1427=VECTOR('',#10110,1.);
#1428=VECTOR('',#10111,1.);
#1429=VECTOR('',#10112,1.);
#1430=VECTOR('',#10113,1.);
#1431=VECTOR('',#10116,1.);
#1432=VECTOR('',#10117,1.);
#1433=VECTOR('',#10118,1.);
#1434=VECTOR('',#10119,1.);
#1435=VECTOR('',#10122,1.);
#1436=VECTOR('',#10123,1.);
#1437=VECTOR('',#10130,1.);
#1438=VECTOR('',#10131,1.);
#1439=VECTOR('',#10132,1.);
#1440=VECTOR('',#10133,1.);
#1441=VECTOR('',#10136,1.);
#1442=VECTOR('',#10137,1.);
#1443=VECTOR('',#10138,1.);
#1444=VECTOR('',#10139,1.);
#1445=VECTOR('',#10142,1.);
#1446=VECTOR('',#10143,1.);
#1447=VECTOR('',#10150,1.);
#1448=VECTOR('',#10151,1.);
#1449=VECTOR('',#10152,1.);
#1450=VECTOR('',#10153,1.);
#1451=VECTOR('',#10156,1.);
#1452=VECTOR('',#10157,1.);
#1453=VECTOR('',#10158,1.);
#1454=VECTOR('',#10159,1.);
#1455=VECTOR('',#10162,1.);
#1456=VECTOR('',#10163,1.);
#1457=VECTOR('',#10202,1.);
#1458=VECTOR('',#10203,1.);
#1459=VECTOR('',#10204,1.);
#1460=VECTOR('',#10205,1.);
#1461=VECTOR('',#10206,1.);
#1462=VECTOR('',#10207,1.);
#1463=VECTOR('',#10210,1.);
#1464=VECTOR('',#10211,1.);
#1465=VECTOR('',#10212,1.);
#1466=VECTOR('',#10213,1.);
#1467=VECTOR('',#10214,1.);
#1468=VECTOR('',#10217,1.);
#1469=VECTOR('',#10218,1.);
#1470=VECTOR('',#10219,1.);
#1471=VECTOR('',#10220,1.);
#1472=VECTOR('',#10221,1.);
#1473=VECTOR('',#10222,1.);
#1474=VECTOR('',#10225,1.);
#1475=VECTOR('',#10226,1.);
#1476=VECTOR('',#10227,1.);
#1477=VECTOR('',#10228,1.);
#1478=VECTOR('',#10229,1.);
#1479=VECTOR('',#10230,1.);
#1480=VECTOR('',#10233,1.);
#1481=VECTOR('',#10234,1.);
#1482=VECTOR('',#10235,1.);
#1483=VECTOR('',#10236,1.);
#1484=VECTOR('',#10237,1.);
#1485=VECTOR('',#10240,1.);
#1486=VECTOR('',#10241,1.);
#1487=VECTOR('',#10242,1.);
#1488=VECTOR('',#10243,1.);
#1489=VECTOR('',#10246,1.);
#1490=VECTOR('',#10247,1.);
#1491=VECTOR('',#10250,1.);
#1492=VECTOR('',#10251,1.);
#1493=VECTOR('',#10266,1.);
#1494=VECTOR('',#10267,1.);
#1495=VECTOR('',#10272,1.);
#1496=VECTOR('',#10273,1.);
#1497=VECTOR('',#10294,1.);
#1498=VECTOR('',#10295,1.);
#1499=VECTOR('',#10300,1.);
#1500=VECTOR('',#10301,1.);
#1501=VECTOR('',#10312,1.);
#1502=VECTOR('',#10315,1.);
#1503=VECTOR('',#10320,1.);
#1504=VECTOR('',#10321,1.);
#1505=VECTOR('',#10326,1.);
#1506=VECTOR('',#10327,1.);
#1507=VECTOR('',#10332,1.);
#1508=VECTOR('',#10333,1.);
#1509=VECTOR('',#10338,1.);
#1510=VECTOR('',#10339,1.);
#1511=VECTOR('',#10344,1.);
#1512=VECTOR('',#10345,1.);
#1513=VECTOR('',#10350,1.);
#1514=VECTOR('',#10351,1.);
#1515=VECTOR('',#10356,1.);
#1516=VECTOR('',#10357,1.);
#1517=VECTOR('',#10362,1.);
#1518=VECTOR('',#10363,1.);
#1519=VECTOR('',#10368,1.);
#1520=VECTOR('',#10369,1.);
#1521=VECTOR('',#10374,1.);
#1522=VECTOR('',#10375,1.);
#1523=VECTOR('',#10378,1.);
#1524=VECTOR('',#10379,1.);
#1525=VECTOR('',#10384,1.);
#1526=VECTOR('',#10387,1.);
#1527=VECTOR('',#10392,1.);
#1528=VECTOR('',#10393,1.);
#1529=VECTOR('',#10398,1.);
#1530=VECTOR('',#10399,1.);
#1531=VECTOR('',#10404,1.);
#1532=VECTOR('',#10405,1.);
#1533=VECTOR('',#10410,1.);
#1534=VECTOR('',#10411,1.);
#1535=VECTOR('',#10416,1.);
#1536=VECTOR('',#10417,1.);
#1537=VECTOR('',#10422,1.);
#1538=VECTOR('',#10423,1.);
#1539=VECTOR('',#10428,1.);
#1540=VECTOR('',#10429,1.);
#1541=VECTOR('',#10434,1.);
#1542=VECTOR('',#10435,1.);
#1543=VECTOR('',#10440,1.);
#1544=VECTOR('',#10441,1.);
#1545=VECTOR('',#10446,1.);
#1546=VECTOR('',#10447,1.);
#1547=VECTOR('',#10450,1.);
#1548=VECTOR('',#10451,1.);
#1549=VECTOR('',#10456,1.);
#1550=VECTOR('',#10459,1.);
#1551=VECTOR('',#10464,1.);
#1552=VECTOR('',#10465,1.);
#1553=VECTOR('',#10470,1.);
#1554=VECTOR('',#10471,1.);
#1555=VECTOR('',#10474,1.);
#1556=VECTOR('',#10475,1.);
#1557=VECTOR('',#10478,1.);
#1558=VECTOR('',#10479,1.);
#1559=VECTOR('',#10480,1.);
#1560=VECTOR('',#10481,1.);
#1561=VECTOR('',#10484,1.);
#1562=VECTOR('',#10485,1.);
#1563=VECTOR('',#10486,1.);
#1564=VECTOR('',#10489,1.);
#1565=VECTOR('',#10490,1.);
#1566=VECTOR('',#10491,1.);
#1567=VECTOR('',#10494,1.);
#1568=VECTOR('',#10495,1.);
#1569=VECTOR('',#10496,1.);
#1570=VECTOR('',#10497,1.);
#1571=VECTOR('',#10500,1.);
#1572=VECTOR('',#10501,1.);
#1573=VECTOR('',#10502,1.);
#1574=VECTOR('',#10505,1.);
#1575=VECTOR('',#10506,1.);
#1576=VECTOR('',#10507,1.);
#1577=VECTOR('',#10510,1.);
#1578=VECTOR('',#10511,1.);
#1579=VECTOR('',#10516,1.);
#1580=VECTOR('',#10517,1.);
#1581=VECTOR('',#10522,1.);
#1582=VECTOR('',#10523,1.);
#1583=VECTOR('',#10528,1.);
#1584=VECTOR('',#10529,1.);
#1585=VECTOR('',#10536,1.);
#1586=VECTOR('',#10539,1.);
#1587=VECTOR('',#10544,1.);
#1588=VECTOR('',#10545,1.);
#1589=VECTOR('',#10550,1.);
#1590=VECTOR('',#10551,1.);
#1591=VECTOR('',#10556,1.);
#1592=VECTOR('',#10557,1.);
#1593=VECTOR('',#10562,1.);
#1594=VECTOR('',#10563,1.);
#1595=VECTOR('',#10568,1.);
#1596=VECTOR('',#10569,1.);
#1597=VECTOR('',#10574,1.);
#1598=VECTOR('',#10575,1.);
#1599=VECTOR('',#10580,1.);
#1600=VECTOR('',#10581,1.);
#1601=VECTOR('',#10586,1.);
#1602=VECTOR('',#10587,1.);
#1603=VECTOR('',#10592,1.);
#1604=VECTOR('',#10593,1.);
#1605=VECTOR('',#10598,1.);
#1606=VECTOR('',#10599,1.);
#1607=VECTOR('',#10602,1.);
#1608=VECTOR('',#10603,1.);
#1609=VECTOR('',#10608,1.);
#1610=VECTOR('',#10611,1.);
#1611=VECTOR('',#10616,1.);
#1612=VECTOR('',#10617,1.);
#1613=VECTOR('',#10622,1.);
#1614=VECTOR('',#10623,1.);
#1615=VECTOR('',#10628,1.);
#1616=VECTOR('',#10629,1.);
#1617=VECTOR('',#10634,1.);
#1618=VECTOR('',#10635,1.);
#1619=VECTOR('',#10640,1.);
#1620=VECTOR('',#10641,1.);
#1621=VECTOR('',#10646,1.);
#1622=VECTOR('',#10647,1.);
#1623=VECTOR('',#10652,1.);
#1624=VECTOR('',#10653,1.);
#1625=VECTOR('',#10658,1.);
#1626=VECTOR('',#10659,1.);
#1627=VECTOR('',#10664,1.);
#1628=VECTOR('',#10665,1.);
#1629=VECTOR('',#10670,1.);
#1630=VECTOR('',#10671,1.);
#1631=VECTOR('',#10674,1.);
#1632=VECTOR('',#10675,1.);
#1633=VECTOR('',#10678,1.);
#1634=VECTOR('',#10681,1.);
#1635=VECTOR('',#10684,1.);
#1636=VECTOR('',#10685,1.);
#1637=VECTOR('',#10688,1.);
#1638=VECTOR('',#10689,1.);
#1639=VECTOR('',#10692,1.);
#1640=VECTOR('',#10693,1.);
#1641=VECTOR('',#10696,1.);
#1642=VECTOR('',#10697,1.);
#1643=VECTOR('',#10700,1.);
#1644=VECTOR('',#10701,1.);
#1645=VECTOR('',#10704,1.);
#1646=VECTOR('',#10705,1.);
#1647=VECTOR('',#10708,1.);
#1648=VECTOR('',#10709,1.);
#1649=VECTOR('',#10712,1.);
#1650=VECTOR('',#10713,1.);
#1651=VECTOR('',#10718,1.);
#1652=VECTOR('',#10719,1.);
#1653=VECTOR('',#10722,1.);
#1654=VECTOR('',#10723,1.);
#1655=VECTOR('',#10726,1.);
#1656=VECTOR('',#10727,1.);
#1657=VECTOR('',#10728,1.);
#1658=VECTOR('',#10729,1.);
#1659=VECTOR('',#10730,1.);
#1660=VECTOR('',#10731,1.);
#1661=VECTOR('',#10732,1.);
#1662=VECTOR('',#10733,1.);
#1663=VECTOR('',#10736,1.);
#1664=VECTOR('',#10737,1.);
#1665=VECTOR('',#10738,1.);
#1666=VECTOR('',#10739,1.);
#1667=VECTOR('',#10740,1.);
#1668=VECTOR('',#10741,1.);
#1669=VECTOR('',#10742,1.);
#1670=VECTOR('',#10743,1.);
#1671=VECTOR('',#10746,1.);
#1672=VECTOR('',#10747,1.);
#1673=VECTOR('',#10750,1.);
#1674=VECTOR('',#10753,1.);
#1675=VECTOR('',#10756,1.);
#1676=VECTOR('',#10759,1.);
#1677=VECTOR('',#10760,1.);
#1678=VECTOR('',#10763,1.);
#1679=VECTOR('',#10768,1.);
#1680=VECTOR('',#10769,1.);
#1681=VECTOR('',#10770,1.);
#1682=VECTOR('',#10771,1.);
#1683=VECTOR('',#10772,1.);
#1684=VECTOR('',#10773,1.);
#1685=VECTOR('',#10774,1.);
#1686=VECTOR('',#10775,1.);
#1687=VECTOR('',#10778,1.);
#1688=VECTOR('',#10779,1.);
#1689=VECTOR('',#10780,1.);
#1690=VECTOR('',#10781,1.);
#1691=VECTOR('',#10782,1.);
#1692=VECTOR('',#10783,1.);
#1693=VECTOR('',#10784,1.);
#1694=VECTOR('',#10785,1.);
#1695=VECTOR('',#10788,1.);
#1696=VECTOR('',#10789,1.);
#1697=VECTOR('',#10792,1.);
#1698=VECTOR('',#10795,1.);
#1699=VECTOR('',#10798,1.);
#1700=VECTOR('',#10801,1.);
#1701=VECTOR('',#10802,1.);
#1702=VECTOR('',#10805,1.);
#1703=VECTOR('',#10810,1.);
#1704=VECTOR('',#10811,1.);
#1705=VECTOR('',#10812,1.);
#1706=VECTOR('',#10813,1.);
#1707=VECTOR('',#10814,1.);
#1708=VECTOR('',#10815,1.);
#1709=VECTOR('',#10816,1.);
#1710=VECTOR('',#10817,1.);
#1711=VECTOR('',#10820,1.);
#1712=VECTOR('',#10821,1.);
#1713=VECTOR('',#10822,1.);
#1714=VECTOR('',#10823,1.);
#1715=VECTOR('',#10824,1.);
#1716=VECTOR('',#10825,1.);
#1717=VECTOR('',#10826,1.);
#1718=VECTOR('',#10827,1.);
#1719=VECTOR('',#10830,1.);
#1720=VECTOR('',#10831,1.);
#1721=VECTOR('',#10834,1.);
#1722=VECTOR('',#10837,1.);
#1723=VECTOR('',#10838,1.);
#1724=VECTOR('',#10841,1.);
#1725=VECTOR('',#10844,1.);
#1726=VECTOR('',#10847,1.);
#1727=VECTOR('',#10852,1.);
#1728=VECTOR('',#10853,1.);
#1729=VECTOR('',#10854,1.);
#1730=VECTOR('',#10855,1.);
#1731=VECTOR('',#10856,1.);
#1732=VECTOR('',#10857,1.);
#1733=VECTOR('',#10858,1.);
#1734=VECTOR('',#10859,1.);
#1735=VECTOR('',#10862,1.);
#1736=VECTOR('',#10863,1.);
#1737=VECTOR('',#10864,1.);
#1738=VECTOR('',#10865,1.);
#1739=VECTOR('',#10866,1.);
#1740=VECTOR('',#10867,1.);
#1741=VECTOR('',#10868,1.);
#1742=VECTOR('',#10869,1.);
#1743=VECTOR('',#10872,1.);
#1744=VECTOR('',#10873,1.);
#1745=VECTOR('',#10876,1.);
#1746=VECTOR('',#10879,1.);
#1747=VECTOR('',#10880,1.);
#1748=VECTOR('',#10883,1.);
#1749=VECTOR('',#10886,1.);
#1750=VECTOR('',#10889,1.);
#1751=VECTOR('',#10894,1.);
#1752=VECTOR('',#10895,1.);
#1753=VECTOR('',#10896,1.);
#1754=VECTOR('',#10897,1.);
#1755=VECTOR('',#10900,1.);
#1756=VECTOR('',#10901,1.);
#1757=VECTOR('',#10902,1.);
#1758=VECTOR('',#10905,1.);
#1759=VECTOR('',#10906,1.);
#1760=VECTOR('',#10909,1.);
#1761=VECTOR('',#10910,1.);
#1762=VECTOR('',#10913,1.);
#1763=VECTOR('',#10914,1.);
#1764=VECTOR('',#10915,1.);
#1765=VECTOR('',#10916,1.);
#1766=VECTOR('',#10919,1.);
#1767=VECTOR('',#10920,1.);
#1768=VECTOR('',#10921,1.);
#1769=VECTOR('',#10924,1.);
#1770=VECTOR('',#10925,1.);
#1771=VECTOR('',#10928,1.);
#1772=VECTOR('',#10929,1.);
#1773=VECTOR('',#10932,1.);
#1774=VECTOR('',#10933,1.);
#1775=VECTOR('',#10934,1.);
#1776=VECTOR('',#10935,1.);
#1777=VECTOR('',#10938,1.);
#1778=VECTOR('',#10939,1.);
#1779=VECTOR('',#10940,1.);
#1780=VECTOR('',#10943,1.);
#1781=VECTOR('',#10944,1.);
#1782=VECTOR('',#10947,1.);
#1783=VECTOR('',#10948,1.);
#1784=VECTOR('',#10951,1.);
#1785=VECTOR('',#10952,1.);
#1786=VECTOR('',#10953,1.);
#1787=VECTOR('',#10954,1.);
#1788=VECTOR('',#10957,1.);
#1789=VECTOR('',#10958,1.);
#1790=VECTOR('',#10959,1.);
#1791=VECTOR('',#10962,1.);
#1792=VECTOR('',#10963,1.);
#1793=VECTOR('',#10966,1.);
#1794=VECTOR('',#10967,1.);
#1795=VECTOR('',#10974,1.);
#1796=VECTOR('',#10987,1.);
#1797=VECTOR('',#10992,1.);
#1798=VECTOR('',#10997,1.);
#1799=VECTOR('',#11006,1.);
#1800=VECTOR('',#11007,1.);
#1801=VECTOR('',#11010,1.);
#1802=VECTOR('',#11011,1.);
#1803=VECTOR('',#11014,1.);
#1804=VECTOR('',#11015,1.);
#1805=VECTOR('',#11030,1.);
#1806=VECTOR('',#11031,1.);
#1807=VECTOR('',#11034,1.);
#1808=VECTOR('',#11037,1.);
#1809=B_SPLINE_SURFACE_WITH_KNOTS('',3,3,((#11097,#11098,#11099,#11100),
(#11101,#11102,#11103,#11104),(#11105,#11106,#11107,#11108),(#11109,#11110,
#11111,#11112),(#11113,#11114,#11115,#11116),(#11117,#11118,#11119,#11120)),
 .UNSPECIFIED.,.F.,.F.,.F.,(4,2,4),(4,4),(2.,3.,4.),(0.,1.00600006353547),
 .UNSPECIFIED.);
#1810=B_SPLINE_SURFACE_WITH_KNOTS('',3,1,((#11131,#11132),(#11133,#11134),
(#11135,#11136),(#11137,#11138),(#11139,#11140),(#11141,#11142),(#11143,
#11144)),.SURF_OF_LINEAR_EXTRUSION.,.F.,.F.,.F.,(4,3,4),(2,2),(0.,1.,2.),
(0.,1.),.UNSPECIFIED.);
#1811=B_SPLINE_SURFACE_WITH_KNOTS('',3,3,((#11152,#11153,#11154,#11155),
(#11156,#11157,#11158,#11159),(#11160,#11161,#11162,#11163),(#11164,#11165,
#11166,#11167)),.UNSPECIFIED.,.F.,.F.,.F.,(4,4),(4,4),(34.,35.),(0.,1.00600022155386),
 .UNSPECIFIED.);
#1812=B_SPLINE_SURFACE_WITH_KNOTS('',3,3,((#11182,#11183,#11184,#11185),
(#11186,#11187,#11188,#11189),(#11190,#11191,#11192,#11193),(#11194,#11195,
#11196,#11197)),.UNSPECIFIED.,.F.,.F.,.F.,(4,4),(4,4),(33.,34.),(0.,1.00600020117777),
 .UNSPECIFIED.);
#1813=B_SPLINE_SURFACE_WITH_KNOTS('',3,1,((#11221,#11222),(#11223,#11224),
(#11225,#11226),(#11227,#11228)),.SURF_OF_LINEAR_EXTRUSION.,.F.,.F.,.F.,
(4,4),(2,2),(26.,27.),(0.,1.),.UNSPECIFIED.);
#1814=B_SPLINE_SURFACE_WITH_KNOTS('',3,1,((#11246,#11247),(#11248,#11249),
(#11250,#11251),(#11252,#11253)),.SURF_OF_LINEAR_EXTRUSION.,.F.,.F.,.F.,
(4,4),(2,2),(24.,25.),(0.,1.),.UNSPECIFIED.);
#1815=B_SPLINE_SURFACE_WITH_KNOTS('',3,1,((#11273,#11274),(#11275,#11276),
(#11277,#11278),(#11279,#11280)),.SURF_OF_LINEAR_EXTRUSION.,.F.,.F.,.F.,
(4,4),(2,2),(21.,22.),(0.,1.),.UNSPECIFIED.);
#1816=B_SPLINE_SURFACE_WITH_KNOTS('',3,1,((#11292,#11293),(#11294,#11295),
(#11296,#11297),(#11298,#11299)),.SURF_OF_LINEAR_EXTRUSION.,.F.,.F.,.F.,
(4,4),(2,2),(20.,21.),(0.,1.),.UNSPECIFIED.);
#1817=B_SPLINE_SURFACE_WITH_KNOTS('',3,1,((#11311,#11312),(#11313,#11314),
(#11315,#11316),(#11317,#11318)),.SURF_OF_LINEAR_EXTRUSION.,.F.,.F.,.F.,
(4,4),(2,2),(19.,20.),(0.,1.),.UNSPECIFIED.);
#1818=B_SPLINE_SURFACE_WITH_KNOTS('',3,1,((#11332,#11333),(#11334,#11335),
(#11336,#11337),(#11338,#11339)),.SURF_OF_LINEAR_EXTRUSION.,.F.,.F.,.F.,
(4,4),(2,2),(17.,18.),(0.,1.),.UNSPECIFIED.);
#1819=B_SPLINE_SURFACE_WITH_KNOTS('',3,1,((#11351,#11352),(#11353,#11354),
(#11355,#11356),(#11357,#11358)),.SURF_OF_LINEAR_EXTRUSION.,.F.,.F.,.F.,
(4,4),(2,2),(16.,17.),(0.,1.),.UNSPECIFIED.);
#1820=B_SPLINE_SURFACE_WITH_KNOTS('',3,1,((#11370,#11371),(#11372,#11373),
(#11374,#11375),(#11376,#11377)),.SURF_OF_LINEAR_EXTRUSION.,.F.,.F.,.F.,
(4,4),(2,2),(15.,16.),(0.,1.),.UNSPECIFIED.);
#1821=B_SPLINE_SURFACE_WITH_KNOTS('',3,3,((#11415,#11416,#11417,#11418),
(#11419,#11420,#11421,#11422),(#11423,#11424,#11425,#11426),(#11427,#11428,
#11429,#11430)),.UNSPECIFIED.,.F.,.F.,.F.,(4,4),(4,4),(8.99380127997539,
10.),(0.,1.),.UNSPECIFIED.);
#1822=B_SPLINE_SURFACE_WITH_KNOTS('',3,1,((#11458,#11459),(#11460,#11461),
(#11462,#11463),(#11464,#11465)),.SURF_OF_LINEAR_EXTRUSION.,.F.,.F.,.F.,
(4,4),(2,2),(5.,6.),(0.,1.),.UNSPECIFIED.);
#1823=B_SPLINE_SURFACE_WITH_KNOTS('',3,1,((#11477,#11478),(#11479,#11480),
(#11481,#11482),(#11483,#11484)),.SURF_OF_LINEAR_EXTRUSION.,.F.,.F.,.F.,
(4,4),(2,2),(4.,5.),(0.,1.),.UNSPECIFIED.);
#1824=B_SPLINE_SURFACE_WITH_KNOTS('',3,1,((#11496,#11497),(#11498,#11499),
(#11500,#11501),(#11502,#11503)),.SURF_OF_LINEAR_EXTRUSION.,.F.,.F.,.F.,
(4,4),(2,2),(3.,4.),(0.,1.),.UNSPECIFIED.);
#1825=B_SPLINE_SURFACE_WITH_KNOTS('',3,1,((#11515,#11516),(#11517,#11518),
(#11519,#11520),(#11521,#11522)),.SURF_OF_LINEAR_EXTRUSION.,.F.,.F.,.F.,
(4,4),(2,2),(2.,3.),(0.,1.),.UNSPECIFIED.);
#1826=B_SPLINE_SURFACE_WITH_KNOTS('',3,1,((#11534,#11535),(#11536,#11537),
(#11538,#11539),(#11540,#11541)),.SURF_OF_LINEAR_EXTRUSION.,.F.,.F.,.F.,
(4,4),(2,2),(1.,2.),(0.,1.),.UNSPECIFIED.);
#1827=B_SPLINE_SURFACE_WITH_KNOTS('',3,1,((#11553,#11554),(#11555,#11556),
(#11557,#11558),(#11559,#11560)),.SURF_OF_LINEAR_EXTRUSION.,.F.,.F.,.F.,
(4,4),(2,2),(0.,1.),(0.,1.),.UNSPECIFIED.);
#1828=B_SPLINE_SURFACE_WITH_KNOTS('',3,1,((#11572,#11573),(#11574,#11575),
(#11576,#11577),(#11578,#11579)),.SURF_OF_LINEAR_EXTRUSION.,.F.,.F.,.F.,
(4,4),(2,2),(35.,36.),(0.,1.),.UNSPECIFIED.);
#1829=B_SPLINE_SURFACE_WITH_KNOTS('',3,1,((#11614,#11615),(#11616,#11617),
(#11618,#11619),(#11620,#11621)),.SURF_OF_LINEAR_EXTRUSION.,.F.,.F.,.F.,
(4,4),(2,2),(3.,4.),(0.,1.),.UNSPECIFIED.);
#1830=B_SPLINE_SURFACE_WITH_KNOTS('',3,1,((#11632,#11633),(#11634,#11635),
(#11636,#11637),(#11638,#11639)),.SURF_OF_LINEAR_EXTRUSION.,.F.,.F.,.F.,
(4,4),(2,2),(1.,2.),(0.,1.),.UNSPECIFIED.);
#1831=B_SPLINE_SURFACE_WITH_KNOTS('',3,3,((#11728,#11729,#11730,#11731),
(#11732,#11733,#11734,#11735),(#11736,#11737,#11738,#11739),(#11740,#11741,
#11742,#11743)),.UNSPECIFIED.,.F.,.F.,.F.,(4,4),(4,4),(5.,6.),(0.,1.00600021044381),
 .UNSPECIFIED.);
#1832=B_SPLINE_SURFACE_WITH_KNOTS('',3,3,((#11752,#11753,#11754,#11755),
(#11756,#11757,#11758,#11759),(#11760,#11761,#11762,#11763),(#11764,#11765,
#11766,#11767)),.UNSPECIFIED.,.F.,.F.,.F.,(4,4),(4,4),(4.,5.),(0.,1.00600018449685),
 .UNSPECIFIED.);
#1833=B_SPLINE_SURFACE_WITH_KNOTS('',3,3,((#11774,#11775,#11776,#11777),
(#11778,#11779,#11780,#11781),(#11782,#11783,#11784,#11785),(#11786,#11787,
#11788,#11789)),.UNSPECIFIED.,.F.,.F.,.F.,(4,4),(4,4),(3.,4.),(0.,1.00600011839287),
 .UNSPECIFIED.);
#1834=B_SPLINE_SURFACE_WITH_KNOTS('',3,3,((#11796,#11797,#11798,#11799),
(#11800,#11801,#11802,#11803),(#11804,#11805,#11806,#11807),(#11808,#11809,
#11810,#11811)),.UNSPECIFIED.,.F.,.F.,.F.,(4,4),(4,4),(2.,3.),(0.,1.00600020181299),
 .UNSPECIFIED.);
#1835=B_SPLINE_SURFACE_WITH_KNOTS('',3,1,((#11843,#11844),(#11845,#11846),
(#11847,#11848),(#11849,#11850)),.SURF_OF_LINEAR_EXTRUSION.,.F.,.F.,.F.,
(4,4),(2,2),(2.,3.),(0.,1.),.UNSPECIFIED.);
#1836=B_SPLINE_SURFACE_WITH_KNOTS('',3,1,((#11862,#11863),(#11864,#11865),
(#11866,#11867),(#11868,#11869)),.SURF_OF_LINEAR_EXTRUSION.,.F.,.F.,.F.,
(4,4),(2,2),(3.,4.),(0.,1.),.UNSPECIFIED.);
#1837=B_SPLINE_SURFACE_WITH_KNOTS('',3,1,((#11881,#11882),(#11883,#11884),
(#11885,#11886),(#11887,#11888)),.SURF_OF_LINEAR_EXTRUSION.,.F.,.F.,.F.,
(4,4),(2,2),(4.,5.),(0.,1.),.UNSPECIFIED.);
#1838=B_SPLINE_SURFACE_WITH_KNOTS('',3,1,((#11900,#11901),(#11902,#11903),
(#11904,#11905),(#11906,#11907)),.SURF_OF_LINEAR_EXTRUSION.,.F.,.F.,.F.,
(4,4),(2,2),(5.,6.),(0.,1.),.UNSPECIFIED.);
#1839=B_SPLINE_SURFACE_WITH_KNOTS('',3,1,((#12039,#12040),(#12041,#12042),
(#12043,#12044),(#12045,#12046)),.SURF_OF_LINEAR_EXTRUSION.,.F.,.F.,.F.,
(4,4),(2,2),(1.00000001204365,2.00599992729266),(0.,1.),
 .PIECEWISE_BEZIER_KNOTS.);
#1840=B_SPLINE_SURFACE_WITH_KNOTS('',3,1,((#12057,#12058),(#12059,#12060),
(#12061,#12062),(#12063,#12064)),.SURF_OF_LINEAR_EXTRUSION.,.F.,.F.,.F.,
(4,4),(2,2),(5.,6.),(0.,1.),.UNSPECIFIED.);
#1841=B_SPLINE_SURFACE_WITH_KNOTS('',3,1,((#12181,#12182),(#12183,#12184),
(#12185,#12186),(#12187,#12188)),.SURF_OF_LINEAR_EXTRUSION.,.F.,.F.,.F.,
(4,4),(2,2),(0.994,2.006),(0.,1.),.PIECEWISE_BEZIER_KNOTS.);
#1842=B_SPLINE_SURFACE_WITH_KNOTS('',3,1,((#12195,#12196),(#12197,#12198),
(#12199,#12200),(#12201,#12202)),.SURF_OF_LINEAR_EXTRUSION.,.F.,.F.,.F.,
(4,4),(2,2),(2.,3.),(0.,1.),.UNSPECIFIED.);
#1843=B_SPLINE_SURFACE_WITH_KNOTS('',3,1,((#12209,#12210),(#12211,#12212),
(#12213,#12214),(#12215,#12216)),.SURF_OF_LINEAR_EXTRUSION.,.F.,.F.,.F.,
(4,4),(2,2),(3.,4.),(0.,1.),.UNSPECIFIED.);
#1844=B_SPLINE_SURFACE_WITH_KNOTS('',3,1,((#12227,#12228),(#12229,#12230),
(#12231,#12232),(#12233,#12234)),.SURF_OF_LINEAR_EXTRUSION.,.F.,.F.,.F.,
(4,4),(2,2),(7.,8.),(0.,1.),.UNSPECIFIED.);
#1845=B_SPLINE_SURFACE_WITH_KNOTS('',3,3,((#12248,#12249,#12250,#12251),
(#12252,#12253,#12254,#12255),(#12256,#12257,#12258,#12259),(#12260,#12261,
#12262,#12263)),.UNSPECIFIED.,.F.,.F.,.F.,(4,4),(4,4),(10.993313770229,
12.),(0.,1.),.UNSPECIFIED.);
#1846=B_SPLINE_SURFACE_WITH_KNOTS('',3,1,((#12273,#12274),(#12275,#12276),
(#12277,#12278),(#12279,#12280)),.SURF_OF_LINEAR_EXTRUSION.,.F.,.F.,.F.,
(4,4),(2,2),(13.,14.),(0.,1.),.UNSPECIFIED.);
#1847=B_SPLINE_SURFACE_WITH_KNOTS('',3,1,((#12287,#12288),(#12289,#12290),
(#12291,#12292),(#12293,#12294)),.SURF_OF_LINEAR_EXTRUSION.,.F.,.F.,.F.,
(4,4),(2,2),(14.,15.),(0.,1.),.UNSPECIFIED.);
#1848=B_SPLINE_SURFACE_WITH_KNOTS('',3,1,((#12305,#12306),(#12307,#12308),
(#12309,#12310),(#12311,#12312)),.SURF_OF_LINEAR_EXTRUSION.,.F.,.F.,.F.,
(4,4),(2,2),(18.,19.),(0.,1.),.UNSPECIFIED.);
#1849=B_SPLINE_SURFACE_WITH_KNOTS('',3,1,((#12319,#12320),(#12321,#12322),
(#12323,#12324),(#12325,#12326)),.SURF_OF_LINEAR_EXTRUSION.,.F.,.F.,.F.,
(4,4),(2,2),(19.,20.),(0.,1.),.UNSPECIFIED.);
#1850=B_SPLINE_SURFACE_WITH_KNOTS('',3,1,((#12382,#12383),(#12384,#12385),
(#12386,#12387),(#12388,#12389)),.SURF_OF_LINEAR_EXTRUSION.,.F.,.F.,.F.,
(4,4),(2,2),(5.,6.),(0.,1.),.UNSPECIFIED.);
#1851=B_SPLINE_SURFACE_WITH_KNOTS('',3,1,((#12396,#12397),(#12398,#12399),
(#12400,#12401),(#12402,#12403)),.SURF_OF_LINEAR_EXTRUSION.,.F.,.F.,.F.,
(4,4),(2,2),(4.,5.),(0.,1.),.UNSPECIFIED.);
#1852=B_SPLINE_SURFACE_WITH_KNOTS('',3,1,((#12410,#12411),(#12412,#12413),
(#12414,#12415),(#12416,#12417)),.SURF_OF_LINEAR_EXTRUSION.,.F.,.F.,.F.,
(4,4),(2,2),(3.,4.),(0.,1.),.UNSPECIFIED.);
#1853=B_SPLINE_SURFACE_WITH_KNOTS('',3,1,((#12424,#12425),(#12426,#12427),
(#12428,#12429),(#12430,#12431)),.SURF_OF_LINEAR_EXTRUSION.,.F.,.F.,.F.,
(4,4),(2,2),(2.,3.),(0.,1.),.UNSPECIFIED.);
#1854=B_SPLINE_SURFACE_WITH_KNOTS('',3,1,((#12438,#12439),(#12440,#12441),
(#12442,#12443),(#12444,#12445)),.SURF_OF_LINEAR_EXTRUSION.,.F.,.F.,.F.,
(4,4),(2,2),(1.,2.),(0.,1.),.UNSPECIFIED.);
#1855=B_SPLINE_SURFACE_WITH_KNOTS('',3,1,((#12452,#12453),(#12454,#12455),
(#12456,#12457),(#12458,#12459)),.SURF_OF_LINEAR_EXTRUSION.,.F.,.F.,.F.,
(4,4),(2,2),(0.,1.),(0.,1.),.UNSPECIFIED.);
#1856=B_SPLINE_SURFACE_WITH_KNOTS('',3,1,((#12464,#12465),(#12466,#12467),
(#12468,#12469),(#12470,#12471)),.SURF_OF_LINEAR_EXTRUSION.,.F.,.F.,.F.,
(4,4),(2,2),(1.00000001530506,1.99999999524969),(0.,1.),
 .PIECEWISE_BEZIER_KNOTS.);
#1857=B_SPLINE_SURFACE_WITH_KNOTS('',3,1,((#12516,#12517),(#12518,#12519),
(#12520,#12521),(#12522,#12523)),.SURF_OF_LINEAR_EXTRUSION.,.F.,.F.,.F.,
(4,4),(2,2),(7.,8.),(0.,1.),.UNSPECIFIED.);
#1858=B_SPLINE_SURFACE_WITH_KNOTS('',3,1,((#12535,#12536),(#12537,#12538),
(#12539,#12540),(#12541,#12542)),.SURF_OF_LINEAR_EXTRUSION.,.F.,.F.,.F.,
(4,4),(2,2),(8.,9.),(0.,1.),.UNSPECIFIED.);
#1859=B_SPLINE_SURFACE_WITH_KNOTS('',3,1,((#12554,#12555),(#12556,#12557),
(#12558,#12559),(#12560,#12561)),.SURF_OF_LINEAR_EXTRUSION.,.F.,.F.,.F.,
(4,4),(2,2),(9.00000009142866,9.99999999581576),(0.,1.),
 .PIECEWISE_BEZIER_KNOTS.);
#1860=B_SPLINE_SURFACE_WITH_KNOTS('',3,1,((#12579,#12580),(#12581,#12582),
(#12583,#12584),(#12585,#12586)),.SURF_OF_LINEAR_EXTRUSION.,.F.,.F.,.F.,
(4,4),(2,2),(10.994,12.006),(0.,1.),.PIECEWISE_BEZIER_KNOTS.);
#1861=B_SPLINE_SURFACE_WITH_KNOTS('',3,1,((#12606,#12607),(#12608,#12609),
(#12610,#12611),(#12612,#12613)),.SURF_OF_LINEAR_EXTRUSION.,.F.,.F.,.F.,
(4,4),(2,2),(0.,1.),(0.,1.),.UNSPECIFIED.);
#1862=B_SPLINE_SURFACE_WITH_KNOTS('',3,1,((#12721,#12722),(#12723,#12724),
(#12725,#12726),(#12727,#12728)),.SURF_OF_LINEAR_EXTRUSION.,.F.,.F.,.F.,
(4,4),(2,2),(3.,4.),(0.,1.),.UNSPECIFIED.);
#1863=B_SPLINE_SURFACE_WITH_KNOTS('',3,1,((#12739,#12740),(#12741,#12742),
(#12743,#12744),(#12745,#12746)),.SURF_OF_LINEAR_EXTRUSION.,.F.,.F.,.F.,
(4,4),(2,2),(1.,2.),(0.,1.),.UNSPECIFIED.);
#1864=B_SPLINE_SURFACE_WITH_KNOTS('',3,3,((#12835,#12836,#12837,#12838),
(#12839,#12840,#12841,#12842),(#12843,#12844,#12845,#12846),(#12847,#12848,
#12849,#12850)),.UNSPECIFIED.,.F.,.F.,.F.,(4,4),(4,4),(5.,6.),(0.,1.00600021044381),
 .UNSPECIFIED.);
#1865=B_SPLINE_SURFACE_WITH_KNOTS('',3,3,((#12859,#12860,#12861,#12862),
(#12863,#12864,#12865,#12866),(#12867,#12868,#12869,#12870),(#12871,#12872,
#12873,#12874)),.UNSPECIFIED.,.F.,.F.,.F.,(4,4),(4,4),(4.,5.),(0.,1.00600018449685),
 .UNSPECIFIED.);
#1866=B_SPLINE_SURFACE_WITH_KNOTS('',3,3,((#12881,#12882,#12883,#12884),
(#12885,#12886,#12887,#12888),(#12889,#12890,#12891,#12892),(#12893,#12894,
#12895,#12896)),.UNSPECIFIED.,.F.,.F.,.F.,(4,4),(4,4),(3.,4.),(0.,1.00600011839276),
 .UNSPECIFIED.);
#1867=B_SPLINE_SURFACE_WITH_KNOTS('',3,3,((#12903,#12904,#12905,#12906),
(#12907,#12908,#12909,#12910),(#12911,#12912,#12913,#12914),(#12915,#12916,
#12917,#12918)),.UNSPECIFIED.,.F.,.F.,.F.,(4,4),(4,4),(2.,3.),(0.,1.00600020181299),
 .UNSPECIFIED.);
#1868=B_SPLINE_SURFACE_WITH_KNOTS('',3,1,((#12950,#12951),(#12952,#12953),
(#12954,#12955),(#12956,#12957)),.SURF_OF_LINEAR_EXTRUSION.,.F.,.F.,.F.,
(4,4),(2,2),(2.,3.),(0.,1.),.UNSPECIFIED.);
#1869=B_SPLINE_SURFACE_WITH_KNOTS('',3,1,((#12969,#12970),(#12971,#12972),
(#12973,#12974),(#12975,#12976)),.SURF_OF_LINEAR_EXTRUSION.,.F.,.F.,.F.,
(4,4),(2,2),(3.,4.),(0.,1.),.UNSPECIFIED.);
#1870=B_SPLINE_SURFACE_WITH_KNOTS('',3,1,((#12988,#12989),(#12990,#12991),
(#12992,#12993),(#12994,#12995)),.SURF_OF_LINEAR_EXTRUSION.,.F.,.F.,.F.,
(4,4),(2,2),(4.,5.),(0.,1.),.UNSPECIFIED.);
#1871=B_SPLINE_SURFACE_WITH_KNOTS('',3,1,((#13007,#13008),(#13009,#13010),
(#13011,#13012),(#13013,#13014)),.SURF_OF_LINEAR_EXTRUSION.,.F.,.F.,.F.,
(4,4),(2,2),(5.,6.),(0.,1.),.UNSPECIFIED.);
#1872=B_SPLINE_SURFACE_WITH_KNOTS('',3,3,((#13159,#13160,#13161,#13162),
(#13163,#13164,#13165,#13166),(#13167,#13168,#13169,#13170),(#13171,#13172,
#13173,#13174)),.UNSPECIFIED.,.F.,.F.,.F.,(4,4),(4,4),(1.,2.),(0.,1.00600017730707),
 .UNSPECIFIED.);
#1873=B_SPLINE_SURFACE_WITH_KNOTS('',3,3,((#13183,#13184,#13185,#13186),
(#13187,#13188,#13189,#13190),(#13191,#13192,#13193,#13194),(#13195,#13196,
#13197,#13198)),.UNSPECIFIED.,.F.,.F.,.F.,(4,4),(4,4),(2.,3.),(0.,1.00600016431869),
 .UNSPECIFIED.);
#1874=B_SPLINE_SURFACE_WITH_KNOTS('',3,1,((#13205,#13206),(#13207,#13208),
(#13209,#13210),(#13211,#13212)),.SURF_OF_LINEAR_EXTRUSION.,.F.,.F.,.F.,
(4,4),(2,2),(4.,5.),(0.,1.),.UNSPECIFIED.);
#1875=B_SPLINE_SURFACE_WITH_KNOTS('',3,1,((#13219,#13220),(#13221,#13222),
(#13223,#13224),(#13225,#13226)),.SURF_OF_LINEAR_EXTRUSION.,.F.,.F.,.F.,
(4,4),(2,2),(5.,6.),(0.,1.),.UNSPECIFIED.);
#1876=B_SPLINE_SURFACE_WITH_KNOTS('',3,1,((#13237,#13238),(#13239,#13240),
(#13241,#13242),(#13243,#13244)),.SURF_OF_LINEAR_EXTRUSION.,.F.,.F.,.F.,
(4,4),(2,2),(8.,9.),(0.,1.),.UNSPECIFIED.);
#1877=B_SPLINE_SURFACE_WITH_KNOTS('',3,1,((#13251,#13252),(#13253,#13254),
(#13255,#13256),(#13257,#13258)),.SURF_OF_LINEAR_EXTRUSION.,.F.,.F.,.F.,
(4,4),(2,2),(9.,10.),(0.,1.),.UNSPECIFIED.);
#1878=B_SPLINE_SURFACE_WITH_KNOTS('',3,1,((#13265,#13266),(#13267,#13268),
(#13269,#13270),(#13271,#13272)),.SURF_OF_LINEAR_EXTRUSION.,.F.,.F.,.F.,
(4,4),(2,2),(11.,12.),(0.,1.),.UNSPECIFIED.);
#1879=B_SPLINE_SURFACE_WITH_KNOTS('',3,1,((#13279,#13280),(#13281,#13282),
(#13283,#13284),(#13285,#13286)),.SURF_OF_LINEAR_EXTRUSION.,.F.,.F.,.F.,
(4,4),(2,2),(12.,13.),(0.,1.),.UNSPECIFIED.);
#1880=B_SPLINE_SURFACE_WITH_KNOTS('',3,1,((#13297,#13298),(#13299,#13300),
(#13301,#13302),(#13303,#13304)),.SURF_OF_LINEAR_EXTRUSION.,.F.,.F.,.F.,
(4,4),(2,2),(0.,1.),(0.,1.),.UNSPECIFIED.);
#1881=ORIENTED_EDGE('',*,*,#4009,.T.);
#1882=ORIENTED_EDGE('',*,*,#4010,.T.);
#1883=ORIENTED_EDGE('',*,*,#4010,.F.);
#1884=ORIENTED_EDGE('',*,*,#4011,.F.);
#1885=ORIENTED_EDGE('',*,*,#4012,.T.);
#1886=ORIENTED_EDGE('',*,*,#4013,.T.);
#1887=ORIENTED_EDGE('',*,*,#4009,.F.);
#1888=ORIENTED_EDGE('',*,*,#4013,.F.);
#1889=ORIENTED_EDGE('',*,*,#4014,.T.);
#1890=ORIENTED_EDGE('',*,*,#4011,.T.);
#1891=ORIENTED_EDGE('',*,*,#4015,.T.);
#1892=ORIENTED_EDGE('',*,*,#4016,.F.);
#1893=ORIENTED_EDGE('',*,*,#4017,.F.);
#1894=ORIENTED_EDGE('',*,*,#4018,.T.);
#1895=ORIENTED_EDGE('',*,*,#4019,.T.);
#1896=ORIENTED_EDGE('',*,*,#4018,.F.);
#1897=ORIENTED_EDGE('',*,*,#4020,.F.);
#1898=ORIENTED_EDGE('',*,*,#4021,.T.);
#1899=ORIENTED_EDGE('',*,*,#4022,.T.);
#1900=ORIENTED_EDGE('',*,*,#4021,.F.);
#1901=ORIENTED_EDGE('',*,*,#4023,.F.);
#1902=ORIENTED_EDGE('',*,*,#4024,.T.);
#1903=ORIENTED_EDGE('',*,*,#4025,.F.);
#1904=ORIENTED_EDGE('',*,*,#4026,.T.);
#1905=ORIENTED_EDGE('',*,*,#4027,.F.);
#1906=ORIENTED_EDGE('',*,*,#4028,.T.);
#1907=ORIENTED_EDGE('',*,*,#4029,.F.);
#1908=ORIENTED_EDGE('',*,*,#4030,.T.);
#1909=ORIENTED_EDGE('',*,*,#4031,.T.);
#1910=ORIENTED_EDGE('',*,*,#4030,.F.);
#1911=ORIENTED_EDGE('',*,*,#4032,.F.);
#1912=ORIENTED_EDGE('',*,*,#4033,.T.);
#1913=ORIENTED_EDGE('',*,*,#4034,.T.);
#1914=ORIENTED_EDGE('',*,*,#4033,.F.);
#1915=ORIENTED_EDGE('',*,*,#4035,.F.);
#1916=ORIENTED_EDGE('',*,*,#4036,.T.);
#1917=ORIENTED_EDGE('',*,*,#4037,.F.);
#1918=ORIENTED_EDGE('',*,*,#4038,.T.);
#1919=ORIENTED_EDGE('',*,*,#4039,.F.);
#1920=ORIENTED_EDGE('',*,*,#4040,.T.);
#1921=ORIENTED_EDGE('',*,*,#4041,.T.);
#1922=ORIENTED_EDGE('',*,*,#4040,.F.);
#1923=ORIENTED_EDGE('',*,*,#4042,.F.);
#1924=ORIENTED_EDGE('',*,*,#4043,.T.);
#1925=ORIENTED_EDGE('',*,*,#4044,.T.);
#1926=ORIENTED_EDGE('',*,*,#4043,.F.);
#1927=ORIENTED_EDGE('',*,*,#4045,.F.);
#1928=ORIENTED_EDGE('',*,*,#4046,.T.);
#1929=ORIENTED_EDGE('',*,*,#4047,.T.);
#1930=ORIENTED_EDGE('',*,*,#4046,.F.);
#1931=ORIENTED_EDGE('',*,*,#4048,.F.);
#1932=ORIENTED_EDGE('',*,*,#4049,.T.);
#1933=ORIENTED_EDGE('',*,*,#4050,.F.);
#1934=ORIENTED_EDGE('',*,*,#4051,.T.);
#1935=ORIENTED_EDGE('',*,*,#4052,.F.);
#1936=ORIENTED_EDGE('',*,*,#4053,.T.);
#1937=ORIENTED_EDGE('',*,*,#4054,.T.);
#1938=ORIENTED_EDGE('',*,*,#4053,.F.);
#1939=ORIENTED_EDGE('',*,*,#4055,.F.);
#1940=ORIENTED_EDGE('',*,*,#4056,.T.);
#1941=ORIENTED_EDGE('',*,*,#4057,.T.);
#1942=ORIENTED_EDGE('',*,*,#4056,.F.);
#1943=ORIENTED_EDGE('',*,*,#4058,.F.);
#1944=ORIENTED_EDGE('',*,*,#4059,.T.);
#1945=ORIENTED_EDGE('',*,*,#4060,.T.);
#1946=ORIENTED_EDGE('',*,*,#4059,.F.);
#1947=ORIENTED_EDGE('',*,*,#4061,.F.);
#1948=ORIENTED_EDGE('',*,*,#4062,.T.);
#1949=ORIENTED_EDGE('',*,*,#4063,.T.);
#1950=ORIENTED_EDGE('',*,*,#4062,.F.);
#1951=ORIENTED_EDGE('',*,*,#4064,.F.);
#1952=ORIENTED_EDGE('',*,*,#4065,.T.);
#1953=ORIENTED_EDGE('',*,*,#4066,.T.);
#1954=ORIENTED_EDGE('',*,*,#4065,.F.);
#1955=ORIENTED_EDGE('',*,*,#4067,.F.);
#1956=ORIENTED_EDGE('',*,*,#4068,.T.);
#1957=ORIENTED_EDGE('',*,*,#4069,.T.);
#1958=ORIENTED_EDGE('',*,*,#4068,.F.);
#1959=ORIENTED_EDGE('',*,*,#4070,.F.);
#1960=ORIENTED_EDGE('',*,*,#4071,.T.);
#1961=ORIENTED_EDGE('',*,*,#4072,.F.);
#1962=ORIENTED_EDGE('',*,*,#4073,.T.);
#1963=ORIENTED_EDGE('',*,*,#4074,.F.);
#1964=ORIENTED_EDGE('',*,*,#4075,.T.);
#1965=ORIENTED_EDGE('',*,*,#4076,.F.);
#1966=ORIENTED_EDGE('',*,*,#4077,.T.);
#1967=ORIENTED_EDGE('',*,*,#4078,.F.);
#1968=ORIENTED_EDGE('',*,*,#4079,.T.);
#1969=ORIENTED_EDGE('',*,*,#4080,.F.);
#1970=ORIENTED_EDGE('',*,*,#4081,.T.);
#1971=ORIENTED_EDGE('',*,*,#4082,.F.);
#1972=ORIENTED_EDGE('',*,*,#4083,.T.);
#1973=ORIENTED_EDGE('',*,*,#4084,.T.);
#1974=ORIENTED_EDGE('',*,*,#4083,.F.);
#1975=ORIENTED_EDGE('',*,*,#4085,.F.);
#1976=ORIENTED_EDGE('',*,*,#4086,.T.);
#1977=ORIENTED_EDGE('',*,*,#4087,.T.);
#1978=ORIENTED_EDGE('',*,*,#4086,.F.);
#1979=ORIENTED_EDGE('',*,*,#4088,.F.);
#1980=ORIENTED_EDGE('',*,*,#4089,.T.);
#1981=ORIENTED_EDGE('',*,*,#4090,.T.);
#1982=ORIENTED_EDGE('',*,*,#4089,.F.);
#1983=ORIENTED_EDGE('',*,*,#4091,.F.);
#1984=ORIENTED_EDGE('',*,*,#4092,.T.);
#1985=ORIENTED_EDGE('',*,*,#4093,.T.);
#1986=ORIENTED_EDGE('',*,*,#4092,.F.);
#1987=ORIENTED_EDGE('',*,*,#4094,.F.);
#1988=ORIENTED_EDGE('',*,*,#4095,.T.);
#1989=ORIENTED_EDGE('',*,*,#4096,.T.);
#1990=ORIENTED_EDGE('',*,*,#4095,.F.);
#1991=ORIENTED_EDGE('',*,*,#4097,.F.);
#1992=ORIENTED_EDGE('',*,*,#4098,.T.);
#1993=ORIENTED_EDGE('',*,*,#4099,.T.);
#1994=ORIENTED_EDGE('',*,*,#4098,.F.);
#1995=ORIENTED_EDGE('',*,*,#4100,.F.);
#1996=ORIENTED_EDGE('',*,*,#4016,.T.);
#1997=ORIENTED_EDGE('',*,*,#4014,.F.);
#1998=ORIENTED_EDGE('',*,*,#4012,.F.);
#1999=ORIENTED_EDGE('',*,*,#4100,.T.);
#2000=ORIENTED_EDGE('',*,*,#4097,.T.);
#2001=ORIENTED_EDGE('',*,*,#4094,.T.);
#2002=ORIENTED_EDGE('',*,*,#4091,.T.);
#2003=ORIENTED_EDGE('',*,*,#4088,.T.);
#2004=ORIENTED_EDGE('',*,*,#4085,.T.);
#2005=ORIENTED_EDGE('',*,*,#4082,.T.);
#2006=ORIENTED_EDGE('',*,*,#4080,.T.);
#2007=ORIENTED_EDGE('',*,*,#4078,.T.);
#2008=ORIENTED_EDGE('',*,*,#4076,.T.);
#2009=ORIENTED_EDGE('',*,*,#4074,.T.);
#2010=ORIENTED_EDGE('',*,*,#4072,.T.);
#2011=ORIENTED_EDGE('',*,*,#4070,.T.);
#2012=ORIENTED_EDGE('',*,*,#4067,.T.);
#2013=ORIENTED_EDGE('',*,*,#4064,.T.);
#2014=ORIENTED_EDGE('',*,*,#4061,.T.);
#2015=ORIENTED_EDGE('',*,*,#4058,.T.);
#2016=ORIENTED_EDGE('',*,*,#4055,.T.);
#2017=ORIENTED_EDGE('',*,*,#4052,.T.);
#2018=ORIENTED_EDGE('',*,*,#4050,.T.);
#2019=ORIENTED_EDGE('',*,*,#4048,.T.);
#2020=ORIENTED_EDGE('',*,*,#4045,.T.);
#2021=ORIENTED_EDGE('',*,*,#4042,.T.);
#2022=ORIENTED_EDGE('',*,*,#4039,.T.);
#2023=ORIENTED_EDGE('',*,*,#4037,.T.);
#2024=ORIENTED_EDGE('',*,*,#4035,.T.);
#2025=ORIENTED_EDGE('',*,*,#4032,.T.);
#2026=ORIENTED_EDGE('',*,*,#4029,.T.);
#2027=ORIENTED_EDGE('',*,*,#4027,.T.);
#2028=ORIENTED_EDGE('',*,*,#4025,.T.);
#2029=ORIENTED_EDGE('',*,*,#4023,.T.);
#2030=ORIENTED_EDGE('',*,*,#4020,.T.);
#2031=ORIENTED_EDGE('',*,*,#4017,.T.);
#2032=ORIENTED_EDGE('',*,*,#4101,.T.);
#2033=ORIENTED_EDGE('',*,*,#4102,.T.);
#2034=ORIENTED_EDGE('',*,*,#4103,.T.);
#2035=ORIENTED_EDGE('',*,*,#4104,.T.);
#2036=ORIENTED_EDGE('',*,*,#4105,.T.);
#2037=ORIENTED_EDGE('',*,*,#4106,.T.);
#2038=ORIENTED_EDGE('',*,*,#4106,.F.);
#2039=ORIENTED_EDGE('',*,*,#4107,.F.);
#2040=ORIENTED_EDGE('',*,*,#4108,.T.);
#2041=ORIENTED_EDGE('',*,*,#4109,.T.);
#2042=ORIENTED_EDGE('',*,*,#4105,.F.);
#2043=ORIENTED_EDGE('',*,*,#4110,.F.);
#2044=ORIENTED_EDGE('',*,*,#4111,.T.);
#2045=ORIENTED_EDGE('',*,*,#4107,.T.);
#2046=ORIENTED_EDGE('',*,*,#4104,.F.);
#2047=ORIENTED_EDGE('',*,*,#4112,.F.);
#2048=ORIENTED_EDGE('',*,*,#4113,.T.);
#2049=ORIENTED_EDGE('',*,*,#4110,.T.);
#2050=ORIENTED_EDGE('',*,*,#4103,.F.);
#2051=ORIENTED_EDGE('',*,*,#4114,.F.);
#2052=ORIENTED_EDGE('',*,*,#4115,.T.);
#2053=ORIENTED_EDGE('',*,*,#4112,.T.);
#2054=ORIENTED_EDGE('',*,*,#4102,.F.);
#2055=ORIENTED_EDGE('',*,*,#4116,.F.);
#2056=ORIENTED_EDGE('',*,*,#4117,.T.);
#2057=ORIENTED_EDGE('',*,*,#4114,.T.);
#2058=ORIENTED_EDGE('',*,*,#4101,.F.);
#2059=ORIENTED_EDGE('',*,*,#4109,.F.);
#2060=ORIENTED_EDGE('',*,*,#4118,.T.);
#2061=ORIENTED_EDGE('',*,*,#4116,.T.);
#2062=ORIENTED_EDGE('',*,*,#4119,.T.);
#2063=ORIENTED_EDGE('',*,*,#4120,.F.);
#2064=ORIENTED_EDGE('',*,*,#4121,.F.);
#2065=ORIENTED_EDGE('',*,*,#4122,.T.);
#2066=ORIENTED_EDGE('',*,*,#4123,.T.);
#2067=ORIENTED_EDGE('',*,*,#4122,.F.);
#2068=ORIENTED_EDGE('',*,*,#4124,.F.);
#2069=ORIENTED_EDGE('',*,*,#4125,.T.);
#2070=ORIENTED_EDGE('',*,*,#4126,.T.);
#2071=ORIENTED_EDGE('',*,*,#4125,.F.);
#2072=ORIENTED_EDGE('',*,*,#4127,.F.);
#2073=ORIENTED_EDGE('',*,*,#4128,.T.);
#2074=ORIENTED_EDGE('',*,*,#4129,.T.);
#2075=ORIENTED_EDGE('',*,*,#4128,.F.);
#2076=ORIENTED_EDGE('',*,*,#4130,.F.);
#2077=ORIENTED_EDGE('',*,*,#4131,.T.);
#2078=ORIENTED_EDGE('',*,*,#4132,.T.);
#2079=ORIENTED_EDGE('',*,*,#4131,.F.);
#2080=ORIENTED_EDGE('',*,*,#4133,.F.);
#2081=ORIENTED_EDGE('',*,*,#4134,.T.);
#2082=ORIENTED_EDGE('',*,*,#4135,.T.);
#2083=ORIENTED_EDGE('',*,*,#4134,.F.);
#2084=ORIENTED_EDGE('',*,*,#4136,.F.);
#2085=ORIENTED_EDGE('',*,*,#4137,.T.);
#2086=ORIENTED_EDGE('',*,*,#4138,.T.);
#2087=ORIENTED_EDGE('',*,*,#4137,.F.);
#2088=ORIENTED_EDGE('',*,*,#4139,.F.);
#2089=ORIENTED_EDGE('',*,*,#4140,.T.);
#2090=ORIENTED_EDGE('',*,*,#4141,.T.);
#2091=ORIENTED_EDGE('',*,*,#4140,.F.);
#2092=ORIENTED_EDGE('',*,*,#4142,.F.);
#2093=ORIENTED_EDGE('',*,*,#4120,.T.);
#2094=ORIENTED_EDGE('',*,*,#4118,.F.);
#2095=ORIENTED_EDGE('',*,*,#4108,.F.);
#2096=ORIENTED_EDGE('',*,*,#4111,.F.);
#2097=ORIENTED_EDGE('',*,*,#4113,.F.);
#2098=ORIENTED_EDGE('',*,*,#4115,.F.);
#2099=ORIENTED_EDGE('',*,*,#4117,.F.);
#2100=ORIENTED_EDGE('',*,*,#4142,.T.);
#2101=ORIENTED_EDGE('',*,*,#4139,.T.);
#2102=ORIENTED_EDGE('',*,*,#4136,.T.);
#2103=ORIENTED_EDGE('',*,*,#4133,.T.);
#2104=ORIENTED_EDGE('',*,*,#4130,.T.);
#2105=ORIENTED_EDGE('',*,*,#4127,.T.);
#2106=ORIENTED_EDGE('',*,*,#4124,.T.);
#2107=ORIENTED_EDGE('',*,*,#4121,.T.);
#2108=ORIENTED_EDGE('',*,*,#4143,.T.);
#2109=ORIENTED_EDGE('',*,*,#4144,.T.);
#2110=ORIENTED_EDGE('',*,*,#4145,.T.);
#2111=ORIENTED_EDGE('',*,*,#4146,.T.);
#2112=ORIENTED_EDGE('',*,*,#4147,.T.);
#2113=ORIENTED_EDGE('',*,*,#4148,.T.);
#2114=ORIENTED_EDGE('',*,*,#4149,.T.);
#2115=ORIENTED_EDGE('',*,*,#4149,.F.);
#2116=ORIENTED_EDGE('',*,*,#4150,.F.);
#2117=ORIENTED_EDGE('',*,*,#4151,.T.);
#2118=ORIENTED_EDGE('',*,*,#4152,.T.);
#2119=ORIENTED_EDGE('',*,*,#4148,.F.);
#2120=ORIENTED_EDGE('',*,*,#4153,.F.);
#2121=ORIENTED_EDGE('',*,*,#4154,.T.);
#2122=ORIENTED_EDGE('',*,*,#4150,.T.);
#2123=ORIENTED_EDGE('',*,*,#4147,.F.);
#2124=ORIENTED_EDGE('',*,*,#4155,.F.);
#2125=ORIENTED_EDGE('',*,*,#4156,.T.);
#2126=ORIENTED_EDGE('',*,*,#4153,.T.);
#2127=ORIENTED_EDGE('',*,*,#4146,.F.);
#2128=ORIENTED_EDGE('',*,*,#4157,.F.);
#2129=ORIENTED_EDGE('',*,*,#4158,.T.);
#2130=ORIENTED_EDGE('',*,*,#4155,.T.);
#2131=ORIENTED_EDGE('',*,*,#4145,.F.);
#2132=ORIENTED_EDGE('',*,*,#4159,.F.);
#2133=ORIENTED_EDGE('',*,*,#4160,.T.);
#2134=ORIENTED_EDGE('',*,*,#4157,.T.);
#2135=ORIENTED_EDGE('',*,*,#4144,.F.);
#2136=ORIENTED_EDGE('',*,*,#4161,.F.);
#2137=ORIENTED_EDGE('',*,*,#4162,.T.);
#2138=ORIENTED_EDGE('',*,*,#4159,.T.);
#2139=ORIENTED_EDGE('',*,*,#4143,.F.);
#2140=ORIENTED_EDGE('',*,*,#4152,.F.);
#2141=ORIENTED_EDGE('',*,*,#4163,.T.);
#2142=ORIENTED_EDGE('',*,*,#4161,.T.);
#2143=ORIENTED_EDGE('',*,*,#4164,.T.);
#2144=ORIENTED_EDGE('',*,*,#4165,.F.);
#2145=ORIENTED_EDGE('',*,*,#4166,.F.);
#2146=ORIENTED_EDGE('',*,*,#4167,.T.);
#2147=ORIENTED_EDGE('',*,*,#4168,.T.);
#2148=ORIENTED_EDGE('',*,*,#4167,.F.);
#2149=ORIENTED_EDGE('',*,*,#4169,.F.);
#2150=ORIENTED_EDGE('',*,*,#4170,.T.);
#2151=ORIENTED_EDGE('',*,*,#4171,.T.);
#2152=ORIENTED_EDGE('',*,*,#4170,.F.);
#2153=ORIENTED_EDGE('',*,*,#4172,.F.);
#2154=ORIENTED_EDGE('',*,*,#4173,.T.);
#2155=ORIENTED_EDGE('',*,*,#4174,.T.);
#2156=ORIENTED_EDGE('',*,*,#4173,.F.);
#2157=ORIENTED_EDGE('',*,*,#4175,.F.);
#2158=ORIENTED_EDGE('',*,*,#4176,.T.);
#2159=ORIENTED_EDGE('',*,*,#4177,.T.);
#2160=ORIENTED_EDGE('',*,*,#4176,.F.);
#2161=ORIENTED_EDGE('',*,*,#4178,.F.);
#2162=ORIENTED_EDGE('',*,*,#4179,.T.);
#2163=ORIENTED_EDGE('',*,*,#4180,.T.);
#2164=ORIENTED_EDGE('',*,*,#4179,.F.);
#2165=ORIENTED_EDGE('',*,*,#4181,.F.);
#2166=ORIENTED_EDGE('',*,*,#4182,.T.);
#2167=ORIENTED_EDGE('',*,*,#4183,.T.);
#2168=ORIENTED_EDGE('',*,*,#4182,.F.);
#2169=ORIENTED_EDGE('',*,*,#4184,.F.);
#2170=ORIENTED_EDGE('',*,*,#4165,.T.);
#2171=ORIENTED_EDGE('',*,*,#4162,.F.);
#2172=ORIENTED_EDGE('',*,*,#4163,.F.);
#2173=ORIENTED_EDGE('',*,*,#4151,.F.);
#2174=ORIENTED_EDGE('',*,*,#4154,.F.);
#2175=ORIENTED_EDGE('',*,*,#4156,.F.);
#2176=ORIENTED_EDGE('',*,*,#4158,.F.);
#2177=ORIENTED_EDGE('',*,*,#4160,.F.);
#2178=ORIENTED_EDGE('',*,*,#4184,.T.);
#2179=ORIENTED_EDGE('',*,*,#4181,.T.);
#2180=ORIENTED_EDGE('',*,*,#4178,.T.);
#2181=ORIENTED_EDGE('',*,*,#4175,.T.);
#2182=ORIENTED_EDGE('',*,*,#4172,.T.);
#2183=ORIENTED_EDGE('',*,*,#4169,.T.);
#2184=ORIENTED_EDGE('',*,*,#4166,.T.);
#2185=ORIENTED_EDGE('',*,*,#4185,.T.);
#2186=ORIENTED_EDGE('',*,*,#4186,.T.);
#2187=ORIENTED_EDGE('',*,*,#4187,.T.);
#2188=ORIENTED_EDGE('',*,*,#4188,.T.);
#2189=ORIENTED_EDGE('',*,*,#4189,.T.);
#2190=ORIENTED_EDGE('',*,*,#4190,.T.);
#2191=ORIENTED_EDGE('',*,*,#4191,.T.);
#2192=ORIENTED_EDGE('',*,*,#4192,.T.);
#2193=ORIENTED_EDGE('',*,*,#4193,.T.);
#2194=ORIENTED_EDGE('',*,*,#4194,.T.);
#2195=ORIENTED_EDGE('',*,*,#4195,.T.);
#2196=ORIENTED_EDGE('',*,*,#4196,.T.);
#2197=ORIENTED_EDGE('',*,*,#4197,.T.);
#2198=ORIENTED_EDGE('',*,*,#4198,.F.);
#2199=ORIENTED_EDGE('',*,*,#4196,.F.);
#2200=ORIENTED_EDGE('',*,*,#4199,.T.);
#2201=ORIENTED_EDGE('',*,*,#4200,.T.);
#2202=ORIENTED_EDGE('',*,*,#4199,.F.);
#2203=ORIENTED_EDGE('',*,*,#4195,.F.);
#2204=ORIENTED_EDGE('',*,*,#4201,.T.);
#2205=ORIENTED_EDGE('',*,*,#4202,.T.);
#2206=ORIENTED_EDGE('',*,*,#4201,.F.);
#2207=ORIENTED_EDGE('',*,*,#4194,.F.);
#2208=ORIENTED_EDGE('',*,*,#4203,.T.);
#2209=ORIENTED_EDGE('',*,*,#4204,.T.);
#2210=ORIENTED_EDGE('',*,*,#4203,.F.);
#2211=ORIENTED_EDGE('',*,*,#4193,.F.);
#2212=ORIENTED_EDGE('',*,*,#4205,.T.);
#2213=ORIENTED_EDGE('',*,*,#4206,.T.);
#2214=ORIENTED_EDGE('',*,*,#4205,.F.);
#2215=ORIENTED_EDGE('',*,*,#4192,.F.);
#2216=ORIENTED_EDGE('',*,*,#4207,.T.);
#2217=ORIENTED_EDGE('',*,*,#4208,.T.);
#2218=ORIENTED_EDGE('',*,*,#4207,.F.);
#2219=ORIENTED_EDGE('',*,*,#4191,.F.);
#2220=ORIENTED_EDGE('',*,*,#4209,.T.);
#2221=ORIENTED_EDGE('',*,*,#4210,.T.);
#2222=ORIENTED_EDGE('',*,*,#4209,.F.);
#2223=ORIENTED_EDGE('',*,*,#4190,.F.);
#2224=ORIENTED_EDGE('',*,*,#4211,.T.);
#2225=ORIENTED_EDGE('',*,*,#4212,.T.);
#2226=ORIENTED_EDGE('',*,*,#4211,.F.);
#2227=ORIENTED_EDGE('',*,*,#4189,.F.);
#2228=ORIENTED_EDGE('',*,*,#4213,.T.);
#2229=ORIENTED_EDGE('',*,*,#4214,.T.);
#2230=ORIENTED_EDGE('',*,*,#4213,.F.);
#2231=ORIENTED_EDGE('',*,*,#4188,.F.);
#2232=ORIENTED_EDGE('',*,*,#4215,.T.);
#2233=ORIENTED_EDGE('',*,*,#4216,.T.);
#2234=ORIENTED_EDGE('',*,*,#4215,.F.);
#2235=ORIENTED_EDGE('',*,*,#4187,.F.);
#2236=ORIENTED_EDGE('',*,*,#4217,.T.);
#2237=ORIENTED_EDGE('',*,*,#4218,.T.);
#2238=ORIENTED_EDGE('',*,*,#4217,.F.);
#2239=ORIENTED_EDGE('',*,*,#4186,.F.);
#2240=ORIENTED_EDGE('',*,*,#4219,.T.);
#2241=ORIENTED_EDGE('',*,*,#4220,.T.);
#2242=ORIENTED_EDGE('',*,*,#4219,.F.);
#2243=ORIENTED_EDGE('',*,*,#4185,.F.);
#2244=ORIENTED_EDGE('',*,*,#4198,.T.);
#2245=ORIENTED_EDGE('',*,*,#4221,.T.);
#2246=ORIENTED_EDGE('',*,*,#4222,.T.);
#2247=ORIENTED_EDGE('',*,*,#4223,.T.);
#2248=ORIENTED_EDGE('',*,*,#4224,.T.);
#2249=ORIENTED_EDGE('',*,*,#4225,.T.);
#2250=ORIENTED_EDGE('',*,*,#4226,.T.);
#2251=ORIENTED_EDGE('',*,*,#4227,.T.);
#2252=ORIENTED_EDGE('',*,*,#4228,.T.);
#2253=ORIENTED_EDGE('',*,*,#4229,.T.);
#2254=ORIENTED_EDGE('',*,*,#4230,.T.);
#2255=ORIENTED_EDGE('',*,*,#4231,.T.);
#2256=ORIENTED_EDGE('',*,*,#4232,.T.);
#2257=ORIENTED_EDGE('',*,*,#4233,.T.);
#2258=ORIENTED_EDGE('',*,*,#4234,.T.);
#2259=ORIENTED_EDGE('',*,*,#4235,.T.);
#2260=ORIENTED_EDGE('',*,*,#4236,.T.);
#2261=ORIENTED_EDGE('',*,*,#4237,.F.);
#2262=ORIENTED_EDGE('',*,*,#4235,.F.);
#2263=ORIENTED_EDGE('',*,*,#4238,.T.);
#2264=ORIENTED_EDGE('',*,*,#4239,.T.);
#2265=ORIENTED_EDGE('',*,*,#4238,.F.);
#2266=ORIENTED_EDGE('',*,*,#4234,.F.);
#2267=ORIENTED_EDGE('',*,*,#4240,.T.);
#2268=ORIENTED_EDGE('',*,*,#4233,.F.);
#2269=ORIENTED_EDGE('',*,*,#4241,.T.);
#2270=ORIENTED_EDGE('',*,*,#4232,.F.);
#2271=ORIENTED_EDGE('',*,*,#4242,.T.);
#2272=ORIENTED_EDGE('',*,*,#4231,.F.);
#2273=ORIENTED_EDGE('',*,*,#4243,.T.);
#2274=ORIENTED_EDGE('',*,*,#4230,.F.);
#2275=ORIENTED_EDGE('',*,*,#4244,.T.);
#2276=ORIENTED_EDGE('',*,*,#4245,.T.);
#2277=ORIENTED_EDGE('',*,*,#4244,.F.);
#2278=ORIENTED_EDGE('',*,*,#4229,.F.);
#2279=ORIENTED_EDGE('',*,*,#4246,.T.);
#2280=ORIENTED_EDGE('',*,*,#4247,.T.);
#2281=ORIENTED_EDGE('',*,*,#4246,.F.);
#2282=ORIENTED_EDGE('',*,*,#4228,.F.);
#2283=ORIENTED_EDGE('',*,*,#4248,.T.);
#2284=ORIENTED_EDGE('',*,*,#4249,.T.);
#2285=ORIENTED_EDGE('',*,*,#4248,.F.);
#2286=ORIENTED_EDGE('',*,*,#4227,.F.);
#2287=ORIENTED_EDGE('',*,*,#4250,.T.);
#2288=ORIENTED_EDGE('',*,*,#4251,.T.);
#2289=ORIENTED_EDGE('',*,*,#4250,.F.);
#2290=ORIENTED_EDGE('',*,*,#4226,.F.);
#2291=ORIENTED_EDGE('',*,*,#4252,.T.);
#2292=ORIENTED_EDGE('',*,*,#4253,.T.);
#2293=ORIENTED_EDGE('',*,*,#4252,.F.);
#2294=ORIENTED_EDGE('',*,*,#4225,.F.);
#2295=ORIENTED_EDGE('',*,*,#4254,.T.);
#2296=ORIENTED_EDGE('',*,*,#4255,.T.);
#2297=ORIENTED_EDGE('',*,*,#4254,.F.);
#2298=ORIENTED_EDGE('',*,*,#4224,.F.);
#2299=ORIENTED_EDGE('',*,*,#4256,.T.);
#2300=ORIENTED_EDGE('',*,*,#4257,.T.);
#2301=ORIENTED_EDGE('',*,*,#4256,.F.);
#2302=ORIENTED_EDGE('',*,*,#4223,.F.);
#2303=ORIENTED_EDGE('',*,*,#4258,.T.);
#2304=ORIENTED_EDGE('',*,*,#4259,.T.);
#2305=ORIENTED_EDGE('',*,*,#4258,.F.);
#2306=ORIENTED_EDGE('',*,*,#4222,.F.);
#2307=ORIENTED_EDGE('',*,*,#4260,.T.);
#2308=ORIENTED_EDGE('',*,*,#4261,.T.);
#2309=ORIENTED_EDGE('',*,*,#4260,.F.);
#2310=ORIENTED_EDGE('',*,*,#4221,.F.);
#2311=ORIENTED_EDGE('',*,*,#4237,.T.);
#2312=ORIENTED_EDGE('',*,*,#4262,.T.);
#2313=ORIENTED_EDGE('',*,*,#4263,.T.);
#2314=ORIENTED_EDGE('',*,*,#4264,.T.);
#2315=ORIENTED_EDGE('',*,*,#4265,.T.);
#2316=ORIENTED_EDGE('',*,*,#4266,.T.);
#2317=ORIENTED_EDGE('',*,*,#4267,.T.);
#2318=ORIENTED_EDGE('',*,*,#4268,.T.);
#2319=ORIENTED_EDGE('',*,*,#4269,.T.);
#2320=ORIENTED_EDGE('',*,*,#4270,.T.);
#2321=ORIENTED_EDGE('',*,*,#4271,.T.);
#2322=ORIENTED_EDGE('',*,*,#4272,.T.);
#2323=ORIENTED_EDGE('',*,*,#4273,.T.);
#2324=ORIENTED_EDGE('',*,*,#4274,.T.);
#2325=ORIENTED_EDGE('',*,*,#4275,.T.);
#2326=ORIENTED_EDGE('',*,*,#4276,.T.);
#2327=ORIENTED_EDGE('',*,*,#4277,.T.);
#2328=ORIENTED_EDGE('',*,*,#4278,.T.);
#2329=ORIENTED_EDGE('',*,*,#4279,.T.);
#2330=ORIENTED_EDGE('',*,*,#4280,.T.);
#2331=ORIENTED_EDGE('',*,*,#4281,.T.);
#2332=ORIENTED_EDGE('',*,*,#4282,.T.);
#2333=ORIENTED_EDGE('',*,*,#4283,.T.);
#2334=ORIENTED_EDGE('',*,*,#4282,.F.);
#2335=ORIENTED_EDGE('',*,*,#4284,.T.);
#2336=ORIENTED_EDGE('',*,*,#4285,.T.);
#2337=ORIENTED_EDGE('',*,*,#4284,.F.);
#2338=ORIENTED_EDGE('',*,*,#4281,.F.);
#2339=ORIENTED_EDGE('',*,*,#4286,.T.);
#2340=ORIENTED_EDGE('',*,*,#4287,.T.);
#2341=ORIENTED_EDGE('',*,*,#4286,.F.);
#2342=ORIENTED_EDGE('',*,*,#4280,.F.);
#2343=ORIENTED_EDGE('',*,*,#4288,.T.);
#2344=ORIENTED_EDGE('',*,*,#4279,.F.);
#2345=ORIENTED_EDGE('',*,*,#4289,.T.);
#2346=ORIENTED_EDGE('',*,*,#4278,.F.);
#2347=ORIENTED_EDGE('',*,*,#4290,.T.);
#2348=ORIENTED_EDGE('',*,*,#4277,.F.);
#2349=ORIENTED_EDGE('',*,*,#4291,.T.);
#2350=ORIENTED_EDGE('',*,*,#4276,.F.);
#2351=ORIENTED_EDGE('',*,*,#4292,.T.);
#2352=ORIENTED_EDGE('',*,*,#4275,.F.);
#2353=ORIENTED_EDGE('',*,*,#4293,.T.);
#2354=ORIENTED_EDGE('',*,*,#4274,.F.);
#2355=ORIENTED_EDGE('',*,*,#4294,.T.);
#2356=ORIENTED_EDGE('',*,*,#4273,.F.);
#2357=ORIENTED_EDGE('',*,*,#4295,.T.);
#2358=ORIENTED_EDGE('',*,*,#4272,.F.);
#2359=ORIENTED_EDGE('',*,*,#4296,.T.);
#2360=ORIENTED_EDGE('',*,*,#4271,.F.);
#2361=ORIENTED_EDGE('',*,*,#4297,.T.);
#2362=ORIENTED_EDGE('',*,*,#4270,.F.);
#2363=ORIENTED_EDGE('',*,*,#4298,.T.);
#2364=ORIENTED_EDGE('',*,*,#4299,.T.);
#2365=ORIENTED_EDGE('',*,*,#4298,.F.);
#2366=ORIENTED_EDGE('',*,*,#4269,.F.);
#2367=ORIENTED_EDGE('',*,*,#4300,.T.);
#2368=ORIENTED_EDGE('',*,*,#4268,.F.);
#2369=ORIENTED_EDGE('',*,*,#4301,.T.);
#2370=ORIENTED_EDGE('',*,*,#4267,.F.);
#2371=ORIENTED_EDGE('',*,*,#4302,.T.);
#2372=ORIENTED_EDGE('',*,*,#4266,.F.);
#2373=ORIENTED_EDGE('',*,*,#4303,.T.);
#2374=ORIENTED_EDGE('',*,*,#4265,.F.);
#2375=ORIENTED_EDGE('',*,*,#4304,.T.);
#2376=ORIENTED_EDGE('',*,*,#4305,.T.);
#2377=ORIENTED_EDGE('',*,*,#4304,.F.);
#2378=ORIENTED_EDGE('',*,*,#4264,.F.);
#2379=ORIENTED_EDGE('',*,*,#4306,.T.);
#2380=ORIENTED_EDGE('',*,*,#4307,.T.);
#2381=ORIENTED_EDGE('',*,*,#4306,.F.);
#2382=ORIENTED_EDGE('',*,*,#4263,.F.);
#2383=ORIENTED_EDGE('',*,*,#4308,.T.);
#2384=ORIENTED_EDGE('',*,*,#4262,.F.);
#2385=ORIENTED_EDGE('',*,*,#4309,.T.);
#2386=ORIENTED_EDGE('',*,*,#4310,.T.);
#2387=ORIENTED_EDGE('',*,*,#4311,.T.);
#2388=ORIENTED_EDGE('',*,*,#4312,.T.);
#2389=ORIENTED_EDGE('',*,*,#4313,.T.);
#2390=ORIENTED_EDGE('',*,*,#4314,.T.);
#2391=ORIENTED_EDGE('',*,*,#4315,.T.);
#2392=ORIENTED_EDGE('',*,*,#4316,.T.);
#2393=ORIENTED_EDGE('',*,*,#4316,.F.);
#2394=ORIENTED_EDGE('',*,*,#4317,.F.);
#2395=ORIENTED_EDGE('',*,*,#4318,.T.);
#2396=ORIENTED_EDGE('',*,*,#4319,.T.);
#2397=ORIENTED_EDGE('',*,*,#4315,.F.);
#2398=ORIENTED_EDGE('',*,*,#4320,.F.);
#2399=ORIENTED_EDGE('',*,*,#4321,.T.);
#2400=ORIENTED_EDGE('',*,*,#4317,.T.);
#2401=ORIENTED_EDGE('',*,*,#4314,.F.);
#2402=ORIENTED_EDGE('',*,*,#4322,.F.);
#2403=ORIENTED_EDGE('',*,*,#4323,.T.);
#2404=ORIENTED_EDGE('',*,*,#4320,.T.);
#2405=ORIENTED_EDGE('',*,*,#4313,.F.);
#2406=ORIENTED_EDGE('',*,*,#4324,.F.);
#2407=ORIENTED_EDGE('',*,*,#4325,.T.);
#2408=ORIENTED_EDGE('',*,*,#4322,.T.);
#2409=ORIENTED_EDGE('',*,*,#4312,.F.);
#2410=ORIENTED_EDGE('',*,*,#4326,.F.);
#2411=ORIENTED_EDGE('',*,*,#4327,.T.);
#2412=ORIENTED_EDGE('',*,*,#4324,.T.);
#2413=ORIENTED_EDGE('',*,*,#4311,.F.);
#2414=ORIENTED_EDGE('',*,*,#4328,.F.);
#2415=ORIENTED_EDGE('',*,*,#4329,.T.);
#2416=ORIENTED_EDGE('',*,*,#4326,.T.);
#2417=ORIENTED_EDGE('',*,*,#4310,.F.);
#2418=ORIENTED_EDGE('',*,*,#4330,.F.);
#2419=ORIENTED_EDGE('',*,*,#4331,.T.);
#2420=ORIENTED_EDGE('',*,*,#4328,.T.);
#2421=ORIENTED_EDGE('',*,*,#4309,.F.);
#2422=ORIENTED_EDGE('',*,*,#4319,.F.);
#2423=ORIENTED_EDGE('',*,*,#4332,.T.);
#2424=ORIENTED_EDGE('',*,*,#4330,.T.);
#2425=ORIENTED_EDGE('',*,*,#4333,.T.);
#2426=ORIENTED_EDGE('',*,*,#4334,.F.);
#2427=ORIENTED_EDGE('',*,*,#4335,.F.);
#2428=ORIENTED_EDGE('',*,*,#4336,.T.);
#2429=ORIENTED_EDGE('',*,*,#4337,.T.);
#2430=ORIENTED_EDGE('',*,*,#4336,.F.);
#2431=ORIENTED_EDGE('',*,*,#4338,.F.);
#2432=ORIENTED_EDGE('',*,*,#4339,.T.);
#2433=ORIENTED_EDGE('',*,*,#4340,.T.);
#2434=ORIENTED_EDGE('',*,*,#4339,.F.);
#2435=ORIENTED_EDGE('',*,*,#4341,.F.);
#2436=ORIENTED_EDGE('',*,*,#4342,.T.);
#2437=ORIENTED_EDGE('',*,*,#4343,.T.);
#2438=ORIENTED_EDGE('',*,*,#4342,.F.);
#2439=ORIENTED_EDGE('',*,*,#4344,.F.);
#2440=ORIENTED_EDGE('',*,*,#4345,.T.);
#2441=ORIENTED_EDGE('',*,*,#4346,.T.);
#2442=ORIENTED_EDGE('',*,*,#4345,.F.);
#2443=ORIENTED_EDGE('',*,*,#4347,.F.);
#2444=ORIENTED_EDGE('',*,*,#4348,.T.);
#2445=ORIENTED_EDGE('',*,*,#4349,.T.);
#2446=ORIENTED_EDGE('',*,*,#4348,.F.);
#2447=ORIENTED_EDGE('',*,*,#4350,.F.);
#2448=ORIENTED_EDGE('',*,*,#4351,.T.);
#2449=ORIENTED_EDGE('',*,*,#4352,.T.);
#2450=ORIENTED_EDGE('',*,*,#4351,.F.);
#2451=ORIENTED_EDGE('',*,*,#4353,.F.);
#2452=ORIENTED_EDGE('',*,*,#4354,.T.);
#2453=ORIENTED_EDGE('',*,*,#4355,.T.);
#2454=ORIENTED_EDGE('',*,*,#4354,.F.);
#2455=ORIENTED_EDGE('',*,*,#4356,.F.);
#2456=ORIENTED_EDGE('',*,*,#4357,.T.);
#2457=ORIENTED_EDGE('',*,*,#4358,.T.);
#2458=ORIENTED_EDGE('',*,*,#4357,.F.);
#2459=ORIENTED_EDGE('',*,*,#4359,.F.);
#2460=ORIENTED_EDGE('',*,*,#4360,.T.);
#2461=ORIENTED_EDGE('',*,*,#4361,.T.);
#2462=ORIENTED_EDGE('',*,*,#4360,.F.);
#2463=ORIENTED_EDGE('',*,*,#4362,.F.);
#2464=ORIENTED_EDGE('',*,*,#4363,.T.);
#2465=ORIENTED_EDGE('',*,*,#4364,.T.);
#2466=ORIENTED_EDGE('',*,*,#4363,.F.);
#2467=ORIENTED_EDGE('',*,*,#4365,.F.);
#2468=ORIENTED_EDGE('',*,*,#4366,.T.);
#2469=ORIENTED_EDGE('',*,*,#4367,.F.);
#2470=ORIENTED_EDGE('',*,*,#4368,.T.);
#2471=ORIENTED_EDGE('',*,*,#4369,.F.);
#2472=ORIENTED_EDGE('',*,*,#4370,.T.);
#2473=ORIENTED_EDGE('',*,*,#4371,.T.);
#2474=ORIENTED_EDGE('',*,*,#4370,.F.);
#2475=ORIENTED_EDGE('',*,*,#4372,.F.);
#2476=ORIENTED_EDGE('',*,*,#4334,.T.);
#2477=ORIENTED_EDGE('',*,*,#4331,.F.);
#2478=ORIENTED_EDGE('',*,*,#4332,.F.);
#2479=ORIENTED_EDGE('',*,*,#4318,.F.);
#2480=ORIENTED_EDGE('',*,*,#4321,.F.);
#2481=ORIENTED_EDGE('',*,*,#4323,.F.);
#2482=ORIENTED_EDGE('',*,*,#4325,.F.);
#2483=ORIENTED_EDGE('',*,*,#4327,.F.);
#2484=ORIENTED_EDGE('',*,*,#4329,.F.);
#2485=ORIENTED_EDGE('',*,*,#4372,.T.);
#2486=ORIENTED_EDGE('',*,*,#4369,.T.);
#2487=ORIENTED_EDGE('',*,*,#4367,.T.);
#2488=ORIENTED_EDGE('',*,*,#4365,.T.);
#2489=ORIENTED_EDGE('',*,*,#4362,.T.);
#2490=ORIENTED_EDGE('',*,*,#4359,.T.);
#2491=ORIENTED_EDGE('',*,*,#4356,.T.);
#2492=ORIENTED_EDGE('',*,*,#4353,.T.);
#2493=ORIENTED_EDGE('',*,*,#4350,.T.);
#2494=ORIENTED_EDGE('',*,*,#4347,.T.);
#2495=ORIENTED_EDGE('',*,*,#4344,.T.);
#2496=ORIENTED_EDGE('',*,*,#4341,.T.);
#2497=ORIENTED_EDGE('',*,*,#4338,.T.);
#2498=ORIENTED_EDGE('',*,*,#4335,.T.);
#2499=ORIENTED_EDGE('',*,*,#4373,.T.);
#2500=ORIENTED_EDGE('',*,*,#4374,.T.);
#2501=ORIENTED_EDGE('',*,*,#4375,.T.);
#2502=ORIENTED_EDGE('',*,*,#4376,.T.);
#2503=ORIENTED_EDGE('',*,*,#4377,.T.);
#2504=ORIENTED_EDGE('',*,*,#4378,.T.);
#2505=ORIENTED_EDGE('',*,*,#4379,.T.);
#2506=ORIENTED_EDGE('',*,*,#4380,.T.);
#2507=ORIENTED_EDGE('',*,*,#4381,.T.);
#2508=ORIENTED_EDGE('',*,*,#4382,.T.);
#2509=ORIENTED_EDGE('',*,*,#4383,.T.);
#2510=ORIENTED_EDGE('',*,*,#4384,.T.);
#2511=ORIENTED_EDGE('',*,*,#4385,.T.);
#2512=ORIENTED_EDGE('',*,*,#4386,.F.);
#2513=ORIENTED_EDGE('',*,*,#4384,.F.);
#2514=ORIENTED_EDGE('',*,*,#4387,.T.);
#2515=ORIENTED_EDGE('',*,*,#4388,.T.);
#2516=ORIENTED_EDGE('',*,*,#4387,.F.);
#2517=ORIENTED_EDGE('',*,*,#4383,.F.);
#2518=ORIENTED_EDGE('',*,*,#4389,.T.);
#2519=ORIENTED_EDGE('',*,*,#4390,.T.);
#2520=ORIENTED_EDGE('',*,*,#4389,.F.);
#2521=ORIENTED_EDGE('',*,*,#4382,.F.);
#2522=ORIENTED_EDGE('',*,*,#4391,.T.);
#2523=ORIENTED_EDGE('',*,*,#4392,.T.);
#2524=ORIENTED_EDGE('',*,*,#4391,.F.);
#2525=ORIENTED_EDGE('',*,*,#4381,.F.);
#2526=ORIENTED_EDGE('',*,*,#4393,.T.);
#2527=ORIENTED_EDGE('',*,*,#4394,.T.);
#2528=ORIENTED_EDGE('',*,*,#4393,.F.);
#2529=ORIENTED_EDGE('',*,*,#4380,.F.);
#2530=ORIENTED_EDGE('',*,*,#4395,.T.);
#2531=ORIENTED_EDGE('',*,*,#4396,.T.);
#2532=ORIENTED_EDGE('',*,*,#4395,.F.);
#2533=ORIENTED_EDGE('',*,*,#4379,.F.);
#2534=ORIENTED_EDGE('',*,*,#4397,.T.);
#2535=ORIENTED_EDGE('',*,*,#4398,.T.);
#2536=ORIENTED_EDGE('',*,*,#4397,.F.);
#2537=ORIENTED_EDGE('',*,*,#4378,.F.);
#2538=ORIENTED_EDGE('',*,*,#4399,.T.);
#2539=ORIENTED_EDGE('',*,*,#4400,.T.);
#2540=ORIENTED_EDGE('',*,*,#4399,.F.);
#2541=ORIENTED_EDGE('',*,*,#4377,.F.);
#2542=ORIENTED_EDGE('',*,*,#4401,.T.);
#2543=ORIENTED_EDGE('',*,*,#4402,.T.);
#2544=ORIENTED_EDGE('',*,*,#4401,.F.);
#2545=ORIENTED_EDGE('',*,*,#4376,.F.);
#2546=ORIENTED_EDGE('',*,*,#4403,.T.);
#2547=ORIENTED_EDGE('',*,*,#4404,.T.);
#2548=ORIENTED_EDGE('',*,*,#4403,.F.);
#2549=ORIENTED_EDGE('',*,*,#4375,.F.);
#2550=ORIENTED_EDGE('',*,*,#4405,.T.);
#2551=ORIENTED_EDGE('',*,*,#4406,.T.);
#2552=ORIENTED_EDGE('',*,*,#4405,.F.);
#2553=ORIENTED_EDGE('',*,*,#4374,.F.);
#2554=ORIENTED_EDGE('',*,*,#4407,.T.);
#2555=ORIENTED_EDGE('',*,*,#4408,.T.);
#2556=ORIENTED_EDGE('',*,*,#4407,.F.);
#2557=ORIENTED_EDGE('',*,*,#4373,.F.);
#2558=ORIENTED_EDGE('',*,*,#4386,.T.);
#2559=ORIENTED_EDGE('',*,*,#4409,.T.);
#2560=ORIENTED_EDGE('',*,*,#4410,.T.);
#2561=ORIENTED_EDGE('',*,*,#4411,.T.);
#2562=ORIENTED_EDGE('',*,*,#4412,.T.);
#2563=ORIENTED_EDGE('',*,*,#4413,.T.);
#2564=ORIENTED_EDGE('',*,*,#4414,.T.);
#2565=ORIENTED_EDGE('',*,*,#4414,.F.);
#2566=ORIENTED_EDGE('',*,*,#4415,.F.);
#2567=ORIENTED_EDGE('',*,*,#4416,.T.);
#2568=ORIENTED_EDGE('',*,*,#4417,.T.);
#2569=ORIENTED_EDGE('',*,*,#4413,.F.);
#2570=ORIENTED_EDGE('',*,*,#4418,.F.);
#2571=ORIENTED_EDGE('',*,*,#4419,.T.);
#2572=ORIENTED_EDGE('',*,*,#4415,.T.);
#2573=ORIENTED_EDGE('',*,*,#4412,.F.);
#2574=ORIENTED_EDGE('',*,*,#4420,.F.);
#2575=ORIENTED_EDGE('',*,*,#4421,.T.);
#2576=ORIENTED_EDGE('',*,*,#4418,.T.);
#2577=ORIENTED_EDGE('',*,*,#4411,.F.);
#2578=ORIENTED_EDGE('',*,*,#4422,.F.);
#2579=ORIENTED_EDGE('',*,*,#4423,.T.);
#2580=ORIENTED_EDGE('',*,*,#4420,.T.);
#2581=ORIENTED_EDGE('',*,*,#4410,.F.);
#2582=ORIENTED_EDGE('',*,*,#4424,.F.);
#2583=ORIENTED_EDGE('',*,*,#4425,.T.);
#2584=ORIENTED_EDGE('',*,*,#4422,.T.);
#2585=ORIENTED_EDGE('',*,*,#4409,.F.);
#2586=ORIENTED_EDGE('',*,*,#4417,.F.);
#2587=ORIENTED_EDGE('',*,*,#4426,.T.);
#2588=ORIENTED_EDGE('',*,*,#4424,.T.);
#2589=ORIENTED_EDGE('',*,*,#4427,.T.);
#2590=ORIENTED_EDGE('',*,*,#4428,.F.);
#2591=ORIENTED_EDGE('',*,*,#4429,.F.);
#2592=ORIENTED_EDGE('',*,*,#4430,.T.);
#2593=ORIENTED_EDGE('',*,*,#4431,.T.);
#2594=ORIENTED_EDGE('',*,*,#4430,.F.);
#2595=ORIENTED_EDGE('',*,*,#4432,.F.);
#2596=ORIENTED_EDGE('',*,*,#4433,.T.);
#2597=ORIENTED_EDGE('',*,*,#4434,.T.);
#2598=ORIENTED_EDGE('',*,*,#4433,.F.);
#2599=ORIENTED_EDGE('',*,*,#4435,.F.);
#2600=ORIENTED_EDGE('',*,*,#4436,.T.);
#2601=ORIENTED_EDGE('',*,*,#4437,.T.);
#2602=ORIENTED_EDGE('',*,*,#4436,.F.);
#2603=ORIENTED_EDGE('',*,*,#4438,.F.);
#2604=ORIENTED_EDGE('',*,*,#4439,.T.);
#2605=ORIENTED_EDGE('',*,*,#4440,.T.);
#2606=ORIENTED_EDGE('',*,*,#4439,.F.);
#2607=ORIENTED_EDGE('',*,*,#4441,.F.);
#2608=ORIENTED_EDGE('',*,*,#4442,.T.);
#2609=ORIENTED_EDGE('',*,*,#4443,.T.);
#2610=ORIENTED_EDGE('',*,*,#4442,.F.);
#2611=ORIENTED_EDGE('',*,*,#4444,.F.);
#2612=ORIENTED_EDGE('',*,*,#4445,.T.);
#2613=ORIENTED_EDGE('',*,*,#4446,.T.);
#2614=ORIENTED_EDGE('',*,*,#4445,.F.);
#2615=ORIENTED_EDGE('',*,*,#4447,.F.);
#2616=ORIENTED_EDGE('',*,*,#4448,.T.);
#2617=ORIENTED_EDGE('',*,*,#4449,.T.);
#2618=ORIENTED_EDGE('',*,*,#4448,.F.);
#2619=ORIENTED_EDGE('',*,*,#4450,.F.);
#2620=ORIENTED_EDGE('',*,*,#4428,.T.);
#2621=ORIENTED_EDGE('',*,*,#4426,.F.);
#2622=ORIENTED_EDGE('',*,*,#4416,.F.);
#2623=ORIENTED_EDGE('',*,*,#4419,.F.);
#2624=ORIENTED_EDGE('',*,*,#4421,.F.);
#2625=ORIENTED_EDGE('',*,*,#4423,.F.);
#2626=ORIENTED_EDGE('',*,*,#4425,.F.);
#2627=ORIENTED_EDGE('',*,*,#4450,.T.);
#2628=ORIENTED_EDGE('',*,*,#4447,.T.);
#2629=ORIENTED_EDGE('',*,*,#4444,.T.);
#2630=ORIENTED_EDGE('',*,*,#4441,.T.);
#2631=ORIENTED_EDGE('',*,*,#4438,.T.);
#2632=ORIENTED_EDGE('',*,*,#4435,.T.);
#2633=ORIENTED_EDGE('',*,*,#4432,.T.);
#2634=ORIENTED_EDGE('',*,*,#4429,.T.);
#2635=ORIENTED_EDGE('',*,*,#4451,.T.);
#2636=ORIENTED_EDGE('',*,*,#4452,.T.);
#2637=ORIENTED_EDGE('',*,*,#4453,.T.);
#2638=ORIENTED_EDGE('',*,*,#4454,.T.);
#2639=ORIENTED_EDGE('',*,*,#4455,.T.);
#2640=ORIENTED_EDGE('',*,*,#4456,.T.);
#2641=ORIENTED_EDGE('',*,*,#4457,.T.);
#2642=ORIENTED_EDGE('',*,*,#4457,.F.);
#2643=ORIENTED_EDGE('',*,*,#4458,.F.);
#2644=ORIENTED_EDGE('',*,*,#4459,.T.);
#2645=ORIENTED_EDGE('',*,*,#4460,.T.);
#2646=ORIENTED_EDGE('',*,*,#4456,.F.);
#2647=ORIENTED_EDGE('',*,*,#4461,.F.);
#2648=ORIENTED_EDGE('',*,*,#4462,.T.);
#2649=ORIENTED_EDGE('',*,*,#4458,.T.);
#2650=ORIENTED_EDGE('',*,*,#4455,.F.);
#2651=ORIENTED_EDGE('',*,*,#4463,.F.);
#2652=ORIENTED_EDGE('',*,*,#4464,.T.);
#2653=ORIENTED_EDGE('',*,*,#4461,.T.);
#2654=ORIENTED_EDGE('',*,*,#4454,.F.);
#2655=ORIENTED_EDGE('',*,*,#4465,.F.);
#2656=ORIENTED_EDGE('',*,*,#4466,.T.);
#2657=ORIENTED_EDGE('',*,*,#4463,.T.);
#2658=ORIENTED_EDGE('',*,*,#4453,.F.);
#2659=ORIENTED_EDGE('',*,*,#4467,.F.);
#2660=ORIENTED_EDGE('',*,*,#4468,.T.);
#2661=ORIENTED_EDGE('',*,*,#4465,.T.);
#2662=ORIENTED_EDGE('',*,*,#4452,.F.);
#2663=ORIENTED_EDGE('',*,*,#4469,.F.);
#2664=ORIENTED_EDGE('',*,*,#4470,.T.);
#2665=ORIENTED_EDGE('',*,*,#4467,.T.);
#2666=ORIENTED_EDGE('',*,*,#4451,.F.);
#2667=ORIENTED_EDGE('',*,*,#4460,.F.);
#2668=ORIENTED_EDGE('',*,*,#4471,.T.);
#2669=ORIENTED_EDGE('',*,*,#4469,.T.);
#2670=ORIENTED_EDGE('',*,*,#4472,.T.);
#2671=ORIENTED_EDGE('',*,*,#4473,.F.);
#2672=ORIENTED_EDGE('',*,*,#4474,.F.);
#2673=ORIENTED_EDGE('',*,*,#4475,.T.);
#2674=ORIENTED_EDGE('',*,*,#4476,.T.);
#2675=ORIENTED_EDGE('',*,*,#4475,.F.);
#2676=ORIENTED_EDGE('',*,*,#4477,.F.);
#2677=ORIENTED_EDGE('',*,*,#4478,.T.);
#2678=ORIENTED_EDGE('',*,*,#4479,.T.);
#2679=ORIENTED_EDGE('',*,*,#4478,.F.);
#2680=ORIENTED_EDGE('',*,*,#4480,.F.);
#2681=ORIENTED_EDGE('',*,*,#4481,.T.);
#2682=ORIENTED_EDGE('',*,*,#4482,.T.);
#2683=ORIENTED_EDGE('',*,*,#4481,.F.);
#2684=ORIENTED_EDGE('',*,*,#4483,.F.);
#2685=ORIENTED_EDGE('',*,*,#4484,.T.);
#2686=ORIENTED_EDGE('',*,*,#4485,.T.);
#2687=ORIENTED_EDGE('',*,*,#4484,.F.);
#2688=ORIENTED_EDGE('',*,*,#4486,.F.);
#2689=ORIENTED_EDGE('',*,*,#4487,.T.);
#2690=ORIENTED_EDGE('',*,*,#4488,.T.);
#2691=ORIENTED_EDGE('',*,*,#4487,.F.);
#2692=ORIENTED_EDGE('',*,*,#4489,.F.);
#2693=ORIENTED_EDGE('',*,*,#4490,.T.);
#2694=ORIENTED_EDGE('',*,*,#4491,.T.);
#2695=ORIENTED_EDGE('',*,*,#4490,.F.);
#2696=ORIENTED_EDGE('',*,*,#4492,.F.);
#2697=ORIENTED_EDGE('',*,*,#4473,.T.);
#2698=ORIENTED_EDGE('',*,*,#4470,.F.);
#2699=ORIENTED_EDGE('',*,*,#4471,.F.);
#2700=ORIENTED_EDGE('',*,*,#4459,.F.);
#2701=ORIENTED_EDGE('',*,*,#4462,.F.);
#2702=ORIENTED_EDGE('',*,*,#4464,.F.);
#2703=ORIENTED_EDGE('',*,*,#4466,.F.);
#2704=ORIENTED_EDGE('',*,*,#4468,.F.);
#2705=ORIENTED_EDGE('',*,*,#4492,.T.);
#2706=ORIENTED_EDGE('',*,*,#4489,.T.);
#2707=ORIENTED_EDGE('',*,*,#4486,.T.);
#2708=ORIENTED_EDGE('',*,*,#4483,.T.);
#2709=ORIENTED_EDGE('',*,*,#4480,.T.);
#2710=ORIENTED_EDGE('',*,*,#4477,.T.);
#2711=ORIENTED_EDGE('',*,*,#4474,.T.);
#2712=ORIENTED_EDGE('',*,*,#4493,.T.);
#2713=ORIENTED_EDGE('',*,*,#4494,.T.);
#2714=ORIENTED_EDGE('',*,*,#4495,.T.);
#2715=ORIENTED_EDGE('',*,*,#4496,.T.);
#2716=ORIENTED_EDGE('',*,*,#4497,.T.);
#2717=ORIENTED_EDGE('',*,*,#4498,.T.);
#2718=ORIENTED_EDGE('',*,*,#4499,.T.);
#2719=ORIENTED_EDGE('',*,*,#4500,.T.);
#2720=ORIENTED_EDGE('',*,*,#4501,.T.);
#2721=ORIENTED_EDGE('',*,*,#4502,.T.);
#2722=ORIENTED_EDGE('',*,*,#4503,.T.);
#2723=ORIENTED_EDGE('',*,*,#4504,.T.);
#2724=ORIENTED_EDGE('',*,*,#4505,.T.);
#2725=ORIENTED_EDGE('',*,*,#4506,.F.);
#2726=ORIENTED_EDGE('',*,*,#4504,.F.);
#2727=ORIENTED_EDGE('',*,*,#4507,.T.);
#2728=ORIENTED_EDGE('',*,*,#4508,.T.);
#2729=ORIENTED_EDGE('',*,*,#4507,.F.);
#2730=ORIENTED_EDGE('',*,*,#4503,.F.);
#2731=ORIENTED_EDGE('',*,*,#4509,.T.);
#2732=ORIENTED_EDGE('',*,*,#4510,.T.);
#2733=ORIENTED_EDGE('',*,*,#4509,.F.);
#2734=ORIENTED_EDGE('',*,*,#4502,.F.);
#2735=ORIENTED_EDGE('',*,*,#4511,.T.);
#2736=ORIENTED_EDGE('',*,*,#4512,.T.);
#2737=ORIENTED_EDGE('',*,*,#4511,.F.);
#2738=ORIENTED_EDGE('',*,*,#4501,.F.);
#2739=ORIENTED_EDGE('',*,*,#4513,.T.);
#2740=ORIENTED_EDGE('',*,*,#4514,.T.);
#2741=ORIENTED_EDGE('',*,*,#4513,.F.);
#2742=ORIENTED_EDGE('',*,*,#4500,.F.);
#2743=ORIENTED_EDGE('',*,*,#4515,.T.);
#2744=ORIENTED_EDGE('',*,*,#4516,.T.);
#2745=ORIENTED_EDGE('',*,*,#4515,.F.);
#2746=ORIENTED_EDGE('',*,*,#4499,.F.);
#2747=ORIENTED_EDGE('',*,*,#4517,.T.);
#2748=ORIENTED_EDGE('',*,*,#4518,.T.);
#2749=ORIENTED_EDGE('',*,*,#4517,.F.);
#2750=ORIENTED_EDGE('',*,*,#4498,.F.);
#2751=ORIENTED_EDGE('',*,*,#4519,.T.);
#2752=ORIENTED_EDGE('',*,*,#4520,.T.);
#2753=ORIENTED_EDGE('',*,*,#4519,.F.);
#2754=ORIENTED_EDGE('',*,*,#4497,.F.);
#2755=ORIENTED_EDGE('',*,*,#4521,.T.);
#2756=ORIENTED_EDGE('',*,*,#4522,.T.);
#2757=ORIENTED_EDGE('',*,*,#4521,.F.);
#2758=ORIENTED_EDGE('',*,*,#4496,.F.);
#2759=ORIENTED_EDGE('',*,*,#4523,.T.);
#2760=ORIENTED_EDGE('',*,*,#4524,.T.);
#2761=ORIENTED_EDGE('',*,*,#4523,.F.);
#2762=ORIENTED_EDGE('',*,*,#4495,.F.);
#2763=ORIENTED_EDGE('',*,*,#4525,.T.);
#2764=ORIENTED_EDGE('',*,*,#4526,.T.);
#2765=ORIENTED_EDGE('',*,*,#4525,.F.);
#2766=ORIENTED_EDGE('',*,*,#4494,.F.);
#2767=ORIENTED_EDGE('',*,*,#4527,.T.);
#2768=ORIENTED_EDGE('',*,*,#4528,.T.);
#2769=ORIENTED_EDGE('',*,*,#4527,.F.);
#2770=ORIENTED_EDGE('',*,*,#4493,.F.);
#2771=ORIENTED_EDGE('',*,*,#4506,.T.);
#2772=ORIENTED_EDGE('',*,*,#4529,.T.);
#2773=ORIENTED_EDGE('',*,*,#4530,.T.);
#2774=ORIENTED_EDGE('',*,*,#4531,.T.);
#2775=ORIENTED_EDGE('',*,*,#4532,.T.);
#2776=ORIENTED_EDGE('',*,*,#4533,.T.);
#2777=ORIENTED_EDGE('',*,*,#4534,.T.);
#2778=ORIENTED_EDGE('',*,*,#4535,.T.);
#2779=ORIENTED_EDGE('',*,*,#4536,.T.);
#2780=ORIENTED_EDGE('',*,*,#4537,.T.);
#2781=ORIENTED_EDGE('',*,*,#4538,.T.);
#2782=ORIENTED_EDGE('',*,*,#4539,.T.);
#2783=ORIENTED_EDGE('',*,*,#4540,.T.);
#2784=ORIENTED_EDGE('',*,*,#4541,.T.);
#2785=ORIENTED_EDGE('',*,*,#4542,.T.);
#2786=ORIENTED_EDGE('',*,*,#4543,.T.);
#2787=ORIENTED_EDGE('',*,*,#4544,.F.);
#2788=ORIENTED_EDGE('',*,*,#4542,.F.);
#2789=ORIENTED_EDGE('',*,*,#4545,.T.);
#2790=ORIENTED_EDGE('',*,*,#4546,.T.);
#2791=ORIENTED_EDGE('',*,*,#4545,.F.);
#2792=ORIENTED_EDGE('',*,*,#4541,.F.);
#2793=ORIENTED_EDGE('',*,*,#4547,.T.);
#2794=ORIENTED_EDGE('',*,*,#4540,.F.);
#2795=ORIENTED_EDGE('',*,*,#4548,.T.);
#2796=ORIENTED_EDGE('',*,*,#4539,.F.);
#2797=ORIENTED_EDGE('',*,*,#4549,.T.);
#2798=ORIENTED_EDGE('',*,*,#4550,.T.);
#2799=ORIENTED_EDGE('',*,*,#4549,.F.);
#2800=ORIENTED_EDGE('',*,*,#4538,.F.);
#2801=ORIENTED_EDGE('',*,*,#4551,.T.);
#2802=ORIENTED_EDGE('',*,*,#4552,.T.);
#2803=ORIENTED_EDGE('',*,*,#4551,.F.);
#2804=ORIENTED_EDGE('',*,*,#4537,.F.);
#2805=ORIENTED_EDGE('',*,*,#4553,.T.);
#2806=ORIENTED_EDGE('',*,*,#4536,.F.);
#2807=ORIENTED_EDGE('',*,*,#4554,.T.);
#2808=ORIENTED_EDGE('',*,*,#4535,.F.);
#2809=ORIENTED_EDGE('',*,*,#4555,.T.);
#2810=ORIENTED_EDGE('',*,*,#4556,.T.);
#2811=ORIENTED_EDGE('',*,*,#4555,.F.);
#2812=ORIENTED_EDGE('',*,*,#4534,.F.);
#2813=ORIENTED_EDGE('',*,*,#4557,.T.);
#2814=ORIENTED_EDGE('',*,*,#4533,.F.);
#2815=ORIENTED_EDGE('',*,*,#4558,.T.);
#2816=ORIENTED_EDGE('',*,*,#4532,.F.);
#2817=ORIENTED_EDGE('',*,*,#4559,.T.);
#2818=ORIENTED_EDGE('',*,*,#4560,.T.);
#2819=ORIENTED_EDGE('',*,*,#4559,.F.);
#2820=ORIENTED_EDGE('',*,*,#4531,.F.);
#2821=ORIENTED_EDGE('',*,*,#4561,.T.);
#2822=ORIENTED_EDGE('',*,*,#4562,.T.);
#2823=ORIENTED_EDGE('',*,*,#4561,.F.);
#2824=ORIENTED_EDGE('',*,*,#4530,.F.);
#2825=ORIENTED_EDGE('',*,*,#4563,.T.);
#2826=ORIENTED_EDGE('',*,*,#4564,.T.);
#2827=ORIENTED_EDGE('',*,*,#4563,.F.);
#2828=ORIENTED_EDGE('',*,*,#4529,.F.);
#2829=ORIENTED_EDGE('',*,*,#4544,.T.);
#2830=ORIENTED_EDGE('',*,*,#4565,.T.);
#2831=ORIENTED_EDGE('',*,*,#4566,.T.);
#2832=ORIENTED_EDGE('',*,*,#4567,.T.);
#2833=ORIENTED_EDGE('',*,*,#4568,.T.);
#2834=ORIENTED_EDGE('',*,*,#4569,.T.);
#2835=ORIENTED_EDGE('',*,*,#4570,.T.);
#2836=ORIENTED_EDGE('',*,*,#4571,.T.);
#2837=ORIENTED_EDGE('',*,*,#4572,.F.);
#2838=ORIENTED_EDGE('',*,*,#4570,.F.);
#2839=ORIENTED_EDGE('',*,*,#4573,.T.);
#2840=ORIENTED_EDGE('',*,*,#4574,.T.);
#2841=ORIENTED_EDGE('',*,*,#4573,.F.);
#2842=ORIENTED_EDGE('',*,*,#4569,.F.);
#2843=ORIENTED_EDGE('',*,*,#4575,.T.);
#2844=ORIENTED_EDGE('',*,*,#4576,.T.);
#2845=ORIENTED_EDGE('',*,*,#4575,.F.);
#2846=ORIENTED_EDGE('',*,*,#4568,.F.);
#2847=ORIENTED_EDGE('',*,*,#4577,.T.);
#2848=ORIENTED_EDGE('',*,*,#4578,.T.);
#2849=ORIENTED_EDGE('',*,*,#4577,.F.);
#2850=ORIENTED_EDGE('',*,*,#4567,.F.);
#2851=ORIENTED_EDGE('',*,*,#4579,.T.);
#2852=ORIENTED_EDGE('',*,*,#4580,.T.);
#2853=ORIENTED_EDGE('',*,*,#4579,.F.);
#2854=ORIENTED_EDGE('',*,*,#4566,.F.);
#2855=ORIENTED_EDGE('',*,*,#4581,.T.);
#2856=ORIENTED_EDGE('',*,*,#4582,.T.);
#2857=ORIENTED_EDGE('',*,*,#4581,.F.);
#2858=ORIENTED_EDGE('',*,*,#4565,.F.);
#2859=ORIENTED_EDGE('',*,*,#4572,.T.);
#2860=ORIENTED_EDGE('',*,*,#4583,.T.);
#2861=ORIENTED_EDGE('',*,*,#4584,.F.);
#2862=ORIENTED_EDGE('',*,*,#4585,.T.);
#2863=ORIENTED_EDGE('',*,*,#4586,.F.);
#2864=ORIENTED_EDGE('',*,*,#4587,.F.);
#2865=ORIENTED_EDGE('',*,*,#4588,.T.);
#2866=ORIENTED_EDGE('',*,*,#4589,.T.);
#2867=ORIENTED_EDGE('',*,*,#4590,.F.);
#2868=ORIENTED_EDGE('',*,*,#4591,.T.);
#2869=ORIENTED_EDGE('',*,*,#4592,.F.);
#2870=ORIENTED_EDGE('',*,*,#4593,.F.);
#2871=ORIENTED_EDGE('',*,*,#4594,.T.);
#2872=ORIENTED_EDGE('',*,*,#4595,.T.);
#2873=ORIENTED_EDGE('',*,*,#4593,.T.);
#2874=ORIENTED_EDGE('',*,*,#4596,.T.);
#2875=ORIENTED_EDGE('',*,*,#4587,.T.);
#2876=ORIENTED_EDGE('',*,*,#4597,.F.);
#2877=ORIENTED_EDGE('',*,*,#4598,.F.);
#2878=ORIENTED_EDGE('',*,*,#4599,.F.);
#2879=ORIENTED_EDGE('',*,*,#4600,.T.);
#2880=ORIENTED_EDGE('',*,*,#4601,.T.);
#2881=ORIENTED_EDGE('',*,*,#4602,.F.);
#2882=ORIENTED_EDGE('',*,*,#4603,.T.);
#2883=ORIENTED_EDGE('',*,*,#4604,.F.);
#2884=ORIENTED_EDGE('',*,*,#4605,.F.);
#2885=ORIENTED_EDGE('',*,*,#4599,.T.);
#2886=ORIENTED_EDGE('',*,*,#4606,.T.);
#2887=ORIENTED_EDGE('',*,*,#4607,.T.);
#2888=ORIENTED_EDGE('',*,*,#4605,.T.);
#2889=ORIENTED_EDGE('',*,*,#4608,.T.);
#2890=ORIENTED_EDGE('',*,*,#4609,.F.);
#2891=ORIENTED_EDGE('',*,*,#4610,.F.);
#2892=ORIENTED_EDGE('',*,*,#4611,.F.);
#2893=ORIENTED_EDGE('',*,*,#4612,.T.);
#2894=ORIENTED_EDGE('',*,*,#4613,.T.);
#2895=ORIENTED_EDGE('',*,*,#4614,.F.);
#2896=ORIENTED_EDGE('',*,*,#4615,.T.);
#2897=ORIENTED_EDGE('',*,*,#4616,.F.);
#2898=ORIENTED_EDGE('',*,*,#4617,.F.);
#2899=ORIENTED_EDGE('',*,*,#4611,.T.);
#2900=ORIENTED_EDGE('',*,*,#4618,.T.);
#2901=ORIENTED_EDGE('',*,*,#4619,.T.);
#2902=ORIENTED_EDGE('',*,*,#4617,.T.);
#2903=ORIENTED_EDGE('',*,*,#4620,.T.);
#2904=ORIENTED_EDGE('',*,*,#4621,.F.);
#2905=ORIENTED_EDGE('',*,*,#4622,.F.);
#2906=ORIENTED_EDGE('',*,*,#4623,.F.);
#2907=ORIENTED_EDGE('',*,*,#4624,.T.);
#2908=ORIENTED_EDGE('',*,*,#4625,.T.);
#2909=ORIENTED_EDGE('',*,*,#4626,.F.);
#2910=ORIENTED_EDGE('',*,*,#4627,.T.);
#2911=ORIENTED_EDGE('',*,*,#4628,.F.);
#2912=ORIENTED_EDGE('',*,*,#4629,.F.);
#2913=ORIENTED_EDGE('',*,*,#4623,.T.);
#2914=ORIENTED_EDGE('',*,*,#4630,.T.);
#2915=ORIENTED_EDGE('',*,*,#4631,.T.);
#2916=ORIENTED_EDGE('',*,*,#4629,.T.);
#2917=ORIENTED_EDGE('',*,*,#4632,.T.);
#2918=ORIENTED_EDGE('',*,*,#4633,.F.);
#2919=ORIENTED_EDGE('',*,*,#4634,.T.);
#2920=ORIENTED_EDGE('',*,*,#4588,.F.);
#2921=ORIENTED_EDGE('',*,*,#4596,.F.);
#2922=ORIENTED_EDGE('',*,*,#4592,.T.);
#2923=ORIENTED_EDGE('',*,*,#4635,.T.);
#2924=ORIENTED_EDGE('',*,*,#4600,.F.);
#2925=ORIENTED_EDGE('',*,*,#4608,.F.);
#2926=ORIENTED_EDGE('',*,*,#4604,.T.);
#2927=ORIENTED_EDGE('',*,*,#4636,.T.);
#2928=ORIENTED_EDGE('',*,*,#4612,.F.);
#2929=ORIENTED_EDGE('',*,*,#4620,.F.);
#2930=ORIENTED_EDGE('',*,*,#4616,.T.);
#2931=ORIENTED_EDGE('',*,*,#4637,.T.);
#2932=ORIENTED_EDGE('',*,*,#4624,.F.);
#2933=ORIENTED_EDGE('',*,*,#4632,.F.);
#2934=ORIENTED_EDGE('',*,*,#4628,.T.);
#2935=ORIENTED_EDGE('',*,*,#4638,.T.);
#2936=ORIENTED_EDGE('',*,*,#4639,.T.);
#2937=ORIENTED_EDGE('',*,*,#4640,.T.);
#2938=ORIENTED_EDGE('',*,*,#4641,.T.);
#2939=ORIENTED_EDGE('',*,*,#4610,.T.);
#2940=ORIENTED_EDGE('',*,*,#4642,.F.);
#2941=ORIENTED_EDGE('',*,*,#4602,.T.);
#2942=ORIENTED_EDGE('',*,*,#4607,.F.);
#2943=ORIENTED_EDGE('',*,*,#4643,.F.);
#2944=ORIENTED_EDGE('',*,*,#4644,.F.);
#2945=ORIENTED_EDGE('',*,*,#4645,.T.);
#2946=ORIENTED_EDGE('',*,*,#4646,.F.);
#2947=ORIENTED_EDGE('',*,*,#4647,.T.);
#2948=ORIENTED_EDGE('',*,*,#4618,.F.);
#2949=ORIENTED_EDGE('',*,*,#4648,.T.);
#2950=ORIENTED_EDGE('',*,*,#4649,.T.);
#2951=ORIENTED_EDGE('',*,*,#4646,.T.);
#2952=ORIENTED_EDGE('',*,*,#4650,.T.);
#2953=ORIENTED_EDGE('',*,*,#4651,.F.);
#2954=ORIENTED_EDGE('',*,*,#4652,.F.);
#2955=ORIENTED_EDGE('',*,*,#4653,.T.);
#2956=ORIENTED_EDGE('',*,*,#4654,.F.);
#2957=ORIENTED_EDGE('',*,*,#4655,.F.);
#2958=ORIENTED_EDGE('',*,*,#4656,.T.);
#2959=ORIENTED_EDGE('',*,*,#4657,.T.);
#2960=ORIENTED_EDGE('',*,*,#4658,.T.);
#2961=ORIENTED_EDGE('',*,*,#4659,.T.);
#2962=ORIENTED_EDGE('',*,*,#4660,.T.);
#2963=ORIENTED_EDGE('',*,*,#4661,.T.);
#2964=ORIENTED_EDGE('',*,*,#4662,.T.);
#2965=ORIENTED_EDGE('',*,*,#4663,.F.);
#2966=ORIENTED_EDGE('',*,*,#4664,.F.);
#2967=ORIENTED_EDGE('',*,*,#4665,.T.);
#2968=ORIENTED_EDGE('',*,*,#4666,.F.);
#2969=ORIENTED_EDGE('',*,*,#4667,.F.);
#2970=ORIENTED_EDGE('',*,*,#4668,.F.);
#2971=ORIENTED_EDGE('',*,*,#4644,.T.);
#2972=ORIENTED_EDGE('',*,*,#4669,.T.);
#2973=ORIENTED_EDGE('',*,*,#4626,.T.);
#2974=ORIENTED_EDGE('',*,*,#4631,.F.);
#2975=ORIENTED_EDGE('',*,*,#4670,.F.);
#2976=ORIENTED_EDGE('',*,*,#4657,.F.);
#2977=ORIENTED_EDGE('',*,*,#4671,.F.);
#2978=ORIENTED_EDGE('',*,*,#4661,.F.);
#2979=ORIENTED_EDGE('',*,*,#4672,.T.);
#2980=ORIENTED_EDGE('',*,*,#4594,.F.);
#2981=ORIENTED_EDGE('',*,*,#4586,.T.);
#2982=ORIENTED_EDGE('',*,*,#4673,.F.);
#2983=ORIENTED_EDGE('',*,*,#4622,.T.);
#2984=ORIENTED_EDGE('',*,*,#4674,.F.);
#2985=ORIENTED_EDGE('',*,*,#4614,.T.);
#2986=ORIENTED_EDGE('',*,*,#4619,.F.);
#2987=ORIENTED_EDGE('',*,*,#4647,.F.);
#2988=ORIENTED_EDGE('',*,*,#4649,.F.);
#2989=ORIENTED_EDGE('',*,*,#4675,.F.);
#2990=ORIENTED_EDGE('',*,*,#4658,.F.);
#2991=ORIENTED_EDGE('',*,*,#4670,.T.);
#2992=ORIENTED_EDGE('',*,*,#4630,.F.);
#2993=ORIENTED_EDGE('',*,*,#4598,.T.);
#2994=ORIENTED_EDGE('',*,*,#4676,.F.);
#2995=ORIENTED_EDGE('',*,*,#4590,.T.);
#2996=ORIENTED_EDGE('',*,*,#4595,.F.);
#2997=ORIENTED_EDGE('',*,*,#4672,.F.);
#2998=ORIENTED_EDGE('',*,*,#4660,.F.);
#2999=ORIENTED_EDGE('',*,*,#4677,.F.);
#3000=ORIENTED_EDGE('',*,*,#4669,.F.);
#3001=ORIENTED_EDGE('',*,*,#4643,.T.);
#3002=ORIENTED_EDGE('',*,*,#4606,.F.);
#3003=ORIENTED_EDGE('',*,*,#4678,.T.);
#3004=ORIENTED_EDGE('',*,*,#4679,.F.);
#3005=ORIENTED_EDGE('',*,*,#4680,.T.);
#3006=ORIENTED_EDGE('',*,*,#4681,.F.);
#3007=ORIENTED_EDGE('',*,*,#4682,.T.);
#3008=ORIENTED_EDGE('',*,*,#4683,.F.);
#3009=ORIENTED_EDGE('',*,*,#4680,.F.);
#3010=ORIENTED_EDGE('',*,*,#4684,.F.);
#3011=ORIENTED_EDGE('',*,*,#4685,.T.);
#3012=ORIENTED_EDGE('',*,*,#4686,.F.);
#3013=ORIENTED_EDGE('',*,*,#4678,.F.);
#3014=ORIENTED_EDGE('',*,*,#4687,.F.);
#3015=ORIENTED_EDGE('',*,*,#4688,.T.);
#3016=ORIENTED_EDGE('',*,*,#4689,.F.);
#3017=ORIENTED_EDGE('',*,*,#4682,.F.);
#3018=ORIENTED_EDGE('',*,*,#4690,.F.);
#3019=ORIENTED_EDGE('',*,*,#4691,.T.);
#3020=ORIENTED_EDGE('',*,*,#4692,.F.);
#3021=ORIENTED_EDGE('',*,*,#4685,.F.);
#3022=ORIENTED_EDGE('',*,*,#4693,.F.);
#3023=ORIENTED_EDGE('',*,*,#4694,.T.);
#3024=ORIENTED_EDGE('',*,*,#4695,.F.);
#3025=ORIENTED_EDGE('',*,*,#4688,.F.);
#3026=ORIENTED_EDGE('',*,*,#4696,.F.);
#3027=ORIENTED_EDGE('',*,*,#4697,.T.);
#3028=ORIENTED_EDGE('',*,*,#4698,.F.);
#3029=ORIENTED_EDGE('',*,*,#4691,.F.);
#3030=ORIENTED_EDGE('',*,*,#4699,.F.);
#3031=ORIENTED_EDGE('',*,*,#4694,.F.);
#3032=ORIENTED_EDGE('',*,*,#4700,.F.);
#3033=ORIENTED_EDGE('',*,*,#4697,.F.);
#3034=ORIENTED_EDGE('',*,*,#4701,.F.);
#3035=ORIENTED_EDGE('',*,*,#4702,.T.);
#3036=ORIENTED_EDGE('',*,*,#4703,.F.);
#3037=ORIENTED_EDGE('',*,*,#4704,.T.);
#3038=ORIENTED_EDGE('',*,*,#4705,.F.);
#3039=ORIENTED_EDGE('',*,*,#4706,.T.);
#3040=ORIENTED_EDGE('',*,*,#4707,.F.);
#3041=ORIENTED_EDGE('',*,*,#4704,.F.);
#3042=ORIENTED_EDGE('',*,*,#4708,.F.);
#3043=ORIENTED_EDGE('',*,*,#4709,.T.);
#3044=ORIENTED_EDGE('',*,*,#4710,.F.);
#3045=ORIENTED_EDGE('',*,*,#4702,.F.);
#3046=ORIENTED_EDGE('',*,*,#4711,.F.);
#3047=ORIENTED_EDGE('',*,*,#4712,.T.);
#3048=ORIENTED_EDGE('',*,*,#4713,.F.);
#3049=ORIENTED_EDGE('',*,*,#4706,.F.);
#3050=ORIENTED_EDGE('',*,*,#4714,.F.);
#3051=ORIENTED_EDGE('',*,*,#4715,.T.);
#3052=ORIENTED_EDGE('',*,*,#4716,.F.);
#3053=ORIENTED_EDGE('',*,*,#4709,.F.);
#3054=ORIENTED_EDGE('',*,*,#4717,.F.);
#3055=ORIENTED_EDGE('',*,*,#4718,.T.);
#3056=ORIENTED_EDGE('',*,*,#4719,.F.);
#3057=ORIENTED_EDGE('',*,*,#4712,.F.);
#3058=ORIENTED_EDGE('',*,*,#4720,.F.);
#3059=ORIENTED_EDGE('',*,*,#4721,.T.);
#3060=ORIENTED_EDGE('',*,*,#4722,.F.);
#3061=ORIENTED_EDGE('',*,*,#4715,.F.);
#3062=ORIENTED_EDGE('',*,*,#4723,.F.);
#3063=ORIENTED_EDGE('',*,*,#4724,.T.);
#3064=ORIENTED_EDGE('',*,*,#4725,.F.);
#3065=ORIENTED_EDGE('',*,*,#4718,.F.);
#3066=ORIENTED_EDGE('',*,*,#4726,.F.);
#3067=ORIENTED_EDGE('',*,*,#4727,.T.);
#3068=ORIENTED_EDGE('',*,*,#4728,.F.);
#3069=ORIENTED_EDGE('',*,*,#4721,.F.);
#3070=ORIENTED_EDGE('',*,*,#4729,.F.);
#3071=ORIENTED_EDGE('',*,*,#4730,.T.);
#3072=ORIENTED_EDGE('',*,*,#4731,.F.);
#3073=ORIENTED_EDGE('',*,*,#4724,.F.);
#3074=ORIENTED_EDGE('',*,*,#4732,.F.);
#3075=ORIENTED_EDGE('',*,*,#4733,.T.);
#3076=ORIENTED_EDGE('',*,*,#4734,.F.);
#3077=ORIENTED_EDGE('',*,*,#4727,.F.);
#3078=ORIENTED_EDGE('',*,*,#4735,.F.);
#3079=ORIENTED_EDGE('',*,*,#4730,.F.);
#3080=ORIENTED_EDGE('',*,*,#4736,.F.);
#3081=ORIENTED_EDGE('',*,*,#4733,.F.);
#3082=ORIENTED_EDGE('',*,*,#4737,.F.);
#3083=ORIENTED_EDGE('',*,*,#4738,.T.);
#3084=ORIENTED_EDGE('',*,*,#4739,.F.);
#3085=ORIENTED_EDGE('',*,*,#4740,.T.);
#3086=ORIENTED_EDGE('',*,*,#4741,.F.);
#3087=ORIENTED_EDGE('',*,*,#4742,.T.);
#3088=ORIENTED_EDGE('',*,*,#4743,.F.);
#3089=ORIENTED_EDGE('',*,*,#4740,.F.);
#3090=ORIENTED_EDGE('',*,*,#4744,.F.);
#3091=ORIENTED_EDGE('',*,*,#4745,.T.);
#3092=ORIENTED_EDGE('',*,*,#4746,.F.);
#3093=ORIENTED_EDGE('',*,*,#4738,.F.);
#3094=ORIENTED_EDGE('',*,*,#4747,.F.);
#3095=ORIENTED_EDGE('',*,*,#4748,.T.);
#3096=ORIENTED_EDGE('',*,*,#4749,.F.);
#3097=ORIENTED_EDGE('',*,*,#4742,.F.);
#3098=ORIENTED_EDGE('',*,*,#4750,.F.);
#3099=ORIENTED_EDGE('',*,*,#4751,.T.);
#3100=ORIENTED_EDGE('',*,*,#4752,.F.);
#3101=ORIENTED_EDGE('',*,*,#4745,.F.);
#3102=ORIENTED_EDGE('',*,*,#4753,.F.);
#3103=ORIENTED_EDGE('',*,*,#4754,.T.);
#3104=ORIENTED_EDGE('',*,*,#4755,.F.);
#3105=ORIENTED_EDGE('',*,*,#4748,.F.);
#3106=ORIENTED_EDGE('',*,*,#4756,.F.);
#3107=ORIENTED_EDGE('',*,*,#4757,.T.);
#3108=ORIENTED_EDGE('',*,*,#4758,.F.);
#3109=ORIENTED_EDGE('',*,*,#4751,.F.);
#3110=ORIENTED_EDGE('',*,*,#4759,.F.);
#3111=ORIENTED_EDGE('',*,*,#4760,.T.);
#3112=ORIENTED_EDGE('',*,*,#4761,.F.);
#3113=ORIENTED_EDGE('',*,*,#4754,.F.);
#3114=ORIENTED_EDGE('',*,*,#4762,.F.);
#3115=ORIENTED_EDGE('',*,*,#4763,.T.);
#3116=ORIENTED_EDGE('',*,*,#4764,.F.);
#3117=ORIENTED_EDGE('',*,*,#4757,.F.);
#3118=ORIENTED_EDGE('',*,*,#4765,.F.);
#3119=ORIENTED_EDGE('',*,*,#4766,.T.);
#3120=ORIENTED_EDGE('',*,*,#4767,.F.);
#3121=ORIENTED_EDGE('',*,*,#4760,.F.);
#3122=ORIENTED_EDGE('',*,*,#4768,.F.);
#3123=ORIENTED_EDGE('',*,*,#4769,.T.);
#3124=ORIENTED_EDGE('',*,*,#4770,.F.);
#3125=ORIENTED_EDGE('',*,*,#4763,.F.);
#3126=ORIENTED_EDGE('',*,*,#4771,.F.);
#3127=ORIENTED_EDGE('',*,*,#4766,.F.);
#3128=ORIENTED_EDGE('',*,*,#4772,.F.);
#3129=ORIENTED_EDGE('',*,*,#4769,.F.);
#3130=ORIENTED_EDGE('',*,*,#4773,.F.);
#3131=ORIENTED_EDGE('',*,*,#4774,.T.);
#3132=ORIENTED_EDGE('',*,*,#4775,.F.);
#3133=ORIENTED_EDGE('',*,*,#4776,.T.);
#3134=ORIENTED_EDGE('',*,*,#4777,.F.);
#3135=ORIENTED_EDGE('',*,*,#4778,.T.);
#3136=ORIENTED_EDGE('',*,*,#4779,.F.);
#3137=ORIENTED_EDGE('',*,*,#4776,.F.);
#3138=ORIENTED_EDGE('',*,*,#4780,.F.);
#3139=ORIENTED_EDGE('',*,*,#4781,.T.);
#3140=ORIENTED_EDGE('',*,*,#4782,.F.);
#3141=ORIENTED_EDGE('',*,*,#4774,.F.);
#3142=ORIENTED_EDGE('',*,*,#4783,.F.);
#3143=ORIENTED_EDGE('',*,*,#4778,.F.);
#3144=ORIENTED_EDGE('',*,*,#4784,.F.);
#3145=ORIENTED_EDGE('',*,*,#4781,.F.);
#3146=ORIENTED_EDGE('',*,*,#4785,.F.);
#3147=ORIENTED_EDGE('',*,*,#4786,.T.);
#3148=ORIENTED_EDGE('',*,*,#4787,.T.);
#3149=ORIENTED_EDGE('',*,*,#4788,.T.);
#3150=ORIENTED_EDGE('',*,*,#4789,.T.);
#3151=ORIENTED_EDGE('',*,*,#4790,.T.);
#3152=ORIENTED_EDGE('',*,*,#4791,.F.);
#3153=ORIENTED_EDGE('',*,*,#4788,.F.);
#3154=ORIENTED_EDGE('',*,*,#4792,.T.);
#3155=ORIENTED_EDGE('',*,*,#4793,.T.);
#3156=ORIENTED_EDGE('',*,*,#4794,.F.);
#3157=ORIENTED_EDGE('',*,*,#4786,.F.);
#3158=ORIENTED_EDGE('',*,*,#4795,.T.);
#3159=ORIENTED_EDGE('',*,*,#4796,.T.);
#3160=ORIENTED_EDGE('',*,*,#4797,.T.);
#3161=ORIENTED_EDGE('',*,*,#4798,.T.);
#3162=ORIENTED_EDGE('',*,*,#4799,.T.);
#3163=ORIENTED_EDGE('',*,*,#4800,.T.);
#3164=ORIENTED_EDGE('',*,*,#4801,.F.);
#3165=ORIENTED_EDGE('',*,*,#4798,.F.);
#3166=ORIENTED_EDGE('',*,*,#4802,.T.);
#3167=ORIENTED_EDGE('',*,*,#4803,.T.);
#3168=ORIENTED_EDGE('',*,*,#4804,.F.);
#3169=ORIENTED_EDGE('',*,*,#4796,.F.);
#3170=ORIENTED_EDGE('',*,*,#4805,.T.);
#3171=ORIENTED_EDGE('',*,*,#4806,.F.);
#3172=ORIENTED_EDGE('',*,*,#4700,.T.);
#3173=ORIENTED_EDGE('',*,*,#4807,.F.);
#3174=ORIENTED_EDGE('',*,*,#4808,.F.);
#3175=ORIENTED_EDGE('',*,*,#4809,.F.);
#3176=ORIENTED_EDGE('',*,*,#4690,.T.);
#3177=ORIENTED_EDGE('',*,*,#4810,.F.);
#3178=ORIENTED_EDGE('',*,*,#4811,.F.);
#3179=ORIENTED_EDGE('',*,*,#4812,.F.);
#3180=ORIENTED_EDGE('',*,*,#4692,.T.);
#3181=ORIENTED_EDGE('',*,*,#4813,.F.);
#3182=ORIENTED_EDGE('',*,*,#4814,.F.);
#3183=ORIENTED_EDGE('',*,*,#4815,.F.);
#3184=ORIENTED_EDGE('',*,*,#4679,.T.);
#3185=ORIENTED_EDGE('',*,*,#4816,.F.);
#3186=ORIENTED_EDGE('',*,*,#4817,.F.);
#3187=ORIENTED_EDGE('',*,*,#4818,.T.);
#3188=ORIENTED_EDGE('',*,*,#4819,.F.);
#3189=ORIENTED_EDGE('',*,*,#4820,.T.);
#3190=ORIENTED_EDGE('',*,*,#4821,.F.);
#3191=ORIENTED_EDGE('',*,*,#4822,.T.);
#3192=ORIENTED_EDGE('',*,*,#4823,.F.);
#3193=ORIENTED_EDGE('',*,*,#4820,.F.);
#3194=ORIENTED_EDGE('',*,*,#4824,.F.);
#3195=ORIENTED_EDGE('',*,*,#4825,.T.);
#3196=ORIENTED_EDGE('',*,*,#4826,.F.);
#3197=ORIENTED_EDGE('',*,*,#4818,.F.);
#3198=ORIENTED_EDGE('',*,*,#4827,.F.);
#3199=ORIENTED_EDGE('',*,*,#4828,.T.);
#3200=ORIENTED_EDGE('',*,*,#4829,.F.);
#3201=ORIENTED_EDGE('',*,*,#4822,.F.);
#3202=ORIENTED_EDGE('',*,*,#4830,.F.);
#3203=ORIENTED_EDGE('',*,*,#4831,.T.);
#3204=ORIENTED_EDGE('',*,*,#4832,.F.);
#3205=ORIENTED_EDGE('',*,*,#4825,.F.);
#3206=ORIENTED_EDGE('',*,*,#4833,.F.);
#3207=ORIENTED_EDGE('',*,*,#4834,.T.);
#3208=ORIENTED_EDGE('',*,*,#4835,.F.);
#3209=ORIENTED_EDGE('',*,*,#4828,.F.);
#3210=ORIENTED_EDGE('',*,*,#4836,.F.);
#3211=ORIENTED_EDGE('',*,*,#4837,.T.);
#3212=ORIENTED_EDGE('',*,*,#4838,.F.);
#3213=ORIENTED_EDGE('',*,*,#4831,.F.);
#3214=ORIENTED_EDGE('',*,*,#4839,.F.);
#3215=ORIENTED_EDGE('',*,*,#4840,.T.);
#3216=ORIENTED_EDGE('',*,*,#4841,.F.);
#3217=ORIENTED_EDGE('',*,*,#4834,.F.);
#3218=ORIENTED_EDGE('',*,*,#4842,.F.);
#3219=ORIENTED_EDGE('',*,*,#4843,.T.);
#3220=ORIENTED_EDGE('',*,*,#4844,.F.);
#3221=ORIENTED_EDGE('',*,*,#4837,.F.);
#3222=ORIENTED_EDGE('',*,*,#4845,.F.);
#3223=ORIENTED_EDGE('',*,*,#4846,.T.);
#3224=ORIENTED_EDGE('',*,*,#4847,.F.);
#3225=ORIENTED_EDGE('',*,*,#4840,.F.);
#3226=ORIENTED_EDGE('',*,*,#4848,.F.);
#3227=ORIENTED_EDGE('',*,*,#4849,.T.);
#3228=ORIENTED_EDGE('',*,*,#4850,.F.);
#3229=ORIENTED_EDGE('',*,*,#4843,.F.);
#3230=ORIENTED_EDGE('',*,*,#4851,.F.);
#3231=ORIENTED_EDGE('',*,*,#4846,.F.);
#3232=ORIENTED_EDGE('',*,*,#4852,.F.);
#3233=ORIENTED_EDGE('',*,*,#4849,.F.);
#3234=ORIENTED_EDGE('',*,*,#4853,.F.);
#3235=ORIENTED_EDGE('',*,*,#4854,.T.);
#3236=ORIENTED_EDGE('',*,*,#4855,.F.);
#3237=ORIENTED_EDGE('',*,*,#4856,.T.);
#3238=ORIENTED_EDGE('',*,*,#4857,.F.);
#3239=ORIENTED_EDGE('',*,*,#4858,.T.);
#3240=ORIENTED_EDGE('',*,*,#4859,.F.);
#3241=ORIENTED_EDGE('',*,*,#4856,.F.);
#3242=ORIENTED_EDGE('',*,*,#4860,.F.);
#3243=ORIENTED_EDGE('',*,*,#4861,.T.);
#3244=ORIENTED_EDGE('',*,*,#4862,.F.);
#3245=ORIENTED_EDGE('',*,*,#4854,.F.);
#3246=ORIENTED_EDGE('',*,*,#4863,.F.);
#3247=ORIENTED_EDGE('',*,*,#4864,.T.);
#3248=ORIENTED_EDGE('',*,*,#4865,.F.);
#3249=ORIENTED_EDGE('',*,*,#4858,.F.);
#3250=ORIENTED_EDGE('',*,*,#4866,.F.);
#3251=ORIENTED_EDGE('',*,*,#4867,.T.);
#3252=ORIENTED_EDGE('',*,*,#4868,.F.);
#3253=ORIENTED_EDGE('',*,*,#4861,.F.);
#3254=ORIENTED_EDGE('',*,*,#4869,.F.);
#3255=ORIENTED_EDGE('',*,*,#4870,.T.);
#3256=ORIENTED_EDGE('',*,*,#4871,.F.);
#3257=ORIENTED_EDGE('',*,*,#4864,.F.);
#3258=ORIENTED_EDGE('',*,*,#4872,.F.);
#3259=ORIENTED_EDGE('',*,*,#4873,.T.);
#3260=ORIENTED_EDGE('',*,*,#4874,.F.);
#3261=ORIENTED_EDGE('',*,*,#4867,.F.);
#3262=ORIENTED_EDGE('',*,*,#4875,.F.);
#3263=ORIENTED_EDGE('',*,*,#4876,.T.);
#3264=ORIENTED_EDGE('',*,*,#4877,.F.);
#3265=ORIENTED_EDGE('',*,*,#4870,.F.);
#3266=ORIENTED_EDGE('',*,*,#4878,.F.);
#3267=ORIENTED_EDGE('',*,*,#4879,.T.);
#3268=ORIENTED_EDGE('',*,*,#4880,.F.);
#3269=ORIENTED_EDGE('',*,*,#4873,.F.);
#3270=ORIENTED_EDGE('',*,*,#4881,.F.);
#3271=ORIENTED_EDGE('',*,*,#4882,.T.);
#3272=ORIENTED_EDGE('',*,*,#4883,.F.);
#3273=ORIENTED_EDGE('',*,*,#4876,.F.);
#3274=ORIENTED_EDGE('',*,*,#4884,.F.);
#3275=ORIENTED_EDGE('',*,*,#4885,.T.);
#3276=ORIENTED_EDGE('',*,*,#4886,.F.);
#3277=ORIENTED_EDGE('',*,*,#4879,.F.);
#3278=ORIENTED_EDGE('',*,*,#4887,.F.);
#3279=ORIENTED_EDGE('',*,*,#4882,.F.);
#3280=ORIENTED_EDGE('',*,*,#4888,.F.);
#3281=ORIENTED_EDGE('',*,*,#4885,.F.);
#3282=ORIENTED_EDGE('',*,*,#4889,.F.);
#3283=ORIENTED_EDGE('',*,*,#4816,.T.);
#3284=ORIENTED_EDGE('',*,*,#4686,.T.);
#3285=ORIENTED_EDGE('',*,*,#4812,.T.);
#3286=ORIENTED_EDGE('',*,*,#4890,.F.);
#3287=ORIENTED_EDGE('',*,*,#4807,.T.);
#3288=ORIENTED_EDGE('',*,*,#4696,.T.);
#3289=ORIENTED_EDGE('',*,*,#4809,.T.);
#3290=ORIENTED_EDGE('',*,*,#4891,.F.);
#3291=ORIENTED_EDGE('',*,*,#4892,.T.);
#3292=ORIENTED_EDGE('',*,*,#4772,.T.);
#3293=ORIENTED_EDGE('',*,*,#4893,.F.);
#3294=ORIENTED_EDGE('',*,*,#4878,.T.);
#3295=ORIENTED_EDGE('',*,*,#4894,.T.);
#3296=ORIENTED_EDGE('',*,*,#4750,.T.);
#3297=ORIENTED_EDGE('',*,*,#4895,.F.);
#3298=ORIENTED_EDGE('',*,*,#4880,.T.);
#3299=ORIENTED_EDGE('',*,*,#4896,.T.);
#3300=ORIENTED_EDGE('',*,*,#4708,.T.);
#3301=ORIENTED_EDGE('',*,*,#4897,.T.);
#3302=ORIENTED_EDGE('',*,*,#4827,.T.);
#3303=ORIENTED_EDGE('',*,*,#4898,.F.);
#3304=ORIENTED_EDGE('',*,*,#4758,.T.);
#3305=ORIENTED_EDGE('',*,*,#4899,.F.);
#3306=ORIENTED_EDGE('',*,*,#4860,.T.);
#3307=ORIENTED_EDGE('',*,*,#4900,.T.);
#3308=ORIENTED_EDGE('',*,*,#4746,.T.);
#3309=ORIENTED_EDGE('',*,*,#4901,.F.);
#3310=ORIENTED_EDGE('',*,*,#4862,.T.);
#3311=ORIENTED_EDGE('',*,*,#4902,.T.);
#3312=ORIENTED_EDGE('',*,*,#4710,.T.);
#3313=ORIENTED_EDGE('',*,*,#4903,.F.);
#3314=ORIENTED_EDGE('',*,*,#4839,.T.);
#3315=ORIENTED_EDGE('',*,*,#4904,.T.);
#3316=ORIENTED_EDGE('',*,*,#4726,.T.);
#3317=ORIENTED_EDGE('',*,*,#4905,.F.);
#3318=ORIENTED_EDGE('',*,*,#4829,.T.);
#3319=ORIENTED_EDGE('',*,*,#4906,.T.);
#3320=ORIENTED_EDGE('',*,*,#4728,.T.);
#3321=ORIENTED_EDGE('',*,*,#4907,.F.);
#3322=ORIENTED_EDGE('',*,*,#4853,.T.);
#3323=ORIENTED_EDGE('',*,*,#4687,.T.);
#3324=ORIENTED_EDGE('',*,*,#4681,.T.);
#3325=ORIENTED_EDGE('',*,*,#4683,.T.);
#3326=ORIENTED_EDGE('',*,*,#4689,.T.);
#3327=ORIENTED_EDGE('',*,*,#4695,.T.);
#3328=ORIENTED_EDGE('',*,*,#4701,.T.);
#3329=ORIENTED_EDGE('',*,*,#4699,.T.);
#3330=ORIENTED_EDGE('',*,*,#4693,.T.);
#3331=ORIENTED_EDGE('',*,*,#4711,.T.);
#3332=ORIENTED_EDGE('',*,*,#4705,.T.);
#3333=ORIENTED_EDGE('',*,*,#4707,.T.);
#3334=ORIENTED_EDGE('',*,*,#4713,.T.);
#3335=ORIENTED_EDGE('',*,*,#4719,.T.);
#3336=ORIENTED_EDGE('',*,*,#4725,.T.);
#3337=ORIENTED_EDGE('',*,*,#4731,.T.);
#3338=ORIENTED_EDGE('',*,*,#4737,.T.);
#3339=ORIENTED_EDGE('',*,*,#4735,.T.);
#3340=ORIENTED_EDGE('',*,*,#4729,.T.);
#3341=ORIENTED_EDGE('',*,*,#4723,.T.);
#3342=ORIENTED_EDGE('',*,*,#4717,.T.);
#3343=ORIENTED_EDGE('',*,*,#4747,.T.);
#3344=ORIENTED_EDGE('',*,*,#4741,.T.);
#3345=ORIENTED_EDGE('',*,*,#4743,.T.);
#3346=ORIENTED_EDGE('',*,*,#4749,.T.);
#3347=ORIENTED_EDGE('',*,*,#4755,.T.);
#3348=ORIENTED_EDGE('',*,*,#4761,.T.);
#3349=ORIENTED_EDGE('',*,*,#4767,.T.);
#3350=ORIENTED_EDGE('',*,*,#4773,.T.);
#3351=ORIENTED_EDGE('',*,*,#4771,.T.);
#3352=ORIENTED_EDGE('',*,*,#4765,.T.);
#3353=ORIENTED_EDGE('',*,*,#4759,.T.);
#3354=ORIENTED_EDGE('',*,*,#4753,.T.);
#3355=ORIENTED_EDGE('',*,*,#4780,.T.);
#3356=ORIENTED_EDGE('',*,*,#4775,.T.);
#3357=ORIENTED_EDGE('',*,*,#4782,.T.);
#3358=ORIENTED_EDGE('',*,*,#4784,.T.);
#3359=ORIENTED_EDGE('',*,*,#4908,.F.);
#3360=ORIENTED_EDGE('',*,*,#4736,.T.);
#3361=ORIENTED_EDGE('',*,*,#4909,.T.);
#3362=ORIENTED_EDGE('',*,*,#4841,.T.);
#3363=ORIENTED_EDGE('',*,*,#4910,.F.);
#3364=ORIENTED_EDGE('',*,*,#4762,.T.);
#3365=ORIENTED_EDGE('',*,*,#4911,.T.);
#3366=ORIENTED_EDGE('',*,*,#4888,.T.);
#3367=ORIENTED_EDGE('',*,*,#4912,.T.);
#3368=ORIENTED_EDGE('',*,*,#4913,.F.);
#3369=ORIENTED_EDGE('',*,*,#4914,.F.);
#3370=ORIENTED_EDGE('',*,*,#4915,.F.);
#3371=ORIENTED_EDGE('',*,*,#4916,.F.);
#3372=ORIENTED_EDGE('',*,*,#4917,.F.);
#3373=ORIENTED_EDGE('',*,*,#4918,.T.);
#3374=ORIENTED_EDGE('',*,*,#4919,.T.);
#3375=ORIENTED_EDGE('',*,*,#4920,.F.);
#3376=ORIENTED_EDGE('',*,*,#4921,.F.);
#3377=ORIENTED_EDGE('',*,*,#4922,.F.);
#3378=ORIENTED_EDGE('',*,*,#4923,.T.);
#3379=ORIENTED_EDGE('',*,*,#4924,.T.);
#3380=ORIENTED_EDGE('',*,*,#4925,.T.);
#3381=ORIENTED_EDGE('',*,*,#4926,.T.);
#3382=ORIENTED_EDGE('',*,*,#4927,.T.);
#3383=ORIENTED_EDGE('',*,*,#4913,.T.);
#3384=ORIENTED_EDGE('',*,*,#4928,.F.);
#3385=ORIENTED_EDGE('',*,*,#4927,.F.);
#3386=ORIENTED_EDGE('',*,*,#4929,.T.);
#3387=ORIENTED_EDGE('',*,*,#4914,.T.);
#3388=ORIENTED_EDGE('',*,*,#4929,.F.);
#3389=ORIENTED_EDGE('',*,*,#4926,.F.);
#3390=ORIENTED_EDGE('',*,*,#4930,.T.);
#3391=ORIENTED_EDGE('',*,*,#4915,.T.);
#3392=ORIENTED_EDGE('',*,*,#4930,.F.);
#3393=ORIENTED_EDGE('',*,*,#4925,.F.);
#3394=ORIENTED_EDGE('',*,*,#4931,.T.);
#3395=ORIENTED_EDGE('',*,*,#4916,.T.);
#3396=ORIENTED_EDGE('',*,*,#4931,.F.);
#3397=ORIENTED_EDGE('',*,*,#4924,.F.);
#3398=ORIENTED_EDGE('',*,*,#4932,.T.);
#3399=ORIENTED_EDGE('',*,*,#4918,.F.);
#3400=ORIENTED_EDGE('',*,*,#4933,.F.);
#3401=ORIENTED_EDGE('',*,*,#4922,.T.);
#3402=ORIENTED_EDGE('',*,*,#4934,.T.);
#3403=ORIENTED_EDGE('',*,*,#4919,.F.);
#3404=ORIENTED_EDGE('',*,*,#4934,.F.);
#3405=ORIENTED_EDGE('',*,*,#4921,.T.);
#3406=ORIENTED_EDGE('',*,*,#4935,.T.);
#3407=ORIENTED_EDGE('',*,*,#4912,.F.);
#3408=ORIENTED_EDGE('',*,*,#4935,.F.);
#3409=ORIENTED_EDGE('',*,*,#4920,.T.);
#3410=ORIENTED_EDGE('',*,*,#4928,.T.);
#3411=ORIENTED_EDGE('',*,*,#4936,.T.);
#3412=ORIENTED_EDGE('',*,*,#4937,.F.);
#3413=ORIENTED_EDGE('',*,*,#4938,.F.);
#3414=ORIENTED_EDGE('',*,*,#4939,.F.);
#3415=ORIENTED_EDGE('',*,*,#4940,.F.);
#3416=ORIENTED_EDGE('',*,*,#4941,.F.);
#3417=ORIENTED_EDGE('',*,*,#4942,.T.);
#3418=ORIENTED_EDGE('',*,*,#4943,.T.);
#3419=ORIENTED_EDGE('',*,*,#4944,.F.);
#3420=ORIENTED_EDGE('',*,*,#4945,.F.);
#3421=ORIENTED_EDGE('',*,*,#4946,.F.);
#3422=ORIENTED_EDGE('',*,*,#4947,.T.);
#3423=ORIENTED_EDGE('',*,*,#4948,.T.);
#3424=ORIENTED_EDGE('',*,*,#4949,.T.);
#3425=ORIENTED_EDGE('',*,*,#4950,.T.);
#3426=ORIENTED_EDGE('',*,*,#4951,.T.);
#3427=ORIENTED_EDGE('',*,*,#4937,.T.);
#3428=ORIENTED_EDGE('',*,*,#4952,.F.);
#3429=ORIENTED_EDGE('',*,*,#4951,.F.);
#3430=ORIENTED_EDGE('',*,*,#4953,.T.);
#3431=ORIENTED_EDGE('',*,*,#4938,.T.);
#3432=ORIENTED_EDGE('',*,*,#4953,.F.);
#3433=ORIENTED_EDGE('',*,*,#4950,.F.);
#3434=ORIENTED_EDGE('',*,*,#4954,.T.);
#3435=ORIENTED_EDGE('',*,*,#4939,.T.);
#3436=ORIENTED_EDGE('',*,*,#4954,.F.);
#3437=ORIENTED_EDGE('',*,*,#4949,.F.);
#3438=ORIENTED_EDGE('',*,*,#4955,.T.);
#3439=ORIENTED_EDGE('',*,*,#4940,.T.);
#3440=ORIENTED_EDGE('',*,*,#4955,.F.);
#3441=ORIENTED_EDGE('',*,*,#4948,.F.);
#3442=ORIENTED_EDGE('',*,*,#4956,.T.);
#3443=ORIENTED_EDGE('',*,*,#4942,.F.);
#3444=ORIENTED_EDGE('',*,*,#4957,.F.);
#3445=ORIENTED_EDGE('',*,*,#4946,.T.);
#3446=ORIENTED_EDGE('',*,*,#4958,.T.);
#3447=ORIENTED_EDGE('',*,*,#4943,.F.);
#3448=ORIENTED_EDGE('',*,*,#4958,.F.);
#3449=ORIENTED_EDGE('',*,*,#4945,.T.);
#3450=ORIENTED_EDGE('',*,*,#4959,.T.);
#3451=ORIENTED_EDGE('',*,*,#4936,.F.);
#3452=ORIENTED_EDGE('',*,*,#4959,.F.);
#3453=ORIENTED_EDGE('',*,*,#4944,.T.);
#3454=ORIENTED_EDGE('',*,*,#4952,.T.);
#3455=ORIENTED_EDGE('',*,*,#4960,.F.);
#3456=ORIENTED_EDGE('',*,*,#4961,.F.);
#3457=ORIENTED_EDGE('',*,*,#4962,.F.);
#3458=ORIENTED_EDGE('',*,*,#4963,.T.);
#3459=ORIENTED_EDGE('',*,*,#4964,.T.);
#3460=ORIENTED_EDGE('',*,*,#4965,.T.);
#3461=ORIENTED_EDGE('',*,*,#4966,.T.);
#3462=ORIENTED_EDGE('',*,*,#4967,.T.);
#3463=ORIENTED_EDGE('',*,*,#4968,.T.);
#3464=ORIENTED_EDGE('',*,*,#4969,.F.);
#3465=ORIENTED_EDGE('',*,*,#4970,.F.);
#3466=ORIENTED_EDGE('',*,*,#4971,.F.);
#3467=ORIENTED_EDGE('',*,*,#4972,.F.);
#3468=ORIENTED_EDGE('',*,*,#4973,.F.);
#3469=ORIENTED_EDGE('',*,*,#4974,.T.);
#3470=ORIENTED_EDGE('',*,*,#4975,.T.);
#3471=ORIENTED_EDGE('',*,*,#4961,.T.);
#3472=ORIENTED_EDGE('',*,*,#4976,.F.);
#3473=ORIENTED_EDGE('',*,*,#4975,.F.);
#3474=ORIENTED_EDGE('',*,*,#4977,.T.);
#3475=ORIENTED_EDGE('',*,*,#4962,.T.);
#3476=ORIENTED_EDGE('',*,*,#4977,.F.);
#3477=ORIENTED_EDGE('',*,*,#4974,.F.);
#3478=ORIENTED_EDGE('',*,*,#4978,.T.);
#3479=ORIENTED_EDGE('',*,*,#4964,.F.);
#3480=ORIENTED_EDGE('',*,*,#4979,.F.);
#3481=ORIENTED_EDGE('',*,*,#4972,.T.);
#3482=ORIENTED_EDGE('',*,*,#4980,.T.);
#3483=ORIENTED_EDGE('',*,*,#4965,.F.);
#3484=ORIENTED_EDGE('',*,*,#4980,.F.);
#3485=ORIENTED_EDGE('',*,*,#4971,.T.);
#3486=ORIENTED_EDGE('',*,*,#4981,.T.);
#3487=ORIENTED_EDGE('',*,*,#4966,.F.);
#3488=ORIENTED_EDGE('',*,*,#4981,.F.);
#3489=ORIENTED_EDGE('',*,*,#4970,.T.);
#3490=ORIENTED_EDGE('',*,*,#4982,.T.);
#3491=ORIENTED_EDGE('',*,*,#4967,.F.);
#3492=ORIENTED_EDGE('',*,*,#4982,.F.);
#3493=ORIENTED_EDGE('',*,*,#4969,.T.);
#3494=ORIENTED_EDGE('',*,*,#4983,.T.);
#3495=ORIENTED_EDGE('',*,*,#4960,.T.);
#3496=ORIENTED_EDGE('',*,*,#4983,.F.);
#3497=ORIENTED_EDGE('',*,*,#4968,.F.);
#3498=ORIENTED_EDGE('',*,*,#4976,.T.);
#3499=ORIENTED_EDGE('',*,*,#4984,.F.);
#3500=ORIENTED_EDGE('',*,*,#4985,.F.);
#3501=ORIENTED_EDGE('',*,*,#4986,.F.);
#3502=ORIENTED_EDGE('',*,*,#4987,.T.);
#3503=ORIENTED_EDGE('',*,*,#4988,.T.);
#3504=ORIENTED_EDGE('',*,*,#4989,.T.);
#3505=ORIENTED_EDGE('',*,*,#4990,.T.);
#3506=ORIENTED_EDGE('',*,*,#4991,.T.);
#3507=ORIENTED_EDGE('',*,*,#4992,.T.);
#3508=ORIENTED_EDGE('',*,*,#4993,.F.);
#3509=ORIENTED_EDGE('',*,*,#4994,.F.);
#3510=ORIENTED_EDGE('',*,*,#4995,.F.);
#3511=ORIENTED_EDGE('',*,*,#4996,.F.);
#3512=ORIENTED_EDGE('',*,*,#4997,.F.);
#3513=ORIENTED_EDGE('',*,*,#4998,.T.);
#3514=ORIENTED_EDGE('',*,*,#4999,.T.);
#3515=ORIENTED_EDGE('',*,*,#4985,.T.);
#3516=ORIENTED_EDGE('',*,*,#5000,.F.);
#3517=ORIENTED_EDGE('',*,*,#4999,.F.);
#3518=ORIENTED_EDGE('',*,*,#5001,.T.);
#3519=ORIENTED_EDGE('',*,*,#4986,.T.);
#3520=ORIENTED_EDGE('',*,*,#5001,.F.);
#3521=ORIENTED_EDGE('',*,*,#4998,.F.);
#3522=ORIENTED_EDGE('',*,*,#5002,.T.);
#3523=ORIENTED_EDGE('',*,*,#4988,.F.);
#3524=ORIENTED_EDGE('',*,*,#5003,.F.);
#3525=ORIENTED_EDGE('',*,*,#4996,.T.);
#3526=ORIENTED_EDGE('',*,*,#5004,.T.);
#3527=ORIENTED_EDGE('',*,*,#4989,.F.);
#3528=ORIENTED_EDGE('',*,*,#5004,.F.);
#3529=ORIENTED_EDGE('',*,*,#4995,.T.);
#3530=ORIENTED_EDGE('',*,*,#5005,.T.);
#3531=ORIENTED_EDGE('',*,*,#4990,.F.);
#3532=ORIENTED_EDGE('',*,*,#5005,.F.);
#3533=ORIENTED_EDGE('',*,*,#4994,.T.);
#3534=ORIENTED_EDGE('',*,*,#5006,.T.);
#3535=ORIENTED_EDGE('',*,*,#4991,.F.);
#3536=ORIENTED_EDGE('',*,*,#5006,.F.);
#3537=ORIENTED_EDGE('',*,*,#4993,.T.);
#3538=ORIENTED_EDGE('',*,*,#5007,.T.);
#3539=ORIENTED_EDGE('',*,*,#4984,.T.);
#3540=ORIENTED_EDGE('',*,*,#5007,.F.);
#3541=ORIENTED_EDGE('',*,*,#4992,.F.);
#3542=ORIENTED_EDGE('',*,*,#5000,.T.);
#3543=ORIENTED_EDGE('',*,*,#5008,.T.);
#3544=ORIENTED_EDGE('',*,*,#5009,.T.);
#3545=ORIENTED_EDGE('',*,*,#5010,.T.);
#3546=ORIENTED_EDGE('',*,*,#5011,.T.);
#3547=ORIENTED_EDGE('',*,*,#5012,.T.);
#3548=ORIENTED_EDGE('',*,*,#5013,.F.);
#3549=ORIENTED_EDGE('',*,*,#5010,.F.);
#3550=ORIENTED_EDGE('',*,*,#5014,.T.);
#3551=ORIENTED_EDGE('',*,*,#4668,.T.);
#3552=ORIENTED_EDGE('',*,*,#5015,.T.);
#3553=ORIENTED_EDGE('',*,*,#5016,.F.);
#3554=ORIENTED_EDGE('',*,*,#5011,.F.);
#3555=ORIENTED_EDGE('',*,*,#5013,.T.);
#3556=ORIENTED_EDGE('',*,*,#5017,.T.);
#3557=ORIENTED_EDGE('',*,*,#4650,.F.);
#3558=ORIENTED_EDGE('',*,*,#5018,.F.);
#3559=ORIENTED_EDGE('',*,*,#5008,.F.);
#3560=ORIENTED_EDGE('',*,*,#5016,.T.);
#3561=ORIENTED_EDGE('',*,*,#5019,.T.);
#3562=ORIENTED_EDGE('',*,*,#5020,.T.);
#3563=ORIENTED_EDGE('',*,*,#5021,.T.);
#3564=ORIENTED_EDGE('',*,*,#5022,.T.);
#3565=ORIENTED_EDGE('',*,*,#5023,.T.);
#3566=ORIENTED_EDGE('',*,*,#5024,.F.);
#3567=ORIENTED_EDGE('',*,*,#5021,.F.);
#3568=ORIENTED_EDGE('',*,*,#5025,.T.);
#3569=ORIENTED_EDGE('',*,*,#4656,.F.);
#3570=ORIENTED_EDGE('',*,*,#5026,.T.);
#3571=ORIENTED_EDGE('',*,*,#5027,.F.);
#3572=ORIENTED_EDGE('',*,*,#5022,.F.);
#3573=ORIENTED_EDGE('',*,*,#5024,.T.);
#3574=ORIENTED_EDGE('',*,*,#5028,.T.);
#3575=ORIENTED_EDGE('',*,*,#4662,.F.);
#3576=ORIENTED_EDGE('',*,*,#5029,.F.);
#3577=ORIENTED_EDGE('',*,*,#5019,.F.);
#3578=ORIENTED_EDGE('',*,*,#5027,.T.);
#3579=ORIENTED_EDGE('',*,*,#5030,.T.);
#3580=ORIENTED_EDGE('',*,*,#5031,.T.);
#3581=ORIENTED_EDGE('',*,*,#5032,.T.);
#3582=ORIENTED_EDGE('',*,*,#5033,.T.);
#3583=ORIENTED_EDGE('',*,*,#5034,.T.);
#3584=ORIENTED_EDGE('',*,*,#5035,.F.);
#3585=ORIENTED_EDGE('',*,*,#5032,.F.);
#3586=ORIENTED_EDGE('',*,*,#5036,.T.);
#3587=ORIENTED_EDGE('',*,*,#4648,.F.);
#3588=ORIENTED_EDGE('',*,*,#5037,.T.);
#3589=ORIENTED_EDGE('',*,*,#5038,.F.);
#3590=ORIENTED_EDGE('',*,*,#5033,.F.);
#3591=ORIENTED_EDGE('',*,*,#5035,.T.);
#3592=ORIENTED_EDGE('',*,*,#5039,.T.);
#3593=ORIENTED_EDGE('',*,*,#4653,.F.);
#3594=ORIENTED_EDGE('',*,*,#5040,.F.);
#3595=ORIENTED_EDGE('',*,*,#5030,.F.);
#3596=ORIENTED_EDGE('',*,*,#5038,.T.);
#3597=ORIENTED_EDGE('',*,*,#5041,.T.);
#3598=ORIENTED_EDGE('',*,*,#5042,.T.);
#3599=ORIENTED_EDGE('',*,*,#5043,.T.);
#3600=ORIENTED_EDGE('',*,*,#5044,.T.);
#3601=ORIENTED_EDGE('',*,*,#5045,.T.);
#3602=ORIENTED_EDGE('',*,*,#5046,.F.);
#3603=ORIENTED_EDGE('',*,*,#5043,.F.);
#3604=ORIENTED_EDGE('',*,*,#5047,.T.);
#3605=ORIENTED_EDGE('',*,*,#4659,.F.);
#3606=ORIENTED_EDGE('',*,*,#5048,.T.);
#3607=ORIENTED_EDGE('',*,*,#5049,.F.);
#3608=ORIENTED_EDGE('',*,*,#5044,.F.);
#3609=ORIENTED_EDGE('',*,*,#5046,.T.);
#3610=ORIENTED_EDGE('',*,*,#5050,.T.);
#3611=ORIENTED_EDGE('',*,*,#4665,.F.);
#3612=ORIENTED_EDGE('',*,*,#5051,.F.);
#3613=ORIENTED_EDGE('',*,*,#5041,.F.);
#3614=ORIENTED_EDGE('',*,*,#5049,.T.);
#3615=ORIENTED_EDGE('',*,*,#4907,.T.);
#3616=ORIENTED_EDGE('',*,*,#4734,.T.);
#3617=ORIENTED_EDGE('',*,*,#4908,.T.);
#3618=ORIENTED_EDGE('',*,*,#4847,.T.);
#3619=ORIENTED_EDGE('',*,*,#4909,.F.);
#3620=ORIENTED_EDGE('',*,*,#4732,.T.);
#3621=ORIENTED_EDGE('',*,*,#4904,.F.);
#3622=ORIENTED_EDGE('',*,*,#4835,.T.);
#3623=ORIENTED_EDGE('',*,*,#5052,.F.);
#3624=ORIENTED_EDGE('',*,*,#4722,.T.);
#3625=ORIENTED_EDGE('',*,*,#4906,.F.);
#3626=ORIENTED_EDGE('',*,*,#4851,.T.);
#3627=ORIENTED_EDGE('',*,*,#4903,.T.);
#3628=ORIENTED_EDGE('',*,*,#4716,.T.);
#3629=ORIENTED_EDGE('',*,*,#5052,.T.);
#3630=ORIENTED_EDGE('',*,*,#4845,.T.);
#3631=ORIENTED_EDGE('',*,*,#4901,.T.);
#3632=ORIENTED_EDGE('',*,*,#4752,.T.);
#3633=ORIENTED_EDGE('',*,*,#4898,.T.);
#3634=ORIENTED_EDGE('',*,*,#4855,.T.);
#3635=ORIENTED_EDGE('',*,*,#4897,.F.);
#3636=ORIENTED_EDGE('',*,*,#4703,.T.);
#3637=ORIENTED_EDGE('',*,*,#4902,.F.);
#3638=ORIENTED_EDGE('',*,*,#4833,.T.);
#3639=ORIENTED_EDGE('',*,*,#4911,.F.);
#3640=ORIENTED_EDGE('',*,*,#4756,.T.);
#3641=ORIENTED_EDGE('',*,*,#4894,.F.);
#3642=ORIENTED_EDGE('',*,*,#4886,.T.);
#3643=ORIENTED_EDGE('',*,*,#4893,.T.);
#3644=ORIENTED_EDGE('',*,*,#4768,.T.);
#3645=ORIENTED_EDGE('',*,*,#4910,.T.);
#3646=ORIENTED_EDGE('',*,*,#4884,.T.);
#3647=ORIENTED_EDGE('',*,*,#5053,.F.);
#3648=ORIENTED_EDGE('',*,*,#4770,.T.);
#3649=ORIENTED_EDGE('',*,*,#4892,.F.);
#3650=ORIENTED_EDGE('',*,*,#4872,.T.);
#3651=ORIENTED_EDGE('',*,*,#4899,.T.);
#3652=ORIENTED_EDGE('',*,*,#4764,.T.);
#3653=ORIENTED_EDGE('',*,*,#5053,.T.);
#3654=ORIENTED_EDGE('',*,*,#4866,.T.);
#3655=ORIENTED_EDGE('',*,*,#5054,.F.);
#3656=ORIENTED_EDGE('',*,*,#4739,.T.);
#3657=ORIENTED_EDGE('',*,*,#4900,.F.);
#3658=ORIENTED_EDGE('',*,*,#4868,.T.);
#3659=ORIENTED_EDGE('',*,*,#4895,.T.);
#3660=ORIENTED_EDGE('',*,*,#4744,.T.);
#3661=ORIENTED_EDGE('',*,*,#5054,.T.);
#3662=ORIENTED_EDGE('',*,*,#4874,.T.);
#3663=ORIENTED_EDGE('',*,*,#4905,.T.);
#3664=ORIENTED_EDGE('',*,*,#4720,.T.);
#3665=ORIENTED_EDGE('',*,*,#5055,.T.);
#3666=ORIENTED_EDGE('',*,*,#4823,.T.);
#3667=ORIENTED_EDGE('',*,*,#5055,.F.);
#3668=ORIENTED_EDGE('',*,*,#4714,.T.);
#3669=ORIENTED_EDGE('',*,*,#4896,.F.);
#3670=ORIENTED_EDGE('',*,*,#4821,.T.);
#3671=ORIENTED_EDGE('',*,*,#4863,.T.);
#3672=ORIENTED_EDGE('',*,*,#4857,.T.);
#3673=ORIENTED_EDGE('',*,*,#4859,.T.);
#3674=ORIENTED_EDGE('',*,*,#4865,.T.);
#3675=ORIENTED_EDGE('',*,*,#4871,.T.);
#3676=ORIENTED_EDGE('',*,*,#4877,.T.);
#3677=ORIENTED_EDGE('',*,*,#4883,.T.);
#3678=ORIENTED_EDGE('',*,*,#4889,.T.);
#3679=ORIENTED_EDGE('',*,*,#4887,.T.);
#3680=ORIENTED_EDGE('',*,*,#4881,.T.);
#3681=ORIENTED_EDGE('',*,*,#4875,.T.);
#3682=ORIENTED_EDGE('',*,*,#4869,.T.);
#3683=ORIENTED_EDGE('',*,*,#4824,.T.);
#3684=ORIENTED_EDGE('',*,*,#4819,.T.);
#3685=ORIENTED_EDGE('',*,*,#4826,.T.);
#3686=ORIENTED_EDGE('',*,*,#4832,.T.);
#3687=ORIENTED_EDGE('',*,*,#4838,.T.);
#3688=ORIENTED_EDGE('',*,*,#4844,.T.);
#3689=ORIENTED_EDGE('',*,*,#4850,.T.);
#3690=ORIENTED_EDGE('',*,*,#4852,.T.);
#3691=ORIENTED_EDGE('',*,*,#4848,.T.);
#3692=ORIENTED_EDGE('',*,*,#4842,.T.);
#3693=ORIENTED_EDGE('',*,*,#4836,.T.);
#3694=ORIENTED_EDGE('',*,*,#4830,.T.);
#3695=ORIENTED_EDGE('',*,*,#5056,.T.);
#3696=ORIENTED_EDGE('',*,*,#4803,.F.);
#3697=ORIENTED_EDGE('',*,*,#5057,.T.);
#3698=ORIENTED_EDGE('',*,*,#4808,.T.);
#3699=ORIENTED_EDGE('',*,*,#4891,.T.);
#3700=ORIENTED_EDGE('',*,*,#4811,.T.);
#3701=ORIENTED_EDGE('',*,*,#5058,.T.);
#3702=ORIENTED_EDGE('',*,*,#4790,.F.);
#3703=ORIENTED_EDGE('',*,*,#5059,.T.);
#3704=ORIENTED_EDGE('',*,*,#4817,.T.);
#3705=ORIENTED_EDGE('',*,*,#4890,.T.);
#3706=ORIENTED_EDGE('',*,*,#4814,.T.);
#3707=ORIENTED_EDGE('',*,*,#5060,.T.);
#3708=ORIENTED_EDGE('',*,*,#4793,.F.);
#3709=ORIENTED_EDGE('',*,*,#5061,.T.);
#3710=ORIENTED_EDGE('',*,*,#4800,.F.);
#3711=ORIENTED_EDGE('',*,*,#4810,.T.);
#3712=ORIENTED_EDGE('',*,*,#4684,.T.);
#3713=ORIENTED_EDGE('',*,*,#4815,.T.);
#3714=ORIENTED_EDGE('',*,*,#5059,.F.);
#3715=ORIENTED_EDGE('',*,*,#4792,.F.);
#3716=ORIENTED_EDGE('',*,*,#4787,.F.);
#3717=ORIENTED_EDGE('',*,*,#4794,.T.);
#3718=ORIENTED_EDGE('',*,*,#5060,.F.);
#3719=ORIENTED_EDGE('',*,*,#4802,.F.);
#3720=ORIENTED_EDGE('',*,*,#4797,.F.);
#3721=ORIENTED_EDGE('',*,*,#4804,.T.);
#3722=ORIENTED_EDGE('',*,*,#5056,.F.);
#3723=ORIENTED_EDGE('',*,*,#4813,.T.);
#3724=ORIENTED_EDGE('',*,*,#4698,.T.);
#3725=ORIENTED_EDGE('',*,*,#4806,.T.);
#3726=ORIENTED_EDGE('',*,*,#5057,.F.);
#3727=ORIENTED_EDGE('',*,*,#4805,.F.);
#3728=ORIENTED_EDGE('',*,*,#4799,.F.);
#3729=ORIENTED_EDGE('',*,*,#4801,.T.);
#3730=ORIENTED_EDGE('',*,*,#5061,.F.);
#3731=ORIENTED_EDGE('',*,*,#4795,.F.);
#3732=ORIENTED_EDGE('',*,*,#4789,.F.);
#3733=ORIENTED_EDGE('',*,*,#4791,.T.);
#3734=ORIENTED_EDGE('',*,*,#5058,.F.);
#3735=ORIENTED_EDGE('',*,*,#4645,.F.);
#3736=ORIENTED_EDGE('',*,*,#5014,.F.);
#3737=ORIENTED_EDGE('',*,*,#5009,.F.);
#3738=ORIENTED_EDGE('',*,*,#5018,.T.);
#3739=ORIENTED_EDGE('',*,*,#4671,.T.);
#3740=ORIENTED_EDGE('',*,*,#5025,.F.);
#3741=ORIENTED_EDGE('',*,*,#5020,.F.);
#3742=ORIENTED_EDGE('',*,*,#5029,.T.);
#3743=ORIENTED_EDGE('',*,*,#4675,.T.);
#3744=ORIENTED_EDGE('',*,*,#5036,.F.);
#3745=ORIENTED_EDGE('',*,*,#5031,.F.);
#3746=ORIENTED_EDGE('',*,*,#5040,.T.);
#3747=ORIENTED_EDGE('',*,*,#4677,.T.);
#3748=ORIENTED_EDGE('',*,*,#5047,.F.);
#3749=ORIENTED_EDGE('',*,*,#5042,.F.);
#3750=ORIENTED_EDGE('',*,*,#5051,.T.);
#3751=ORIENTED_EDGE('',*,*,#5062,.T.);
#3752=ORIENTED_EDGE('',*,*,#4663,.T.);
#3753=ORIENTED_EDGE('',*,*,#5028,.F.);
#3754=ORIENTED_EDGE('',*,*,#5026,.F.);
#3755=ORIENTED_EDGE('',*,*,#5023,.F.);
#3756=ORIENTED_EDGE('',*,*,#4655,.T.);
#3757=ORIENTED_EDGE('',*,*,#5063,.F.);
#3758=ORIENTED_EDGE('',*,*,#4777,.T.);
#3759=ORIENTED_EDGE('',*,*,#4973,.T.);
#3760=ORIENTED_EDGE('',*,*,#4979,.T.);
#3761=ORIENTED_EDGE('',*,*,#4963,.F.);
#3762=ORIENTED_EDGE('',*,*,#4978,.F.);
#3763=ORIENTED_EDGE('',*,*,#4923,.F.);
#3764=ORIENTED_EDGE('',*,*,#4933,.T.);
#3765=ORIENTED_EDGE('',*,*,#4917,.T.);
#3766=ORIENTED_EDGE('',*,*,#4932,.F.);
#3767=ORIENTED_EDGE('',*,*,#5064,.T.);
#3768=ORIENTED_EDGE('',*,*,#4666,.T.);
#3769=ORIENTED_EDGE('',*,*,#5050,.F.);
#3770=ORIENTED_EDGE('',*,*,#5048,.F.);
#3771=ORIENTED_EDGE('',*,*,#5045,.F.);
#3772=ORIENTED_EDGE('',*,*,#4664,.T.);
#3773=ORIENTED_EDGE('',*,*,#5062,.F.);
#3774=ORIENTED_EDGE('',*,*,#4779,.T.);
#3775=ORIENTED_EDGE('',*,*,#5065,.T.);
#3776=ORIENTED_EDGE('',*,*,#4651,.T.);
#3777=ORIENTED_EDGE('',*,*,#5017,.F.);
#3778=ORIENTED_EDGE('',*,*,#5015,.F.);
#3779=ORIENTED_EDGE('',*,*,#5012,.F.);
#3780=ORIENTED_EDGE('',*,*,#4667,.T.);
#3781=ORIENTED_EDGE('',*,*,#5064,.F.);
#3782=ORIENTED_EDGE('',*,*,#4785,.T.);
#3783=ORIENTED_EDGE('',*,*,#4956,.F.);
#3784=ORIENTED_EDGE('',*,*,#4947,.F.);
#3785=ORIENTED_EDGE('',*,*,#4957,.T.);
#3786=ORIENTED_EDGE('',*,*,#4941,.T.);
#3787=ORIENTED_EDGE('',*,*,#5002,.F.);
#3788=ORIENTED_EDGE('',*,*,#4997,.T.);
#3789=ORIENTED_EDGE('',*,*,#5003,.T.);
#3790=ORIENTED_EDGE('',*,*,#4987,.F.);
#3791=ORIENTED_EDGE('',*,*,#5066,.F.);
#3792=ORIENTED_EDGE('',*,*,#4591,.F.);
#3793=ORIENTED_EDGE('',*,*,#4676,.T.);
#3794=ORIENTED_EDGE('',*,*,#4601,.F.);
#3795=ORIENTED_EDGE('',*,*,#4635,.F.);
#3796=ORIENTED_EDGE('',*,*,#4603,.F.);
#3797=ORIENTED_EDGE('',*,*,#4642,.T.);
#3798=ORIENTED_EDGE('',*,*,#4613,.F.);
#3799=ORIENTED_EDGE('',*,*,#4636,.F.);
#3800=ORIENTED_EDGE('',*,*,#4615,.F.);
#3801=ORIENTED_EDGE('',*,*,#4674,.T.);
#3802=ORIENTED_EDGE('',*,*,#4625,.F.);
#3803=ORIENTED_EDGE('',*,*,#4637,.F.);
#3804=ORIENTED_EDGE('',*,*,#4627,.F.);
#3805=ORIENTED_EDGE('',*,*,#4673,.T.);
#3806=ORIENTED_EDGE('',*,*,#4589,.F.);
#3807=ORIENTED_EDGE('',*,*,#4634,.F.);
#3808=ORIENTED_EDGE('',*,*,#4096,.F.);
#3809=ORIENTED_EDGE('',*,*,#4099,.F.);
#3810=ORIENTED_EDGE('',*,*,#4015,.F.);
#3811=ORIENTED_EDGE('',*,*,#4019,.F.);
#3812=ORIENTED_EDGE('',*,*,#4022,.F.);
#3813=ORIENTED_EDGE('',*,*,#4024,.F.);
#3814=ORIENTED_EDGE('',*,*,#4026,.F.);
#3815=ORIENTED_EDGE('',*,*,#4028,.F.);
#3816=ORIENTED_EDGE('',*,*,#4031,.F.);
#3817=ORIENTED_EDGE('',*,*,#4034,.F.);
#3818=ORIENTED_EDGE('',*,*,#4036,.F.);
#3819=ORIENTED_EDGE('',*,*,#4038,.F.);
#3820=ORIENTED_EDGE('',*,*,#4041,.F.);
#3821=ORIENTED_EDGE('',*,*,#4044,.F.);
#3822=ORIENTED_EDGE('',*,*,#4047,.F.);
#3823=ORIENTED_EDGE('',*,*,#4049,.F.);
#3824=ORIENTED_EDGE('',*,*,#4051,.F.);
#3825=ORIENTED_EDGE('',*,*,#4054,.F.);
#3826=ORIENTED_EDGE('',*,*,#4057,.F.);
#3827=ORIENTED_EDGE('',*,*,#4060,.F.);
#3828=ORIENTED_EDGE('',*,*,#4063,.F.);
#3829=ORIENTED_EDGE('',*,*,#4066,.F.);
#3830=ORIENTED_EDGE('',*,*,#4069,.F.);
#3831=ORIENTED_EDGE('',*,*,#4071,.F.);
#3832=ORIENTED_EDGE('',*,*,#4073,.F.);
#3833=ORIENTED_EDGE('',*,*,#4075,.F.);
#3834=ORIENTED_EDGE('',*,*,#4077,.F.);
#3835=ORIENTED_EDGE('',*,*,#4079,.F.);
#3836=ORIENTED_EDGE('',*,*,#4081,.F.);
#3837=ORIENTED_EDGE('',*,*,#4084,.F.);
#3838=ORIENTED_EDGE('',*,*,#4087,.F.);
#3839=ORIENTED_EDGE('',*,*,#4090,.F.);
#3840=ORIENTED_EDGE('',*,*,#4093,.F.);
#3841=ORIENTED_EDGE('',*,*,#4180,.F.);
#3842=ORIENTED_EDGE('',*,*,#4183,.F.);
#3843=ORIENTED_EDGE('',*,*,#4164,.F.);
#3844=ORIENTED_EDGE('',*,*,#4168,.F.);
#3845=ORIENTED_EDGE('',*,*,#4171,.F.);
#3846=ORIENTED_EDGE('',*,*,#4174,.F.);
#3847=ORIENTED_EDGE('',*,*,#4177,.F.);
#3848=ORIENTED_EDGE('',*,*,#4406,.F.);
#3849=ORIENTED_EDGE('',*,*,#4408,.F.);
#3850=ORIENTED_EDGE('',*,*,#4385,.F.);
#3851=ORIENTED_EDGE('',*,*,#4388,.F.);
#3852=ORIENTED_EDGE('',*,*,#4390,.F.);
#3853=ORIENTED_EDGE('',*,*,#4392,.F.);
#3854=ORIENTED_EDGE('',*,*,#4394,.F.);
#3855=ORIENTED_EDGE('',*,*,#4396,.F.);
#3856=ORIENTED_EDGE('',*,*,#4398,.F.);
#3857=ORIENTED_EDGE('',*,*,#4400,.F.);
#3858=ORIENTED_EDGE('',*,*,#4402,.F.);
#3859=ORIENTED_EDGE('',*,*,#4404,.F.);
#3860=ORIENTED_EDGE('',*,*,#4446,.F.);
#3861=ORIENTED_EDGE('',*,*,#4449,.F.);
#3862=ORIENTED_EDGE('',*,*,#4427,.F.);
#3863=ORIENTED_EDGE('',*,*,#4431,.F.);
#3864=ORIENTED_EDGE('',*,*,#4434,.F.);
#3865=ORIENTED_EDGE('',*,*,#4437,.F.);
#3866=ORIENTED_EDGE('',*,*,#4440,.F.);
#3867=ORIENTED_EDGE('',*,*,#4443,.F.);
#3868=ORIENTED_EDGE('',*,*,#4526,.F.);
#3869=ORIENTED_EDGE('',*,*,#4528,.F.);
#3870=ORIENTED_EDGE('',*,*,#4505,.F.);
#3871=ORIENTED_EDGE('',*,*,#4508,.F.);
#3872=ORIENTED_EDGE('',*,*,#4510,.F.);
#3873=ORIENTED_EDGE('',*,*,#4512,.F.);
#3874=ORIENTED_EDGE('',*,*,#4514,.F.);
#3875=ORIENTED_EDGE('',*,*,#4516,.F.);
#3876=ORIENTED_EDGE('',*,*,#4518,.F.);
#3877=ORIENTED_EDGE('',*,*,#4520,.F.);
#3878=ORIENTED_EDGE('',*,*,#4522,.F.);
#3879=ORIENTED_EDGE('',*,*,#4524,.F.);
#3880=ORIENTED_EDGE('',*,*,#4562,.F.);
#3881=ORIENTED_EDGE('',*,*,#4564,.F.);
#3882=ORIENTED_EDGE('',*,*,#4543,.F.);
#3883=ORIENTED_EDGE('',*,*,#4546,.F.);
#3884=ORIENTED_EDGE('',*,*,#4547,.F.);
#3885=ORIENTED_EDGE('',*,*,#4548,.F.);
#3886=ORIENTED_EDGE('',*,*,#4550,.F.);
#3887=ORIENTED_EDGE('',*,*,#4552,.F.);
#3888=ORIENTED_EDGE('',*,*,#4553,.F.);
#3889=ORIENTED_EDGE('',*,*,#4554,.F.);
#3890=ORIENTED_EDGE('',*,*,#4556,.F.);
#3891=ORIENTED_EDGE('',*,*,#4557,.F.);
#3892=ORIENTED_EDGE('',*,*,#4558,.F.);
#3893=ORIENTED_EDGE('',*,*,#4560,.F.);
#3894=ORIENTED_EDGE('',*,*,#4580,.F.);
#3895=ORIENTED_EDGE('',*,*,#4582,.F.);
#3896=ORIENTED_EDGE('',*,*,#4571,.F.);
#3897=ORIENTED_EDGE('',*,*,#4574,.F.);
#3898=ORIENTED_EDGE('',*,*,#4576,.F.);
#3899=ORIENTED_EDGE('',*,*,#4578,.F.);
#3900=ORIENTED_EDGE('',*,*,#5063,.T.);
#3901=ORIENTED_EDGE('',*,*,#4654,.T.);
#3902=ORIENTED_EDGE('',*,*,#5039,.F.);
#3903=ORIENTED_EDGE('',*,*,#5037,.F.);
#3904=ORIENTED_EDGE('',*,*,#5034,.F.);
#3905=ORIENTED_EDGE('',*,*,#4652,.T.);
#3906=ORIENTED_EDGE('',*,*,#5065,.F.);
#3907=ORIENTED_EDGE('',*,*,#4783,.T.);
#3908=ORIENTED_EDGE('',*,*,#4488,.F.);
#3909=ORIENTED_EDGE('',*,*,#4491,.F.);
#3910=ORIENTED_EDGE('',*,*,#4472,.F.);
#3911=ORIENTED_EDGE('',*,*,#4476,.F.);
#3912=ORIENTED_EDGE('',*,*,#4479,.F.);
#3913=ORIENTED_EDGE('',*,*,#4482,.F.);
#3914=ORIENTED_EDGE('',*,*,#4485,.F.);
#3915=ORIENTED_EDGE('',*,*,#4368,.F.);
#3916=ORIENTED_EDGE('',*,*,#4371,.F.);
#3917=ORIENTED_EDGE('',*,*,#4333,.F.);
#3918=ORIENTED_EDGE('',*,*,#4337,.F.);
#3919=ORIENTED_EDGE('',*,*,#4340,.F.);
#3920=ORIENTED_EDGE('',*,*,#4343,.F.);
#3921=ORIENTED_EDGE('',*,*,#4346,.F.);
#3922=ORIENTED_EDGE('',*,*,#4349,.F.);
#3923=ORIENTED_EDGE('',*,*,#4352,.F.);
#3924=ORIENTED_EDGE('',*,*,#4355,.F.);
#3925=ORIENTED_EDGE('',*,*,#4358,.F.);
#3926=ORIENTED_EDGE('',*,*,#4361,.F.);
#3927=ORIENTED_EDGE('',*,*,#4364,.F.);
#3928=ORIENTED_EDGE('',*,*,#4366,.F.);
#3929=ORIENTED_EDGE('',*,*,#4307,.F.);
#3930=ORIENTED_EDGE('',*,*,#4308,.F.);
#3931=ORIENTED_EDGE('',*,*,#4283,.F.);
#3932=ORIENTED_EDGE('',*,*,#4285,.F.);
#3933=ORIENTED_EDGE('',*,*,#4287,.F.);
#3934=ORIENTED_EDGE('',*,*,#4288,.F.);
#3935=ORIENTED_EDGE('',*,*,#4289,.F.);
#3936=ORIENTED_EDGE('',*,*,#4290,.F.);
#3937=ORIENTED_EDGE('',*,*,#4291,.F.);
#3938=ORIENTED_EDGE('',*,*,#4292,.F.);
#3939=ORIENTED_EDGE('',*,*,#4293,.F.);
#3940=ORIENTED_EDGE('',*,*,#4294,.F.);
#3941=ORIENTED_EDGE('',*,*,#4295,.F.);
#3942=ORIENTED_EDGE('',*,*,#4296,.F.);
#3943=ORIENTED_EDGE('',*,*,#4297,.F.);
#3944=ORIENTED_EDGE('',*,*,#4299,.F.);
#3945=ORIENTED_EDGE('',*,*,#4300,.F.);
#3946=ORIENTED_EDGE('',*,*,#4301,.F.);
#3947=ORIENTED_EDGE('',*,*,#4302,.F.);
#3948=ORIENTED_EDGE('',*,*,#4303,.F.);
#3949=ORIENTED_EDGE('',*,*,#4305,.F.);
#3950=ORIENTED_EDGE('',*,*,#4259,.F.);
#3951=ORIENTED_EDGE('',*,*,#4261,.F.);
#3952=ORIENTED_EDGE('',*,*,#4236,.F.);
#3953=ORIENTED_EDGE('',*,*,#4239,.F.);
#3954=ORIENTED_EDGE('',*,*,#4240,.F.);
#3955=ORIENTED_EDGE('',*,*,#4241,.F.);
#3956=ORIENTED_EDGE('',*,*,#4242,.F.);
#3957=ORIENTED_EDGE('',*,*,#4243,.F.);
#3958=ORIENTED_EDGE('',*,*,#4245,.F.);
#3959=ORIENTED_EDGE('',*,*,#4247,.F.);
#3960=ORIENTED_EDGE('',*,*,#4249,.F.);
#3961=ORIENTED_EDGE('',*,*,#4251,.F.);
#3962=ORIENTED_EDGE('',*,*,#4253,.F.);
#3963=ORIENTED_EDGE('',*,*,#4255,.F.);
#3964=ORIENTED_EDGE('',*,*,#4257,.F.);
#3965=ORIENTED_EDGE('',*,*,#4218,.F.);
#3966=ORIENTED_EDGE('',*,*,#4220,.F.);
#3967=ORIENTED_EDGE('',*,*,#4197,.F.);
#3968=ORIENTED_EDGE('',*,*,#4200,.F.);
#3969=ORIENTED_EDGE('',*,*,#4202,.F.);
#3970=ORIENTED_EDGE('',*,*,#4204,.F.);
#3971=ORIENTED_EDGE('',*,*,#4206,.F.);
#3972=ORIENTED_EDGE('',*,*,#4208,.F.);
#3973=ORIENTED_EDGE('',*,*,#4210,.F.);
#3974=ORIENTED_EDGE('',*,*,#4212,.F.);
#3975=ORIENTED_EDGE('',*,*,#4214,.F.);
#3976=ORIENTED_EDGE('',*,*,#4216,.F.);
#3977=ORIENTED_EDGE('',*,*,#4138,.F.);
#3978=ORIENTED_EDGE('',*,*,#4141,.F.);
#3979=ORIENTED_EDGE('',*,*,#4119,.F.);
#3980=ORIENTED_EDGE('',*,*,#4123,.F.);
#3981=ORIENTED_EDGE('',*,*,#4126,.F.);
#3982=ORIENTED_EDGE('',*,*,#4129,.F.);
#3983=ORIENTED_EDGE('',*,*,#4132,.F.);
#3984=ORIENTED_EDGE('',*,*,#4135,.F.);
#3985=ORIENTED_EDGE('',*,*,#4641,.F.);
#3986=ORIENTED_EDGE('',*,*,#5067,.F.);
#3987=ORIENTED_EDGE('',*,*,#4640,.F.);
#3988=ORIENTED_EDGE('',*,*,#5068,.F.);
#3989=ORIENTED_EDGE('',*,*,#5069,.F.);
#3990=ORIENTED_EDGE('',*,*,#4639,.F.);
#3991=ORIENTED_EDGE('',*,*,#5070,.F.);
#3992=ORIENTED_EDGE('',*,*,#4638,.F.);
#3993=ORIENTED_EDGE('',*,*,#4633,.T.);
#3994=ORIENTED_EDGE('',*,*,#5067,.T.);
#3995=ORIENTED_EDGE('',*,*,#4621,.T.);
#3996=ORIENTED_EDGE('',*,*,#5068,.T.);
#3997=ORIENTED_EDGE('',*,*,#4609,.T.);
#3998=ORIENTED_EDGE('',*,*,#5069,.T.);
#3999=ORIENTED_EDGE('',*,*,#4597,.T.);
#4000=ORIENTED_EDGE('',*,*,#5070,.T.);
#4001=ORIENTED_EDGE('',*,*,#5066,.T.);
#4002=ORIENTED_EDGE('',*,*,#5071,.T.);
#4003=ORIENTED_EDGE('',*,*,#4584,.T.);
#4004=ORIENTED_EDGE('',*,*,#5072,.T.);
#4005=ORIENTED_EDGE('',*,*,#4585,.F.);
#4006=ORIENTED_EDGE('',*,*,#5071,.F.);
#4007=ORIENTED_EDGE('',*,*,#4583,.F.);
#4008=ORIENTED_EDGE('',*,*,#5072,.F.);
#4009=EDGE_CURVE('',#5073,#5074,#5752,.T.);
#4010=EDGE_CURVE('',#5074,#5073,#5753,.T.);
#4011=EDGE_CURVE('',#5075,#5074,#265,.T.);
#4012=EDGE_CURVE('',#5075,#5076,#5754,.T.);
#4013=EDGE_CURVE('',#5076,#5073,#266,.T.);
#4014=EDGE_CURVE('',#5076,#5075,#5755,.T.);
#4015=EDGE_CURVE('',#5077,#5078,#5756,.T.);
#4016=EDGE_CURVE('',#5079,#5078,#267,.T.);
#4017=EDGE_CURVE('',#5080,#5079,#5757,.T.);
#4018=EDGE_CURVE('',#5080,#5077,#268,.T.);
#4019=EDGE_CURVE('',#5081,#5077,#5758,.T.);
#4020=EDGE_CURVE('',#5082,#5080,#5759,.T.);
#4021=EDGE_CURVE('',#5082,#5081,#269,.T.);
#4022=EDGE_CURVE('',#5083,#5081,#270,.T.);
#4023=EDGE_CURVE('',#5083,#5082,#271,.T.);
#4024=EDGE_CURVE('',#5084,#5083,#74,.T.);
#4025=EDGE_CURVE('',#5084,#5083,#75,.T.);
#4026=EDGE_CURVE('',#5085,#5084,#76,.T.);
#4027=EDGE_CURVE('',#5085,#5084,#77,.T.);
#4028=EDGE_CURVE('',#5086,#5085,#5760,.T.);
#4029=EDGE_CURVE('',#5087,#5085,#5761,.T.);
#4030=EDGE_CURVE('',#5087,#5086,#272,.T.);
#4031=EDGE_CURVE('',#5088,#5086,#273,.T.);
#4032=EDGE_CURVE('',#5089,#5087,#274,.T.);
#4033=EDGE_CURVE('',#5089,#5088,#275,.T.);
#4034=EDGE_CURVE('',#5090,#5088,#5762,.T.);
#4035=EDGE_CURVE('',#5090,#5089,#5763,.T.);
#4036=EDGE_CURVE('',#5091,#5090,#78,.T.);
#4037=EDGE_CURVE('',#5091,#5090,#79,.T.);
#4038=EDGE_CURVE('',#5092,#5091,#276,.T.);
#4039=EDGE_CURVE('',#5093,#5091,#277,.T.);
#4040=EDGE_CURVE('',#5093,#5092,#278,.T.);
#4041=EDGE_CURVE('',#5094,#5092,#5764,.T.);
#4042=EDGE_CURVE('',#5095,#5093,#5765,.T.);
#4043=EDGE_CURVE('',#5095,#5094,#279,.T.);
#4044=EDGE_CURVE('',#5096,#5094,#5766,.T.);
#4045=EDGE_CURVE('',#5097,#5095,#5767,.T.);
#4046=EDGE_CURVE('',#5097,#5096,#280,.T.);
#4047=EDGE_CURVE('',#5098,#5096,#5768,.T.);
#4048=EDGE_CURVE('',#5098,#5097,#5769,.T.);
#4049=EDGE_CURVE('',#5099,#5098,#80,.T.);
#4050=EDGE_CURVE('',#5099,#5098,#81,.T.);
#4051=EDGE_CURVE('',#5100,#5099,#5770,.T.);
#4052=EDGE_CURVE('',#5101,#5099,#5771,.T.);
#4053=EDGE_CURVE('',#5101,#5100,#281,.T.);
#4054=EDGE_CURVE('',#5102,#5100,#5772,.T.);
#4055=EDGE_CURVE('',#5103,#5101,#5773,.T.);
#4056=EDGE_CURVE('',#5103,#5102,#282,.T.);
#4057=EDGE_CURVE('',#5104,#5102,#5774,.T.);
#4058=EDGE_CURVE('',#5105,#5103,#5775,.T.);
#4059=EDGE_CURVE('',#5105,#5104,#283,.T.);
#4060=EDGE_CURVE('',#5106,#5104,#284,.T.);
#4061=EDGE_CURVE('',#5107,#5105,#285,.T.);
#4062=EDGE_CURVE('',#5107,#5106,#286,.T.);
#4063=EDGE_CURVE('',#5108,#5106,#287,.T.);
#4064=EDGE_CURVE('',#5109,#5107,#288,.T.);
#4065=EDGE_CURVE('',#5109,#5108,#289,.T.);
#4066=EDGE_CURVE('',#5110,#5108,#290,.T.);
#4067=EDGE_CURVE('',#5111,#5109,#291,.T.);
#4068=EDGE_CURVE('',#5111,#5110,#292,.T.);
#4069=EDGE_CURVE('',#5112,#5110,#293,.T.);
#4070=EDGE_CURVE('',#5112,#5111,#294,.T.);
#4071=EDGE_CURVE('',#5113,#5112,#82,.T.);
#4072=EDGE_CURVE('',#5113,#5112,#83,.T.);
#4073=EDGE_CURVE('',#5114,#5113,#5776,.T.);
#4074=EDGE_CURVE('',#5114,#5113,#5777,.T.);
#4075=EDGE_CURVE('',#5115,#5114,#84,.T.);
#4076=EDGE_CURVE('',#5115,#5114,#85,.T.);
#4077=EDGE_CURVE('',#5116,#5115,#86,.T.);
#4078=EDGE_CURVE('',#5116,#5115,#87,.T.);
#4079=EDGE_CURVE('',#5117,#5116,#88,.T.);
#4080=EDGE_CURVE('',#5117,#5116,#89,.T.);
#4081=EDGE_CURVE('',#5118,#5117,#5778,.T.);
#4082=EDGE_CURVE('',#5119,#5117,#5779,.T.);
#4083=EDGE_CURVE('',#5119,#5118,#295,.T.);
#4084=EDGE_CURVE('',#5120,#5118,#5780,.T.);
#4085=EDGE_CURVE('',#5121,#5119,#5781,.T.);
#4086=EDGE_CURVE('',#5121,#5120,#296,.T.);
#4087=EDGE_CURVE('',#5122,#5120,#5782,.T.);
#4088=EDGE_CURVE('',#5123,#5121,#5783,.T.);
#4089=EDGE_CURVE('',#5123,#5122,#297,.T.);
#4090=EDGE_CURVE('',#5124,#5122,#5784,.T.);
#4091=EDGE_CURVE('',#5125,#5123,#5785,.T.);
#4092=EDGE_CURVE('',#5125,#5124,#298,.T.);
#4093=EDGE_CURVE('',#5126,#5124,#5786,.T.);
#4094=EDGE_CURVE('',#5127,#5125,#5787,.T.);
#4095=EDGE_CURVE('',#5127,#5126,#299,.T.);
#4096=EDGE_CURVE('',#5128,#5126,#5788,.T.);
#4097=EDGE_CURVE('',#5129,#5127,#5789,.T.);
#4098=EDGE_CURVE('',#5129,#5128,#300,.T.);
#4099=EDGE_CURVE('',#5078,#5128,#5790,.T.);
#4100=EDGE_CURVE('',#5079,#5129,#5791,.T.);
#4101=EDGE_CURVE('',#5130,#5131,#301,.T.);
#4102=EDGE_CURVE('',#5131,#5132,#302,.T.);
#4103=EDGE_CURVE('',#5132,#5133,#5792,.T.);
#4104=EDGE_CURVE('',#5133,#5134,#303,.T.);
#4105=EDGE_CURVE('',#5134,#5135,#5793,.T.);
#4106=EDGE_CURVE('',#5135,#5130,#304,.T.);
#4107=EDGE_CURVE('',#5136,#5135,#305,.T.);
#4108=EDGE_CURVE('',#5136,#5137,#306,.T.);
#4109=EDGE_CURVE('',#5137,#5130,#307,.T.);
#4110=EDGE_CURVE('',#5138,#5134,#308,.T.);
#4111=EDGE_CURVE('',#5138,#5136,#5794,.T.);
#4112=EDGE_CURVE('',#5139,#5133,#309,.T.);
#4113=EDGE_CURVE('',#5139,#5138,#310,.T.);
#4114=EDGE_CURVE('',#5140,#5132,#311,.T.);
#4115=EDGE_CURVE('',#5140,#5139,#5795,.T.);
#4116=EDGE_CURVE('',#5141,#5131,#312,.T.);
#4117=EDGE_CURVE('',#5141,#5140,#313,.T.);
#4118=EDGE_CURVE('',#5137,#5141,#314,.T.);
#4119=EDGE_CURVE('',#5142,#5143,#315,.T.);
#4120=EDGE_CURVE('',#5144,#5143,#316,.T.);
#4121=EDGE_CURVE('',#5145,#5144,#317,.T.);
#4122=EDGE_CURVE('',#5145,#5142,#318,.T.);
#4123=EDGE_CURVE('',#5146,#5142,#319,.T.);
#4124=EDGE_CURVE('',#5147,#5145,#320,.T.);
#4125=EDGE_CURVE('',#5147,#5146,#321,.T.);
#4126=EDGE_CURVE('',#5148,#5146,#322,.T.);
#4127=EDGE_CURVE('',#5149,#5147,#323,.T.);
#4128=EDGE_CURVE('',#5149,#5148,#324,.T.);
#4129=EDGE_CURVE('',#5150,#5148,#325,.T.);
#4130=EDGE_CURVE('',#5151,#5149,#326,.T.);
#4131=EDGE_CURVE('',#5151,#5150,#327,.T.);
#4132=EDGE_CURVE('',#5152,#5150,#328,.T.);
#4133=EDGE_CURVE('',#5153,#5151,#329,.T.);
#4134=EDGE_CURVE('',#5153,#5152,#330,.T.);
#4135=EDGE_CURVE('',#5154,#5152,#331,.T.);
#4136=EDGE_CURVE('',#5155,#5153,#332,.T.);
#4137=EDGE_CURVE('',#5155,#5154,#333,.T.);
#4138=EDGE_CURVE('',#5156,#5154,#334,.T.);
#4139=EDGE_CURVE('',#5157,#5155,#335,.T.);
#4140=EDGE_CURVE('',#5157,#5156,#336,.T.);
#4141=EDGE_CURVE('',#5143,#5156,#337,.T.);
#4142=EDGE_CURVE('',#5144,#5157,#338,.T.);
#4143=EDGE_CURVE('',#5158,#5159,#339,.T.);
#4144=EDGE_CURVE('',#5159,#5160,#340,.T.);
#4145=EDGE_CURVE('',#5160,#5161,#341,.T.);
#4146=EDGE_CURVE('',#5161,#5162,#5796,.T.);
#4147=EDGE_CURVE('',#5162,#5163,#5797,.T.);
#4148=EDGE_CURVE('',#5163,#5164,#5798,.T.);
#4149=EDGE_CURVE('',#5164,#5158,#5799,.T.);
#4150=EDGE_CURVE('',#5165,#5164,#342,.T.);
#4151=EDGE_CURVE('',#5165,#5166,#5800,.T.);
#4152=EDGE_CURVE('',#5166,#5158,#343,.T.);
#4153=EDGE_CURVE('',#5167,#5163,#344,.T.);
#4154=EDGE_CURVE('',#5167,#5165,#5801,.T.);
#4155=EDGE_CURVE('',#5168,#5162,#345,.T.);
#4156=EDGE_CURVE('',#5168,#5167,#5802,.T.);
#4157=EDGE_CURVE('',#5169,#5161,#346,.T.);
#4158=EDGE_CURVE('',#5169,#5168,#5803,.T.);
#4159=EDGE_CURVE('',#5170,#5160,#347,.T.);
#4160=EDGE_CURVE('',#5170,#5169,#348,.T.);
#4161=EDGE_CURVE('',#5171,#5159,#349,.T.);
#4162=EDGE_CURVE('',#5171,#5170,#350,.T.);
#4163=EDGE_CURVE('',#5166,#5171,#351,.T.);
#4164=EDGE_CURVE('',#5172,#5173,#352,.T.);
#4165=EDGE_CURVE('',#5174,#5173,#353,.T.);
#4166=EDGE_CURVE('',#5175,#5174,#354,.T.);
#4167=EDGE_CURVE('',#5175,#5172,#355,.T.);
#4168=EDGE_CURVE('',#5176,#5172,#356,.T.);
#4169=EDGE_CURVE('',#5177,#5175,#357,.T.);
#4170=EDGE_CURVE('',#5177,#5176,#358,.T.);
#4171=EDGE_CURVE('',#5178,#5176,#5804,.T.);
#4172=EDGE_CURVE('',#5179,#5177,#5805,.T.);
#4173=EDGE_CURVE('',#5179,#5178,#359,.T.);
#4174=EDGE_CURVE('',#5180,#5178,#5806,.T.);
#4175=EDGE_CURVE('',#5181,#5179,#5807,.T.);
#4176=EDGE_CURVE('',#5181,#5180,#360,.T.);
#4177=EDGE_CURVE('',#5182,#5180,#5808,.T.);
#4178=EDGE_CURVE('',#5183,#5181,#5809,.T.);
#4179=EDGE_CURVE('',#5183,#5182,#361,.T.);
#4180=EDGE_CURVE('',#5184,#5182,#5810,.T.);
#4181=EDGE_CURVE('',#5185,#5183,#5811,.T.);
#4182=EDGE_CURVE('',#5185,#5184,#362,.T.);
#4183=EDGE_CURVE('',#5173,#5184,#363,.T.);
#4184=EDGE_CURVE('',#5174,#5185,#364,.T.);
#4185=EDGE_CURVE('',#5186,#5187,#365,.T.);
#4186=EDGE_CURVE('',#5187,#5188,#366,.T.);
#4187=EDGE_CURVE('',#5188,#5189,#367,.T.);
#4188=EDGE_CURVE('',#5189,#5190,#368,.T.);
#4189=EDGE_CURVE('',#5190,#5191,#369,.T.);
#4190=EDGE_CURVE('',#5191,#5192,#370,.T.);
#4191=EDGE_CURVE('',#5192,#5193,#371,.T.);
#4192=EDGE_CURVE('',#5193,#5194,#372,.T.);
#4193=EDGE_CURVE('',#5194,#5195,#373,.T.);
#4194=EDGE_CURVE('',#5195,#5196,#374,.T.);
#4195=EDGE_CURVE('',#5196,#5197,#375,.T.);
#4196=EDGE_CURVE('',#5197,#5186,#376,.T.);
#4197=EDGE_CURVE('',#5198,#5199,#377,.T.);
#4198=EDGE_CURVE('',#5186,#5199,#378,.T.);
#4199=EDGE_CURVE('',#5197,#5198,#379,.T.);
#4200=EDGE_CURVE('',#5200,#5198,#380,.T.);
#4201=EDGE_CURVE('',#5196,#5200,#381,.T.);
#4202=EDGE_CURVE('',#5201,#5200,#382,.T.);
#4203=EDGE_CURVE('',#5195,#5201,#383,.T.);
#4204=EDGE_CURVE('',#5202,#5201,#384,.T.);
#4205=EDGE_CURVE('',#5194,#5202,#385,.T.);
#4206=EDGE_CURVE('',#5203,#5202,#386,.T.);
#4207=EDGE_CURVE('',#5193,#5203,#387,.T.);
#4208=EDGE_CURVE('',#5204,#5203,#388,.T.);
#4209=EDGE_CURVE('',#5192,#5204,#389,.T.);
#4210=EDGE_CURVE('',#5205,#5204,#390,.T.);
#4211=EDGE_CURVE('',#5191,#5205,#391,.T.);
#4212=EDGE_CURVE('',#5206,#5205,#392,.T.);
#4213=EDGE_CURVE('',#5190,#5206,#393,.T.);
#4214=EDGE_CURVE('',#5207,#5206,#394,.T.);
#4215=EDGE_CURVE('',#5189,#5207,#395,.T.);
#4216=EDGE_CURVE('',#5208,#5207,#396,.T.);
#4217=EDGE_CURVE('',#5188,#5208,#397,.T.);
#4218=EDGE_CURVE('',#5209,#5208,#398,.T.);
#4219=EDGE_CURVE('',#5187,#5209,#399,.T.);
#4220=EDGE_CURVE('',#5199,#5209,#400,.T.);
#4221=EDGE_CURVE('',#5210,#5211,#401,.T.);
#4222=EDGE_CURVE('',#5211,#5212,#402,.T.);
#4223=EDGE_CURVE('',#5212,#5213,#403,.T.);
#4224=EDGE_CURVE('',#5213,#5214,#404,.T.);
#4225=EDGE_CURVE('',#5214,#5215,#405,.T.);
#4226=EDGE_CURVE('',#5215,#5216,#406,.T.);
#4227=EDGE_CURVE('',#5216,#5217,#407,.T.);
#4228=EDGE_CURVE('',#5217,#5218,#408,.T.);
#4229=EDGE_CURVE('',#5218,#5219,#409,.T.);
#4230=EDGE_CURVE('',#5219,#5220,#5812,.T.);
#4231=EDGE_CURVE('',#5220,#5221,#90,.T.);
#4232=EDGE_CURVE('',#5221,#5222,#410,.T.);
#4233=EDGE_CURVE('',#5222,#5223,#91,.T.);
#4234=EDGE_CURVE('',#5223,#5224,#5813,.T.);
#4235=EDGE_CURVE('',#5224,#5210,#411,.T.);
#4236=EDGE_CURVE('',#5225,#5226,#412,.T.);
#4237=EDGE_CURVE('',#5210,#5226,#413,.T.);
#4238=EDGE_CURVE('',#5224,#5225,#414,.T.);
#4239=EDGE_CURVE('',#5223,#5225,#5814,.T.);
#4240=EDGE_CURVE('',#5222,#5223,#92,.T.);
#4241=EDGE_CURVE('',#5221,#5222,#415,.T.);
#4242=EDGE_CURVE('',#5220,#5221,#93,.T.);
#4243=EDGE_CURVE('',#5227,#5220,#5815,.T.);
#4244=EDGE_CURVE('',#5219,#5227,#416,.T.);
#4245=EDGE_CURVE('',#5228,#5227,#417,.T.);
#4246=EDGE_CURVE('',#5218,#5228,#418,.T.);
#4247=EDGE_CURVE('',#5229,#5228,#419,.T.);
#4248=EDGE_CURVE('',#5217,#5229,#420,.T.);
#4249=EDGE_CURVE('',#5230,#5229,#421,.T.);
#4250=EDGE_CURVE('',#5216,#5230,#422,.T.);
#4251=EDGE_CURVE('',#5231,#5230,#423,.T.);
#4252=EDGE_CURVE('',#5215,#5231,#424,.T.);
#4253=EDGE_CURVE('',#5232,#5231,#425,.T.);
#4254=EDGE_CURVE('',#5214,#5232,#426,.T.);
#4255=EDGE_CURVE('',#5233,#5232,#427,.T.);
#4256=EDGE_CURVE('',#5213,#5233,#428,.T.);
#4257=EDGE_CURVE('',#5234,#5233,#429,.F.);
#4258=EDGE_CURVE('',#5212,#5234,#430,.T.);
#4259=EDGE_CURVE('',#5235,#5234,#431,.T.);
#4260=EDGE_CURVE('',#5211,#5235,#432,.T.);
#4261=EDGE_CURVE('',#5226,#5235,#433,.T.);
#4262=EDGE_CURVE('',#5236,#5237,#94,.T.);
#4263=EDGE_CURVE('',#5237,#5238,#434,.T.);
#4264=EDGE_CURVE('',#5238,#5239,#5816,.T.);
#4265=EDGE_CURVE('',#5239,#5240,#5817,.T.);
#4266=EDGE_CURVE('',#5240,#5241,#95,.T.);
#4267=EDGE_CURVE('',#5241,#5242,#96,.T.);
#4268=EDGE_CURVE('',#5242,#5243,#97,.T.);
#4269=EDGE_CURVE('',#5243,#5244,#5818,.T.);
#4270=EDGE_CURVE('',#5244,#5245,#5819,.T.);
#4271=EDGE_CURVE('',#5245,#5246,#98,.T.);
#4272=EDGE_CURVE('',#5246,#5247,#5820,.T.);
#4273=EDGE_CURVE('',#5247,#5248,#99,.T.);
#4274=EDGE_CURVE('',#5248,#5249,#435,.T.);
#4275=EDGE_CURVE('',#5249,#5250,#100,.T.);
#4276=EDGE_CURVE('',#5250,#5251,#5821,.T.);
#4277=EDGE_CURVE('',#5251,#5252,#101,.T.);
#4278=EDGE_CURVE('',#5252,#5253,#102,.T.);
#4279=EDGE_CURVE('',#5253,#5254,#103,.T.);
#4280=EDGE_CURVE('',#5254,#5255,#5822,.T.);
#4281=EDGE_CURVE('',#5255,#5256,#5823,.T.);
#4282=EDGE_CURVE('',#5256,#5236,#5824,.T.);
#4283=EDGE_CURVE('',#5257,#5236,#5825,.T.);
#4284=EDGE_CURVE('',#5256,#5257,#436,.T.);
#4285=EDGE_CURVE('',#5258,#5257,#5826,.T.);
#4286=EDGE_CURVE('',#5255,#5258,#437,.T.);
#4287=EDGE_CURVE('',#5254,#5258,#5827,.T.);
#4288=EDGE_CURVE('',#5253,#5254,#104,.T.);
#4289=EDGE_CURVE('',#5252,#5253,#105,.T.);
#4290=EDGE_CURVE('',#5251,#5252,#106,.T.);
#4291=EDGE_CURVE('',#5250,#5251,#5828,.T.);
#4292=EDGE_CURVE('',#5249,#5250,#107,.T.);
#4293=EDGE_CURVE('',#5248,#5249,#438,.T.);
#4294=EDGE_CURVE('',#5247,#5248,#108,.T.);
#4295=EDGE_CURVE('',#5246,#5247,#5829,.T.);
#4296=EDGE_CURVE('',#5245,#5246,#109,.T.);
#4297=EDGE_CURVE('',#5259,#5245,#5830,.T.);
#4298=EDGE_CURVE('',#5244,#5259,#439,.T.);
#4299=EDGE_CURVE('',#5243,#5259,#5831,.T.);
#4300=EDGE_CURVE('',#5242,#5243,#110,.T.);
#4301=EDGE_CURVE('',#5241,#5242,#111,.T.);
#4302=EDGE_CURVE('',#5240,#5241,#112,.T.);
#4303=EDGE_CURVE('',#5260,#5240,#5832,.T.);
#4304=EDGE_CURVE('',#5239,#5260,#440,.T.);
#4305=EDGE_CURVE('',#5261,#5260,#5833,.T.);
#4306=EDGE_CURVE('',#5238,#5261,#441,.T.);
#4307=EDGE_CURVE('',#5237,#5261,#442,.T.);
#4308=EDGE_CURVE('',#5236,#5237,#113,.T.);
#4309=EDGE_CURVE('',#5262,#5263,#5834,.T.);
#4310=EDGE_CURVE('',#5263,#5264,#5835,.T.);
#4311=EDGE_CURVE('',#5264,#5265,#5836,.T.);
#4312=EDGE_CURVE('',#5265,#5266,#5837,.T.);
#4313=EDGE_CURVE('',#5266,#5267,#5838,.T.);
#4314=EDGE_CURVE('',#5267,#5268,#5839,.T.);
#4315=EDGE_CURVE('',#5268,#5269,#443,.T.);
#4316=EDGE_CURVE('',#5269,#5262,#444,.T.);
#4317=EDGE_CURVE('',#5270,#5269,#445,.T.);
#4318=EDGE_CURVE('',#5270,#5271,#446,.T.);
#4319=EDGE_CURVE('',#5271,#5262,#447,.T.);
#4320=EDGE_CURVE('',#5272,#5268,#448,.T.);
#4321=EDGE_CURVE('',#5272,#5270,#449,.T.);
#4322=EDGE_CURVE('',#5273,#5267,#450,.T.);
#4323=EDGE_CURVE('',#5273,#5272,#5840,.T.);
#4324=EDGE_CURVE('',#5274,#5266,#451,.T.);
#4325=EDGE_CURVE('',#5274,#5273,#5841,.T.);
#4326=EDGE_CURVE('',#5275,#5265,#452,.T.);
#4327=EDGE_CURVE('',#5275,#5274,#5842,.T.);
#4328=EDGE_CURVE('',#5276,#5264,#453,.T.);
#4329=EDGE_CURVE('',#5276,#5275,#5843,.T.);
#4330=EDGE_CURVE('',#5277,#5263,#454,.T.);
#4331=EDGE_CURVE('',#5277,#5276,#5844,.T.);
#4332=EDGE_CURVE('',#5271,#5277,#5845,.T.);
#4333=EDGE_CURVE('',#5278,#5279,#5846,.T.);
#4334=EDGE_CURVE('',#5280,#5279,#455,.T.);
#4335=EDGE_CURVE('',#5281,#5280,#5847,.T.);
#4336=EDGE_CURVE('',#5281,#5278,#456,.T.);
#4337=EDGE_CURVE('',#5282,#5278,#457,.T.);
#4338=EDGE_CURVE('',#5283,#5281,#458,.T.);
#4339=EDGE_CURVE('',#5283,#5282,#459,.T.);
#4340=EDGE_CURVE('',#5284,#5282,#460,.T.);
#4341=EDGE_CURVE('',#5285,#5283,#461,.T.);
#4342=EDGE_CURVE('',#5285,#5284,#462,.T.);
#4343=EDGE_CURVE('',#5286,#5284,#463,.T.);
#4344=EDGE_CURVE('',#5287,#5285,#464,.T.);
#4345=EDGE_CURVE('',#5287,#5286,#465,.T.);
#4346=EDGE_CURVE('',#5288,#5286,#466,.T.);
#4347=EDGE_CURVE('',#5289,#5287,#467,.T.);
#4348=EDGE_CURVE('',#5289,#5288,#468,.F.);
#4349=EDGE_CURVE('',#5290,#5288,#114,.T.);
#4350=EDGE_CURVE('',#5291,#5289,#115,.T.);
#4351=EDGE_CURVE('',#5291,#5290,#469,.T.);
#4352=EDGE_CURVE('',#5292,#5290,#5848,.T.);
#4353=EDGE_CURVE('',#5293,#5291,#5849,.T.);
#4354=EDGE_CURVE('',#5293,#5292,#470,.T.);
#4355=EDGE_CURVE('',#5294,#5292,#5850,.T.);
#4356=EDGE_CURVE('',#5295,#5293,#5851,.T.);
#4357=EDGE_CURVE('',#5295,#5294,#471,.T.);
#4358=EDGE_CURVE('',#5296,#5294,#5852,.T.);
#4359=EDGE_CURVE('',#5297,#5295,#5853,.T.);
#4360=EDGE_CURVE('',#5297,#5296,#472,.T.);
#4361=EDGE_CURVE('',#5298,#5296,#473,.T.);
#4362=EDGE_CURVE('',#5299,#5297,#474,.T.);
#4363=EDGE_CURVE('',#5299,#5298,#475,.T.);
#4364=EDGE_CURVE('',#5300,#5298,#5854,.T.);
#4365=EDGE_CURVE('',#5300,#5299,#5855,.T.);
#4366=EDGE_CURVE('',#5301,#5300,#116,.T.);
#4367=EDGE_CURVE('',#5301,#5300,#117,.T.);
#4368=EDGE_CURVE('',#5302,#5301,#476,.T.);
#4369=EDGE_CURVE('',#5303,#5301,#477,.T.);
#4370=EDGE_CURVE('',#5303,#5302,#478,.T.);
#4371=EDGE_CURVE('',#5279,#5302,#5856,.T.);
#4372=EDGE_CURVE('',#5280,#5303,#5857,.T.);
#4373=EDGE_CURVE('',#5304,#5305,#479,.T.);
#4374=EDGE_CURVE('',#5305,#5306,#480,.T.);
#4375=EDGE_CURVE('',#5306,#5307,#481,.T.);
#4376=EDGE_CURVE('',#5307,#5308,#482,.T.);
#4377=EDGE_CURVE('',#5308,#5309,#483,.T.);
#4378=EDGE_CURVE('',#5309,#5310,#484,.T.);
#4379=EDGE_CURVE('',#5310,#5311,#485,.T.);
#4380=EDGE_CURVE('',#5311,#5312,#486,.T.);
#4381=EDGE_CURVE('',#5312,#5313,#487,.T.);
#4382=EDGE_CURVE('',#5313,#5314,#488,.T.);
#4383=EDGE_CURVE('',#5314,#5315,#489,.T.);
#4384=EDGE_CURVE('',#5315,#5304,#490,.T.);
#4385=EDGE_CURVE('',#5316,#5317,#491,.T.);
#4386=EDGE_CURVE('',#5304,#5317,#492,.T.);
#4387=EDGE_CURVE('',#5315,#5316,#493,.T.);
#4388=EDGE_CURVE('',#5318,#5316,#494,.T.);
#4389=EDGE_CURVE('',#5314,#5318,#495,.T.);
#4390=EDGE_CURVE('',#5319,#5318,#496,.T.);
#4391=EDGE_CURVE('',#5313,#5319,#497,.T.);
#4392=EDGE_CURVE('',#5320,#5319,#498,.T.);
#4393=EDGE_CURVE('',#5312,#5320,#499,.T.);
#4394=EDGE_CURVE('',#5321,#5320,#500,.T.);
#4395=EDGE_CURVE('',#5311,#5321,#501,.T.);
#4396=EDGE_CURVE('',#5322,#5321,#502,.T.);
#4397=EDGE_CURVE('',#5310,#5322,#503,.T.);
#4398=EDGE_CURVE('',#5323,#5322,#504,.T.);
#4399=EDGE_CURVE('',#5309,#5323,#505,.T.);
#4400=EDGE_CURVE('',#5324,#5323,#506,.T.);
#4401=EDGE_CURVE('',#5308,#5324,#507,.T.);
#4402=EDGE_CURVE('',#5325,#5324,#508,.T.);
#4403=EDGE_CURVE('',#5307,#5325,#509,.T.);
#4404=EDGE_CURVE('',#5326,#5325,#510,.T.);
#4405=EDGE_CURVE('',#5306,#5326,#511,.T.);
#4406=EDGE_CURVE('',#5327,#5326,#512,.T.);
#4407=EDGE_CURVE('',#5305,#5327,#513,.T.);
#4408=EDGE_CURVE('',#5317,#5327,#514,.T.);
#4409=EDGE_CURVE('',#5328,#5329,#515,.T.);
#4410=EDGE_CURVE('',#5329,#5330,#516,.T.);
#4411=EDGE_CURVE('',#5330,#5331,#5858,.T.);
#4412=EDGE_CURVE('',#5331,#5332,#517,.T.);
#4413=EDGE_CURVE('',#5332,#5333,#5859,.T.);
#4414=EDGE_CURVE('',#5333,#5328,#518,.T.);
#4415=EDGE_CURVE('',#5334,#5333,#519,.T.);
#4416=EDGE_CURVE('',#5334,#5335,#520,.T.);
#4417=EDGE_CURVE('',#5335,#5328,#521,.T.);
#4418=EDGE_CURVE('',#5336,#5332,#522,.T.);
#4419=EDGE_CURVE('',#5336,#5334,#5860,.T.);
#4420=EDGE_CURVE('',#5337,#5331,#523,.T.);
#4421=EDGE_CURVE('',#5337,#5336,#524,.T.);
#4422=EDGE_CURVE('',#5338,#5330,#525,.T.);
#4423=EDGE_CURVE('',#5338,#5337,#5861,.T.);
#4424=EDGE_CURVE('',#5339,#5329,#526,.T.);
#4425=EDGE_CURVE('',#5339,#5338,#527,.T.);
#4426=EDGE_CURVE('',#5335,#5339,#528,.T.);
#4427=EDGE_CURVE('',#5340,#5341,#529,.T.);
#4428=EDGE_CURVE('',#5342,#5341,#530,.T.);
#4429=EDGE_CURVE('',#5343,#5342,#531,.T.);
#4430=EDGE_CURVE('',#5343,#5340,#532,.T.);
#4431=EDGE_CURVE('',#5344,#5340,#533,.T.);
#4432=EDGE_CURVE('',#5345,#5343,#534,.T.);
#4433=EDGE_CURVE('',#5345,#5344,#535,.T.);
#4434=EDGE_CURVE('',#5346,#5344,#536,.T.);
#4435=EDGE_CURVE('',#5347,#5345,#537,.T.);
#4436=EDGE_CURVE('',#5347,#5346,#538,.T.);
#4437=EDGE_CURVE('',#5348,#5346,#539,.T.);
#4438=EDGE_CURVE('',#5349,#5347,#540,.T.);
#4439=EDGE_CURVE('',#5349,#5348,#541,.T.);
#4440=EDGE_CURVE('',#5350,#5348,#542,.T.);
#4441=EDGE_CURVE('',#5351,#5349,#543,.T.);
#4442=EDGE_CURVE('',#5351,#5350,#544,.T.);
#4443=EDGE_CURVE('',#5352,#5350,#545,.T.);
#4444=EDGE_CURVE('',#5353,#5351,#546,.T.);
#4445=EDGE_CURVE('',#5353,#5352,#547,.T.);
#4446=EDGE_CURVE('',#5354,#5352,#548,.T.);
#4447=EDGE_CURVE('',#5355,#5353,#549,.T.);
#4448=EDGE_CURVE('',#5355,#5354,#550,.T.);
#4449=EDGE_CURVE('',#5341,#5354,#551,.T.);
#4450=EDGE_CURVE('',#5342,#5355,#552,.T.);
#4451=EDGE_CURVE('',#5356,#5357,#553,.T.);
#4452=EDGE_CURVE('',#5357,#5358,#554,.T.);
#4453=EDGE_CURVE('',#5358,#5359,#555,.T.);
#4454=EDGE_CURVE('',#5359,#5360,#5862,.T.);
#4455=EDGE_CURVE('',#5360,#5361,#5863,.T.);
#4456=EDGE_CURVE('',#5361,#5362,#5864,.T.);
#4457=EDGE_CURVE('',#5362,#5356,#5865,.T.);
#4458=EDGE_CURVE('',#5363,#5362,#556,.T.);
#4459=EDGE_CURVE('',#5363,#5364,#5866,.T.);
#4460=EDGE_CURVE('',#5364,#5356,#557,.T.);
#4461=EDGE_CURVE('',#5365,#5361,#558,.T.);
#4462=EDGE_CURVE('',#5365,#5363,#5867,.T.);
#4463=EDGE_CURVE('',#5366,#5360,#559,.T.);
#4464=EDGE_CURVE('',#5366,#5365,#5868,.T.);
#4465=EDGE_CURVE('',#5367,#5359,#560,.T.);
#4466=EDGE_CURVE('',#5367,#5366,#5869,.T.);
#4467=EDGE_CURVE('',#5368,#5358,#561,.T.);
#4468=EDGE_CURVE('',#5368,#5367,#562,.T.);
#4469=EDGE_CURVE('',#5369,#5357,#563,.T.);
#4470=EDGE_CURVE('',#5369,#5368,#564,.T.);
#4471=EDGE_CURVE('',#5364,#5369,#565,.T.);
#4472=EDGE_CURVE('',#5370,#5371,#566,.T.);
#4473=EDGE_CURVE('',#5372,#5371,#567,.T.);
#4474=EDGE_CURVE('',#5373,#5372,#568,.T.);
#4475=EDGE_CURVE('',#5373,#5370,#569,.T.);
#4476=EDGE_CURVE('',#5374,#5370,#570,.T.);
#4477=EDGE_CURVE('',#5375,#5373,#571,.T.);
#4478=EDGE_CURVE('',#5375,#5374,#572,.T.);
#4479=EDGE_CURVE('',#5376,#5374,#5870,.T.);
#4480=EDGE_CURVE('',#5377,#5375,#5871,.T.);
#4481=EDGE_CURVE('',#5377,#5376,#573,.T.);
#4482=EDGE_CURVE('',#5378,#5376,#5872,.T.);
#4483=EDGE_CURVE('',#5379,#5377,#5873,.T.);
#4484=EDGE_CURVE('',#5379,#5378,#574,.T.);
#4485=EDGE_CURVE('',#5380,#5378,#5874,.T.);
#4486=EDGE_CURVE('',#5381,#5379,#5875,.T.);
#4487=EDGE_CURVE('',#5381,#5380,#575,.T.);
#4488=EDGE_CURVE('',#5382,#5380,#5876,.T.);
#4489=EDGE_CURVE('',#5383,#5381,#5877,.T.);
#4490=EDGE_CURVE('',#5383,#5382,#576,.T.);
#4491=EDGE_CURVE('',#5371,#5382,#577,.T.);
#4492=EDGE_CURVE('',#5372,#5383,#578,.T.);
#4493=EDGE_CURVE('',#5384,#5385,#579,.T.);
#4494=EDGE_CURVE('',#5385,#5386,#580,.T.);
#4495=EDGE_CURVE('',#5386,#5387,#581,.T.);
#4496=EDGE_CURVE('',#5387,#5388,#582,.T.);
#4497=EDGE_CURVE('',#5388,#5389,#583,.T.);
#4498=EDGE_CURVE('',#5389,#5390,#584,.T.);
#4499=EDGE_CURVE('',#5390,#5391,#585,.T.);
#4500=EDGE_CURVE('',#5391,#5392,#586,.T.);
#4501=EDGE_CURVE('',#5392,#5393,#587,.T.);
#4502=EDGE_CURVE('',#5393,#5394,#588,.T.);
#4503=EDGE_CURVE('',#5394,#5395,#589,.T.);
#4504=EDGE_CURVE('',#5395,#5384,#590,.T.);
#4505=EDGE_CURVE('',#5396,#5397,#591,.T.);
#4506=EDGE_CURVE('',#5384,#5397,#592,.T.);
#4507=EDGE_CURVE('',#5395,#5396,#593,.T.);
#4508=EDGE_CURVE('',#5398,#5396,#594,.T.);
#4509=EDGE_CURVE('',#5394,#5398,#595,.T.);
#4510=EDGE_CURVE('',#5399,#5398,#596,.T.);
#4511=EDGE_CURVE('',#5393,#5399,#597,.T.);
#4512=EDGE_CURVE('',#5400,#5399,#598,.T.);
#4513=EDGE_CURVE('',#5392,#5400,#599,.T.);
#4514=EDGE_CURVE('',#5401,#5400,#600,.T.);
#4515=EDGE_CURVE('',#5391,#5401,#601,.T.);
#4516=EDGE_CURVE('',#5402,#5401,#602,.T.);
#4517=EDGE_CURVE('',#5390,#5402,#603,.T.);
#4518=EDGE_CURVE('',#5403,#5402,#604,.T.);
#4519=EDGE_CURVE('',#5389,#5403,#605,.T.);
#4520=EDGE_CURVE('',#5404,#5403,#606,.T.);
#4521=EDGE_CURVE('',#5388,#5404,#607,.T.);
#4522=EDGE_CURVE('',#5405,#5404,#608,.T.);
#4523=EDGE_CURVE('',#5387,#5405,#609,.T.);
#4524=EDGE_CURVE('',#5406,#5405,#610,.T.);
#4525=EDGE_CURVE('',#5386,#5406,#611,.T.);
#4526=EDGE_CURVE('',#5407,#5406,#612,.T.);
#4527=EDGE_CURVE('',#5385,#5407,#613,.T.);
#4528=EDGE_CURVE('',#5397,#5407,#614,.T.);
#4529=EDGE_CURVE('',#5408,#5409,#5878,.T.);
#4530=EDGE_CURVE('',#5409,#5410,#615,.T.);
#4531=EDGE_CURVE('',#5410,#5411,#5879,.T.);
#4532=EDGE_CURVE('',#5411,#5412,#5880,.T.);
#4533=EDGE_CURVE('',#5412,#5413,#118,.T.);
#4534=EDGE_CURVE('',#5413,#5414,#5881,.T.);
#4535=EDGE_CURVE('',#5414,#5415,#5882,.T.);
#4536=EDGE_CURVE('',#5415,#5416,#119,.T.);
#4537=EDGE_CURVE('',#5416,#5417,#616,.T.);
#4538=EDGE_CURVE('',#5417,#5418,#5883,.T.);
#4539=EDGE_CURVE('',#5418,#5419,#5884,.T.);
#4540=EDGE_CURVE('',#5419,#5420,#120,.T.);
#4541=EDGE_CURVE('',#5420,#5421,#5885,.T.);
#4542=EDGE_CURVE('',#5421,#5408,#5886,.T.);
#4543=EDGE_CURVE('',#5422,#5423,#5887,.T.);
#4544=EDGE_CURVE('',#5408,#5423,#617,.T.);
#4545=EDGE_CURVE('',#5421,#5422,#618,.T.);
#4546=EDGE_CURVE('',#5420,#5422,#5888,.T.);
#4547=EDGE_CURVE('',#5419,#5420,#121,.T.);
#4548=EDGE_CURVE('',#5424,#5419,#5889,.T.);
#4549=EDGE_CURVE('',#5418,#5424,#619,.T.);
#4550=EDGE_CURVE('',#5425,#5424,#5890,.T.);
#4551=EDGE_CURVE('',#5417,#5425,#620,.T.);
#4552=EDGE_CURVE('',#5416,#5425,#621,.T.);
#4553=EDGE_CURVE('',#5415,#5416,#122,.T.);
#4554=EDGE_CURVE('',#5426,#5415,#5891,.T.);
#4555=EDGE_CURVE('',#5414,#5426,#622,.T.);
#4556=EDGE_CURVE('',#5413,#5426,#5892,.T.);
#4557=EDGE_CURVE('',#5412,#5413,#123,.T.);
#4558=EDGE_CURVE('',#5427,#5412,#5893,.T.);
#4559=EDGE_CURVE('',#5411,#5427,#623,.T.);
#4560=EDGE_CURVE('',#5428,#5427,#5894,.T.);
#4561=EDGE_CURVE('',#5410,#5428,#624,.T.);
#4562=EDGE_CURVE('',#5429,#5428,#625,.T.);
#4563=EDGE_CURVE('',#5409,#5429,#626,.T.);
#4564=EDGE_CURVE('',#5423,#5429,#5895,.T.);
#4565=EDGE_CURVE('',#5430,#5431,#627,.T.);
#4566=EDGE_CURVE('',#5431,#5432,#628,.T.);
#4567=EDGE_CURVE('',#5432,#5433,#629,.T.);
#4568=EDGE_CURVE('',#5433,#5434,#630,.T.);
#4569=EDGE_CURVE('',#5434,#5435,#631,.T.);
#4570=EDGE_CURVE('',#5435,#5430,#632,.T.);
#4571=EDGE_CURVE('',#5436,#5437,#633,.T.);
#4572=EDGE_CURVE('',#5430,#5437,#634,.T.);
#4573=EDGE_CURVE('',#5435,#5436,#635,.T.);
#4574=EDGE_CURVE('',#5438,#5436,#636,.T.);
#4575=EDGE_CURVE('',#5434,#5438,#637,.T.);
#4576=EDGE_CURVE('',#5439,#5438,#638,.T.);
#4577=EDGE_CURVE('',#5433,#5439,#639,.T.);
#4578=EDGE_CURVE('',#5440,#5439,#640,.T.);
#4579=EDGE_CURVE('',#5432,#5440,#641,.T.);
#4580=EDGE_CURVE('',#5441,#5440,#642,.T.);
#4581=EDGE_CURVE('',#5431,#5441,#643,.T.);
#4582=EDGE_CURVE('',#5437,#5441,#644,.T.);
#4583=EDGE_CURVE('',#5442,#5442,#124,.T.);
#4584=EDGE_CURVE('',#5443,#5443,#125,.T.);
#4585=EDGE_CURVE('',#5444,#5444,#126,.T.);
#4586=EDGE_CURVE('',#5445,#5446,#645,.T.);
#4587=EDGE_CURVE('',#5447,#5445,#646,.T.);
#4588=EDGE_CURVE('',#5447,#5448,#647,.T.);
#4589=EDGE_CURVE('',#5448,#5446,#648,.T.);
#4590=EDGE_CURVE('',#5449,#5450,#649,.T.);
#4591=EDGE_CURVE('',#5449,#5451,#650,.T.);
#4592=EDGE_CURVE('',#5452,#5451,#651,.T.);
#4593=EDGE_CURVE('',#5450,#5452,#652,.T.);
#4594=EDGE_CURVE('',#5445,#5453,#653,.T.);
#4595=EDGE_CURVE('',#5453,#5450,#654,.T.);
#4596=EDGE_CURVE('',#5452,#5447,#127,.T.);
#4597=EDGE_CURVE('',#5454,#5454,#128,.T.);
#4598=EDGE_CURVE('',#5455,#5456,#655,.T.);
#4599=EDGE_CURVE('',#5457,#5455,#656,.T.);
#4600=EDGE_CURVE('',#5457,#5458,#657,.T.);
#4601=EDGE_CURVE('',#5458,#5456,#658,.T.);
#4602=EDGE_CURVE('',#5459,#5460,#659,.T.);
#4603=EDGE_CURVE('',#5459,#5461,#660,.T.);
#4604=EDGE_CURVE('',#5462,#5461,#661,.T.);
#4605=EDGE_CURVE('',#5460,#5462,#662,.T.);
#4606=EDGE_CURVE('',#5455,#5463,#663,.T.);
#4607=EDGE_CURVE('',#5463,#5460,#664,.T.);
#4608=EDGE_CURVE('',#5462,#5457,#129,.T.);
#4609=EDGE_CURVE('',#5464,#5464,#130,.T.);
#4610=EDGE_CURVE('',#5465,#5466,#665,.T.);
#4611=EDGE_CURVE('',#5467,#5465,#666,.T.);
#4612=EDGE_CURVE('',#5467,#5468,#667,.T.);
#4613=EDGE_CURVE('',#5468,#5466,#668,.T.);
#4614=EDGE_CURVE('',#5469,#5470,#669,.T.);
#4615=EDGE_CURVE('',#5469,#5471,#670,.T.);
#4616=EDGE_CURVE('',#5472,#5471,#671,.T.);
#4617=EDGE_CURVE('',#5470,#5472,#672,.T.);
#4618=EDGE_CURVE('',#5465,#5473,#673,.T.);
#4619=EDGE_CURVE('',#5473,#5470,#674,.T.);
#4620=EDGE_CURVE('',#5472,#5467,#131,.T.);
#4621=EDGE_CURVE('',#5474,#5474,#132,.T.);
#4622=EDGE_CURVE('',#5475,#5476,#675,.T.);
#4623=EDGE_CURVE('',#5477,#5475,#676,.T.);
#4624=EDGE_CURVE('',#5477,#5478,#677,.T.);
#4625=EDGE_CURVE('',#5478,#5476,#678,.T.);
#4626=EDGE_CURVE('',#5479,#5480,#679,.T.);
#4627=EDGE_CURVE('',#5479,#5481,#680,.T.);
#4628=EDGE_CURVE('',#5482,#5481,#681,.T.);
#4629=EDGE_CURVE('',#5480,#5482,#682,.T.);
#4630=EDGE_CURVE('',#5475,#5483,#683,.T.);
#4631=EDGE_CURVE('',#5483,#5480,#684,.T.);
#4632=EDGE_CURVE('',#5482,#5477,#133,.T.);
#4633=EDGE_CURVE('',#5484,#5484,#134,.T.);
#4634=EDGE_CURVE('',#5451,#5448,#135,.T.);
#4635=EDGE_CURVE('',#5461,#5458,#136,.T.);
#4636=EDGE_CURVE('',#5471,#5468,#137,.T.);
#4637=EDGE_CURVE('',#5481,#5478,#138,.T.);
#4638=EDGE_CURVE('',#5485,#5485,#139,.T.);
#4639=EDGE_CURVE('',#5486,#5486,#140,.T.);
#4640=EDGE_CURVE('',#5487,#5487,#141,.T.);
#4641=EDGE_CURVE('',#5488,#5488,#142,.T.);
#4642=EDGE_CURVE('',#5459,#5466,#685,.T.);
#4643=EDGE_CURVE('',#5489,#5463,#686,.T.);
#4644=EDGE_CURVE('',#5490,#5489,#687,.T.);
#4645=EDGE_CURVE('',#5490,#5491,#688,.T.);
#4646=EDGE_CURVE('',#5492,#5491,#689,.T.);
#4647=EDGE_CURVE('',#5492,#5473,#690,.T.);
#4648=EDGE_CURVE('',#5493,#5494,#691,.T.);
#4649=EDGE_CURVE('',#5494,#5492,#692,.T.);
#4650=EDGE_CURVE('',#5491,#5495,#693,.T.);
#4651=EDGE_CURVE('',#5496,#5495,#694,.T.);
#4652=EDGE_CURVE('',#5493,#5496,#695,.T.);
#4653=EDGE_CURVE('',#5497,#5498,#696,.T.);
#4654=EDGE_CURVE('',#5499,#5498,#697,.T.);
#4655=EDGE_CURVE('',#5500,#5499,#698,.T.);
#4656=EDGE_CURVE('',#5500,#5501,#699,.T.);
#4657=EDGE_CURVE('',#5501,#5502,#700,.T.);
#4658=EDGE_CURVE('',#5502,#5497,#701,.T.);
#4659=EDGE_CURVE('',#5503,#5504,#702,.T.);
#4660=EDGE_CURVE('',#5504,#5505,#703,.T.);
#4661=EDGE_CURVE('',#5505,#5506,#704,.T.);
#4662=EDGE_CURVE('',#5506,#5507,#705,.T.);
#4663=EDGE_CURVE('',#5508,#5507,#706,.T.);
#4664=EDGE_CURVE('',#5503,#5508,#707,.T.);
#4665=EDGE_CURVE('',#5509,#5510,#708,.T.);
#4666=EDGE_CURVE('',#5511,#5510,#709,.T.);
#4667=EDGE_CURVE('',#5512,#5511,#710,.T.);
#4668=EDGE_CURVE('',#5490,#5512,#711,.T.);
#4669=EDGE_CURVE('',#5489,#5509,#712,.T.);
#4670=EDGE_CURVE('',#5502,#5483,#713,.T.);
#4671=EDGE_CURVE('',#5506,#5501,#714,.T.);
#4672=EDGE_CURVE('',#5505,#5453,#715,.T.);
#4673=EDGE_CURVE('',#5479,#5446,#716,.T.);
#4674=EDGE_CURVE('',#5469,#5476,#717,.T.);
#4675=EDGE_CURVE('',#5497,#5494,#718,.T.);
#4676=EDGE_CURVE('',#5449,#5456,#719,.T.);
#4677=EDGE_CURVE('',#5509,#5504,#720,.T.);
#4678=EDGE_CURVE('',#5513,#5514,#143,.T.);
#4679=EDGE_CURVE('',#5515,#5514,#144,.T.);
#4680=EDGE_CURVE('',#5515,#5516,#145,.T.);
#4681=EDGE_CURVE('',#5513,#5516,#146,.T.);
#4682=EDGE_CURVE('',#5517,#5518,#147,.T.);
#4683=EDGE_CURVE('',#5516,#5518,#721,.T.);
#4684=EDGE_CURVE('',#5517,#5515,#722,.T.);
#4685=EDGE_CURVE('',#5519,#5520,#148,.T.);
#4686=EDGE_CURVE('',#5514,#5520,#723,.T.);
#4687=EDGE_CURVE('',#5519,#5513,#724,.T.);
#4688=EDGE_CURVE('',#5521,#5522,#149,.T.);
#4689=EDGE_CURVE('',#5518,#5522,#150,.T.);
#4690=EDGE_CURVE('',#5521,#5517,#151,.T.);
#4691=EDGE_CURVE('',#5523,#5524,#152,.T.);
#4692=EDGE_CURVE('',#5520,#5524,#153,.T.);
#4693=EDGE_CURVE('',#5523,#5519,#154,.T.);
#4694=EDGE_CURVE('',#5525,#5526,#155,.T.);
#4695=EDGE_CURVE('',#5522,#5526,#725,.T.);
#4696=EDGE_CURVE('',#5525,#5521,#726,.T.);
#4697=EDGE_CURVE('',#5527,#5528,#156,.T.);
#4698=EDGE_CURVE('',#5524,#5528,#727,.T.);
#4699=EDGE_CURVE('',#5527,#5523,#728,.T.);
#4700=EDGE_CURVE('',#5528,#5525,#157,.T.);
#4701=EDGE_CURVE('',#5526,#5527,#158,.T.);
#4702=EDGE_CURVE('',#5529,#5530,#12,.T.);
#4703=EDGE_CURVE('',#5531,#5530,#729,.T.);
#4704=EDGE_CURVE('',#5531,#5532,#13,.T.);
#4705=EDGE_CURVE('',#5529,#5532,#730,.T.);
#4706=EDGE_CURVE('',#5533,#5534,#14,.T.);
#4707=EDGE_CURVE('',#5532,#5534,#731,.T.);
#4708=EDGE_CURVE('',#5533,#5531,#732,.T.);
#4709=EDGE_CURVE('',#5535,#5536,#15,.T.);
#4710=EDGE_CURVE('',#5530,#5536,#733,.T.);
#4711=EDGE_CURVE('',#5535,#5529,#734,.T.);
#4712=EDGE_CURVE('',#5537,#5538,#16,.T.);
#4713=EDGE_CURVE('',#5534,#5538,#735,.T.);
#4714=EDGE_CURVE('',#5537,#5533,#736,.T.);
#4715=EDGE_CURVE('',#5539,#5540,#17,.T.);
#4716=EDGE_CURVE('',#5536,#5540,#737,.T.);
#4717=EDGE_CURVE('',#5539,#5535,#738,.T.);
#4718=EDGE_CURVE('',#5541,#5542,#18,.T.);
#4719=EDGE_CURVE('',#5538,#5542,#739,.T.);
#4720=EDGE_CURVE('',#5541,#5537,#740,.T.);
#4721=EDGE_CURVE('',#5543,#5544,#19,.T.);
#4722=EDGE_CURVE('',#5540,#5544,#741,.T.);
#4723=EDGE_CURVE('',#5543,#5539,#742,.T.);
#4724=EDGE_CURVE('',#5545,#5546,#20,.T.);
#4725=EDGE_CURVE('',#5542,#5546,#743,.T.);
#4726=EDGE_CURVE('',#5545,#5541,#744,.T.);
#4727=EDGE_CURVE('',#5547,#5548,#21,.T.);
#4728=EDGE_CURVE('',#5544,#5548,#745,.T.);
#4729=EDGE_CURVE('',#5547,#5543,#746,.T.);
#4730=EDGE_CURVE('',#5549,#5550,#22,.T.);
#4731=EDGE_CURVE('',#5546,#5550,#747,.T.);
#4732=EDGE_CURVE('',#5549,#5545,#748,.T.);
#4733=EDGE_CURVE('',#5551,#5552,#23,.T.);
#4734=EDGE_CURVE('',#5548,#5552,#749,.T.);
#4735=EDGE_CURVE('',#5551,#5547,#750,.T.);
#4736=EDGE_CURVE('',#5552,#5549,#751,.T.);
#4737=EDGE_CURVE('',#5550,#5551,#752,.T.);
#4738=EDGE_CURVE('',#5553,#5554,#24,.T.);
#4739=EDGE_CURVE('',#5555,#5554,#753,.T.);
#4740=EDGE_CURVE('',#5555,#5556,#25,.T.);
#4741=EDGE_CURVE('',#5553,#5556,#754,.T.);
#4742=EDGE_CURVE('',#5557,#5558,#26,.T.);
#4743=EDGE_CURVE('',#5556,#5558,#755,.T.);
#4744=EDGE_CURVE('',#5557,#5555,#756,.T.);
#4745=EDGE_CURVE('',#5559,#5560,#27,.T.);
#4746=EDGE_CURVE('',#5554,#5560,#757,.T.);
#4747=EDGE_CURVE('',#5559,#5553,#758,.T.);
#4748=EDGE_CURVE('',#5561,#5562,#28,.T.);
#4749=EDGE_CURVE('',#5558,#5562,#759,.T.);
#4750=EDGE_CURVE('',#5561,#5557,#760,.T.);
#4751=EDGE_CURVE('',#5563,#5564,#29,.T.);
#4752=EDGE_CURVE('',#5560,#5564,#761,.T.);
#4753=EDGE_CURVE('',#5563,#5559,#762,.T.);
#4754=EDGE_CURVE('',#5565,#5566,#30,.T.);
#4755=EDGE_CURVE('',#5562,#5566,#763,.T.);
#4756=EDGE_CURVE('',#5565,#5561,#764,.T.);
#4757=EDGE_CURVE('',#5567,#5568,#31,.T.);
#4758=EDGE_CURVE('',#5564,#5568,#765,.T.);
#4759=EDGE_CURVE('',#5567,#5563,#766,.T.);
#4760=EDGE_CURVE('',#5569,#5570,#32,.T.);
#4761=EDGE_CURVE('',#5566,#5570,#767,.T.);
#4762=EDGE_CURVE('',#5569,#5565,#768,.T.);
#4763=EDGE_CURVE('',#5571,#5572,#33,.T.);
#4764=EDGE_CURVE('',#5568,#5572,#769,.T.);
#4765=EDGE_CURVE('',#5571,#5567,#770,.T.);
#4766=EDGE_CURVE('',#5573,#5574,#34,.T.);
#4767=EDGE_CURVE('',#5570,#5574,#771,.T.);
#4768=EDGE_CURVE('',#5573,#5569,#772,.T.);
#4769=EDGE_CURVE('',#5575,#5576,#35,.T.);
#4770=EDGE_CURVE('',#5572,#5576,#773,.T.);
#4771=EDGE_CURVE('',#5575,#5571,#774,.T.);
#4772=EDGE_CURVE('',#5576,#5573,#775,.T.);
#4773=EDGE_CURVE('',#5574,#5575,#776,.T.);
#4774=EDGE_CURVE('',#5577,#5578,#36,.T.);
#4775=EDGE_CURVE('',#5579,#5578,#777,.T.);
#4776=EDGE_CURVE('',#5579,#5580,#37,.T.);
#4777=EDGE_CURVE('',#5577,#5580,#778,.T.);
#4778=EDGE_CURVE('',#5581,#5582,#38,.T.);
#4779=EDGE_CURVE('',#5580,#5582,#779,.T.);
#4780=EDGE_CURVE('',#5581,#5579,#780,.T.);
#4781=EDGE_CURVE('',#5583,#5584,#39,.T.);
#4782=EDGE_CURVE('',#5578,#5584,#781,.T.);
#4783=EDGE_CURVE('',#5583,#5577,#782,.T.);
#4784=EDGE_CURVE('',#5584,#5581,#783,.T.);
#4785=EDGE_CURVE('',#5582,#5583,#784,.T.);
#4786=EDGE_CURVE('',#5585,#5586,#785,.T.);
#4787=EDGE_CURVE('',#5586,#5587,#786,.T.);
#4788=EDGE_CURVE('',#5587,#5588,#787,.T.);
#4789=EDGE_CURVE('',#5588,#5585,#788,.T.);
#4790=EDGE_CURVE('',#5589,#5590,#789,.T.);
#4791=EDGE_CURVE('',#5588,#5590,#790,.T.);
#4792=EDGE_CURVE('',#5587,#5589,#791,.T.);
#4793=EDGE_CURVE('',#5591,#5592,#792,.T.);
#4794=EDGE_CURVE('',#5586,#5592,#793,.T.);
#4795=EDGE_CURVE('',#5585,#5591,#794,.T.);
#4796=EDGE_CURVE('',#5593,#5594,#795,.T.);
#4797=EDGE_CURVE('',#5594,#5595,#796,.T.);
#4798=EDGE_CURVE('',#5595,#5596,#797,.T.);
#4799=EDGE_CURVE('',#5596,#5593,#798,.T.);
#4800=EDGE_CURVE('',#5597,#5598,#799,.T.);
#4801=EDGE_CURVE('',#5596,#5598,#800,.T.);
#4802=EDGE_CURVE('',#5595,#5597,#801,.T.);
#4803=EDGE_CURVE('',#5599,#5600,#802,.T.);
#4804=EDGE_CURVE('',#5594,#5600,#803,.T.);
#4805=EDGE_CURVE('',#5593,#5599,#804,.T.);
#4806=EDGE_CURVE('',#5528,#5601,#805,.T.);
#4807=EDGE_CURVE('',#5602,#5525,#806,.T.);
#4808=EDGE_CURVE('',#5601,#5602,#159,.T.);
#4809=EDGE_CURVE('',#5521,#5603,#807,.T.);
#4810=EDGE_CURVE('',#5604,#5517,#808,.T.);
#4811=EDGE_CURVE('',#5603,#5604,#160,.T.);
#4812=EDGE_CURVE('',#5520,#5605,#809,.T.);
#4813=EDGE_CURVE('',#5606,#5524,#810,.T.);
#4814=EDGE_CURVE('',#5605,#5606,#161,.T.);
#4815=EDGE_CURVE('',#5515,#5607,#811,.T.);
#4816=EDGE_CURVE('',#5608,#5514,#812,.T.);
#4817=EDGE_CURVE('',#5607,#5608,#162,.T.);
#4818=EDGE_CURVE('',#5609,#5610,#40,.T.);
#4819=EDGE_CURVE('',#5611,#5610,#813,.T.);
#4820=EDGE_CURVE('',#5611,#5612,#41,.T.);
#4821=EDGE_CURVE('',#5609,#5612,#814,.T.);
#4822=EDGE_CURVE('',#5613,#5614,#42,.T.);
#4823=EDGE_CURVE('',#5612,#5614,#815,.T.);
#4824=EDGE_CURVE('',#5613,#5611,#816,.T.);
#4825=EDGE_CURVE('',#5615,#5616,#43,.T.);
#4826=EDGE_CURVE('',#5610,#5616,#817,.T.);
#4827=EDGE_CURVE('',#5615,#5609,#818,.T.);
#4828=EDGE_CURVE('',#5617,#5618,#44,.T.);
#4829=EDGE_CURVE('',#5614,#5618,#819,.T.);
#4830=EDGE_CURVE('',#5617,#5613,#820,.T.);
#4831=EDGE_CURVE('',#5619,#5620,#45,.T.);
#4832=EDGE_CURVE('',#5616,#5620,#821,.T.);
#4833=EDGE_CURVE('',#5619,#5615,#822,.T.);
#4834=EDGE_CURVE('',#5621,#5622,#46,.T.);
#4835=EDGE_CURVE('',#5618,#5622,#823,.T.);
#4836=EDGE_CURVE('',#5621,#5617,#824,.T.);
#4837=EDGE_CURVE('',#5623,#5624,#47,.T.);
#4838=EDGE_CURVE('',#5620,#5624,#825,.T.);
#4839=EDGE_CURVE('',#5623,#5619,#826,.T.);
#4840=EDGE_CURVE('',#5625,#5626,#48,.T.);
#4841=EDGE_CURVE('',#5622,#5626,#827,.T.);
#4842=EDGE_CURVE('',#5625,#5621,#828,.T.);
#4843=EDGE_CURVE('',#5627,#5628,#49,.T.);
#4844=EDGE_CURVE('',#5624,#5628,#829,.T.);
#4845=EDGE_CURVE('',#5627,#5623,#830,.T.);
#4846=EDGE_CURVE('',#5629,#5630,#50,.T.);
#4847=EDGE_CURVE('',#5626,#5630,#831,.T.);
#4848=EDGE_CURVE('',#5629,#5625,#832,.T.);
#4849=EDGE_CURVE('',#5631,#5632,#51,.T.);
#4850=EDGE_CURVE('',#5628,#5632,#833,.T.);
#4851=EDGE_CURVE('',#5631,#5627,#834,.T.);
#4852=EDGE_CURVE('',#5632,#5629,#835,.T.);
#4853=EDGE_CURVE('',#5630,#5631,#836,.T.);
#4854=EDGE_CURVE('',#5633,#5634,#52,.T.);
#4855=EDGE_CURVE('',#5635,#5634,#837,.T.);
#4856=EDGE_CURVE('',#5635,#5636,#53,.T.);
#4857=EDGE_CURVE('',#5633,#5636,#838,.T.);
#4858=EDGE_CURVE('',#5637,#5638,#54,.T.);
#4859=EDGE_CURVE('',#5636,#5638,#839,.T.);
#4860=EDGE_CURVE('',#5637,#5635,#840,.T.);
#4861=EDGE_CURVE('',#5639,#5640,#55,.T.);
#4862=EDGE_CURVE('',#5634,#5640,#841,.T.);
#4863=EDGE_CURVE('',#5639,#5633,#842,.T.);
#4864=EDGE_CURVE('',#5641,#5642,#56,.T.);
#4865=EDGE_CURVE('',#5638,#5642,#843,.T.);
#4866=EDGE_CURVE('',#5641,#5637,#844,.T.);
#4867=EDGE_CURVE('',#5643,#5644,#57,.T.);
#4868=EDGE_CURVE('',#5640,#5644,#845,.T.);
#4869=EDGE_CURVE('',#5643,#5639,#846,.T.);
#4870=EDGE_CURVE('',#5645,#5646,#58,.T.);
#4871=EDGE_CURVE('',#5642,#5646,#847,.T.);
#4872=EDGE_CURVE('',#5645,#5641,#848,.T.);
#4873=EDGE_CURVE('',#5647,#5648,#59,.T.);
#4874=EDGE_CURVE('',#5644,#5648,#849,.T.);
#4875=EDGE_CURVE('',#5647,#5643,#850,.T.);
#4876=EDGE_CURVE('',#5649,#5650,#60,.T.);
#4877=EDGE_CURVE('',#5646,#5650,#851,.T.);
#4878=EDGE_CURVE('',#5649,#5645,#852,.T.);
#4879=EDGE_CURVE('',#5651,#5652,#61,.T.);
#4880=EDGE_CURVE('',#5648,#5652,#853,.T.);
#4881=EDGE_CURVE('',#5651,#5647,#854,.T.);
#4882=EDGE_CURVE('',#5653,#5654,#62,.T.);
#4883=EDGE_CURVE('',#5650,#5654,#855,.T.);
#4884=EDGE_CURVE('',#5653,#5649,#856,.T.);
#4885=EDGE_CURVE('',#5655,#5656,#63,.T.);
#4886=EDGE_CURVE('',#5652,#5656,#857,.T.);
#4887=EDGE_CURVE('',#5655,#5651,#858,.T.);
#4888=EDGE_CURVE('',#5656,#5653,#859,.T.);
#4889=EDGE_CURVE('',#5654,#5655,#860,.T.);
#4890=EDGE_CURVE('',#5608,#5605,#861,.T.);
#4891=EDGE_CURVE('',#5602,#5603,#862,.T.);
#4892=EDGE_CURVE('',#5645,#5576,#863,.T.);
#4893=EDGE_CURVE('',#5649,#5573,#864,.T.);
#4894=EDGE_CURVE('',#5652,#5561,#865,.T.);
#4895=EDGE_CURVE('',#5648,#5557,#866,.T.);
#4896=EDGE_CURVE('',#5609,#5533,#867,.T.);
#4897=EDGE_CURVE('',#5531,#5615,#868,.T.);
#4898=EDGE_CURVE('',#5564,#5635,#869,.T.);
#4899=EDGE_CURVE('',#5637,#5568,#870,.T.);
#4900=EDGE_CURVE('',#5640,#5554,#871,.T.);
#4901=EDGE_CURVE('',#5634,#5560,#872,.T.);
#4902=EDGE_CURVE('',#5619,#5530,#873,.T.);
#4903=EDGE_CURVE('',#5623,#5536,#874,.T.);
#4904=EDGE_CURVE('',#5618,#5545,#875,.T.);
#4905=EDGE_CURVE('',#5614,#5541,#876,.T.);
#4906=EDGE_CURVE('',#5631,#5544,#877,.T.);
#4907=EDGE_CURVE('',#5630,#5548,#878,.T.);
#4908=EDGE_CURVE('',#5552,#5626,#879,.T.);
#4909=EDGE_CURVE('',#5549,#5622,#880,.T.);
#4910=EDGE_CURVE('',#5569,#5653,#881,.T.);
#4911=EDGE_CURVE('',#5565,#5656,#882,.T.);
#4912=EDGE_CURVE('',#5657,#5658,#883,.T.);
#4913=EDGE_CURVE('',#5659,#5658,#884,.T.);
#4914=EDGE_CURVE('',#5660,#5659,#885,.T.);
#4915=EDGE_CURVE('',#5661,#5660,#886,.T.);
#4916=EDGE_CURVE('',#5662,#5661,#887,.T.);
#4917=EDGE_CURVE('',#5663,#5662,#888,.T.);
#4918=EDGE_CURVE('',#5663,#5664,#889,.T.);
#4919=EDGE_CURVE('',#5664,#5657,#890,.T.);
#4920=EDGE_CURVE('',#5665,#5666,#891,.T.);
#4921=EDGE_CURVE('',#5667,#5665,#892,.T.);
#4922=EDGE_CURVE('',#5668,#5667,#893,.T.);
#4923=EDGE_CURVE('',#5668,#5669,#894,.T.);
#4924=EDGE_CURVE('',#5669,#5670,#895,.T.);
#4925=EDGE_CURVE('',#5670,#5671,#896,.T.);
#4926=EDGE_CURVE('',#5671,#5672,#897,.T.);
#4927=EDGE_CURVE('',#5672,#5666,#898,.T.);
#4928=EDGE_CURVE('',#5666,#5658,#899,.T.);
#4929=EDGE_CURVE('',#5672,#5659,#900,.T.);
#4930=EDGE_CURVE('',#5671,#5660,#901,.T.);
#4931=EDGE_CURVE('',#5670,#5661,#902,.T.);
#4932=EDGE_CURVE('',#5669,#5662,#903,.T.);
#4933=EDGE_CURVE('',#5668,#5663,#904,.T.);
#4934=EDGE_CURVE('',#5667,#5664,#905,.T.);
#4935=EDGE_CURVE('',#5665,#5657,#906,.T.);
#4936=EDGE_CURVE('',#5673,#5674,#907,.T.);
#4937=EDGE_CURVE('',#5675,#5674,#908,.T.);
#4938=EDGE_CURVE('',#5676,#5675,#909,.T.);
#4939=EDGE_CURVE('',#5677,#5676,#910,.T.);
#4940=EDGE_CURVE('',#5678,#5677,#911,.T.);
#4941=EDGE_CURVE('',#5679,#5678,#912,.T.);
#4942=EDGE_CURVE('',#5679,#5680,#913,.T.);
#4943=EDGE_CURVE('',#5680,#5673,#914,.T.);
#4944=EDGE_CURVE('',#5681,#5682,#915,.T.);
#4945=EDGE_CURVE('',#5683,#5681,#916,.T.);
#4946=EDGE_CURVE('',#5684,#5683,#917,.T.);
#4947=EDGE_CURVE('',#5684,#5685,#918,.T.);
#4948=EDGE_CURVE('',#5685,#5686,#919,.T.);
#4949=EDGE_CURVE('',#5686,#5687,#920,.T.);
#4950=EDGE_CURVE('',#5687,#5688,#921,.T.);
#4951=EDGE_CURVE('',#5688,#5682,#922,.T.);
#4952=EDGE_CURVE('',#5682,#5674,#923,.T.);
#4953=EDGE_CURVE('',#5688,#5675,#924,.T.);
#4954=EDGE_CURVE('',#5687,#5676,#925,.T.);
#4955=EDGE_CURVE('',#5686,#5677,#926,.T.);
#4956=EDGE_CURVE('',#5685,#5678,#927,.T.);
#4957=EDGE_CURVE('',#5684,#5679,#928,.T.);
#4958=EDGE_CURVE('',#5683,#5680,#929,.T.);
#4959=EDGE_CURVE('',#5681,#5673,#930,.T.);
#4960=EDGE_CURVE('',#5689,#5690,#931,.T.);
#4961=EDGE_CURVE('',#5691,#5689,#932,.T.);
#4962=EDGE_CURVE('',#5692,#5691,#933,.T.);
#4963=EDGE_CURVE('',#5692,#5693,#934,.T.);
#4964=EDGE_CURVE('',#5693,#5694,#935,.T.);
#4965=EDGE_CURVE('',#5694,#5695,#936,.T.);
#4966=EDGE_CURVE('',#5695,#5696,#937,.T.);
#4967=EDGE_CURVE('',#5696,#5690,#938,.T.);
#4968=EDGE_CURVE('',#5697,#5698,#939,.T.);
#4969=EDGE_CURVE('',#5699,#5698,#940,.T.);
#4970=EDGE_CURVE('',#5700,#5699,#941,.T.);
#4971=EDGE_CURVE('',#5701,#5700,#942,.T.);
#4972=EDGE_CURVE('',#5702,#5701,#943,.T.);
#4973=EDGE_CURVE('',#5703,#5702,#944,.T.);
#4974=EDGE_CURVE('',#5703,#5704,#945,.T.);
#4975=EDGE_CURVE('',#5704,#5697,#946,.T.);
#4976=EDGE_CURVE('',#5697,#5689,#947,.T.);
#4977=EDGE_CURVE('',#5704,#5691,#948,.T.);
#4978=EDGE_CURVE('',#5703,#5692,#949,.T.);
#4979=EDGE_CURVE('',#5702,#5693,#950,.T.);
#4980=EDGE_CURVE('',#5701,#5694,#951,.T.);
#4981=EDGE_CURVE('',#5700,#5695,#952,.T.);
#4982=EDGE_CURVE('',#5699,#5696,#953,.T.);
#4983=EDGE_CURVE('',#5698,#5690,#954,.T.);
#4984=EDGE_CURVE('',#5705,#5706,#955,.T.);
#4985=EDGE_CURVE('',#5707,#5705,#956,.T.);
#4986=EDGE_CURVE('',#5708,#5707,#957,.T.);
#4987=EDGE_CURVE('',#5708,#5709,#958,.T.);
#4988=EDGE_CURVE('',#5709,#5710,#959,.T.);
#4989=EDGE_CURVE('',#5710,#5711,#960,.T.);
#4990=EDGE_CURVE('',#5711,#5712,#961,.T.);
#4991=EDGE_CURVE('',#5712,#5706,#962,.T.);
#4992=EDGE_CURVE('',#5713,#5714,#963,.T.);
#4993=EDGE_CURVE('',#5715,#5714,#964,.T.);
#4994=EDGE_CURVE('',#5716,#5715,#965,.T.);
#4995=EDGE_CURVE('',#5717,#5716,#966,.T.);
#4996=EDGE_CURVE('',#5718,#5717,#967,.T.);
#4997=EDGE_CURVE('',#5719,#5718,#968,.T.);
#4998=EDGE_CURVE('',#5719,#5720,#969,.T.);
#4999=EDGE_CURVE('',#5720,#5713,#970,.T.);
#5000=EDGE_CURVE('',#5713,#5705,#971,.T.);
#5001=EDGE_CURVE('',#5720,#5707,#972,.T.);
#5002=EDGE_CURVE('',#5719,#5708,#973,.T.);
#5003=EDGE_CURVE('',#5718,#5709,#974,.T.);
#5004=EDGE_CURVE('',#5717,#5710,#975,.T.);
#5005=EDGE_CURVE('',#5716,#5711,#976,.T.);
#5006=EDGE_CURVE('',#5715,#5712,#977,.T.);
#5007=EDGE_CURVE('',#5714,#5706,#978,.T.);
#5008=EDGE_CURVE('',#5721,#5722,#979,.T.);
#5009=EDGE_CURVE('',#5722,#5723,#980,.T.);
#5010=EDGE_CURVE('',#5723,#5724,#981,.T.);
#5011=EDGE_CURVE('',#5724,#5721,#982,.T.);
#5012=EDGE_CURVE('',#5512,#5725,#983,.T.);
#5013=EDGE_CURVE('',#5724,#5725,#984,.T.);
#5014=EDGE_CURVE('',#5723,#5490,#985,.T.);
#5015=EDGE_CURVE('',#5725,#5726,#986,.T.);
#5016=EDGE_CURVE('',#5721,#5726,#987,.T.);
#5017=EDGE_CURVE('',#5726,#5495,#988,.T.);
#5018=EDGE_CURVE('',#5722,#5491,#989,.T.);
#5019=EDGE_CURVE('',#5727,#5728,#990,.T.);
#5020=EDGE_CURVE('',#5728,#5729,#991,.T.);
#5021=EDGE_CURVE('',#5729,#5730,#992,.T.);
#5022=EDGE_CURVE('',#5730,#5727,#993,.T.);
#5023=EDGE_CURVE('',#5500,#5731,#994,.T.);
#5024=EDGE_CURVE('',#5730,#5731,#995,.T.);
#5025=EDGE_CURVE('',#5729,#5501,#996,.T.);
#5026=EDGE_CURVE('',#5731,#5732,#997,.T.);
#5027=EDGE_CURVE('',#5727,#5732,#998,.T.);
#5028=EDGE_CURVE('',#5732,#5507,#999,.T.);
#5029=EDGE_CURVE('',#5728,#5506,#1000,.T.);
#5030=EDGE_CURVE('',#5733,#5734,#1001,.T.);
#5031=EDGE_CURVE('',#5734,#5735,#1002,.T.);
#5032=EDGE_CURVE('',#5735,#5736,#1003,.T.);
#5033=EDGE_CURVE('',#5736,#5733,#1004,.T.);
#5034=EDGE_CURVE('',#5493,#5737,#1005,.T.);
#5035=EDGE_CURVE('',#5736,#5737,#1006,.T.);
#5036=EDGE_CURVE('',#5735,#5494,#1007,.T.);
#5037=EDGE_CURVE('',#5737,#5738,#1008,.T.);
#5038=EDGE_CURVE('',#5733,#5738,#1009,.T.);
#5039=EDGE_CURVE('',#5738,#5498,#1010,.T.);
#5040=EDGE_CURVE('',#5734,#5497,#1011,.T.);
#5041=EDGE_CURVE('',#5739,#5740,#1012,.T.);
#5042=EDGE_CURVE('',#5740,#5741,#1013,.T.);
#5043=EDGE_CURVE('',#5741,#5742,#1014,.T.);
#5044=EDGE_CURVE('',#5742,#5739,#1015,.T.);
#5045=EDGE_CURVE('',#5503,#5743,#1016,.T.);
#5046=EDGE_CURVE('',#5742,#5743,#1017,.T.);
#5047=EDGE_CURVE('',#5741,#5504,#1018,.T.);
#5048=EDGE_CURVE('',#5743,#5744,#1019,.T.);
#5049=EDGE_CURVE('',#5739,#5744,#1020,.T.);
#5050=EDGE_CURVE('',#5744,#5510,#1021,.T.);
#5051=EDGE_CURVE('',#5740,#5509,#1022,.T.);
#5052=EDGE_CURVE('',#5540,#5627,#1023,.T.);
#5053=EDGE_CURVE('',#5572,#5641,#1024,.T.);
#5054=EDGE_CURVE('',#5555,#5644,#1025,.T.);
#5055=EDGE_CURVE('',#5537,#5612,#1026,.T.);
#5056=EDGE_CURVE('',#5604,#5600,#1027,.T.);
#5057=EDGE_CURVE('',#5599,#5601,#1028,.T.);
#5058=EDGE_CURVE('',#5606,#5590,#1029,.T.);
#5059=EDGE_CURVE('',#5589,#5607,#1030,.T.);
#5060=EDGE_CURVE('',#5597,#5592,#1031,.T.);
#5061=EDGE_CURVE('',#5591,#5598,#1032,.T.);
#5062=EDGE_CURVE('',#5580,#5508,#1033,.T.);
#5063=EDGE_CURVE('',#5577,#5499,#1034,.T.);
#5064=EDGE_CURVE('',#5582,#5511,#1035,.T.);
#5065=EDGE_CURVE('',#5583,#5496,#1036,.T.);
#5066=EDGE_CURVE('',#5745,#5745,#163,.T.);
#5067=EDGE_CURVE('',#5746,#5746,#164,.T.);
#5068=EDGE_CURVE('',#5747,#5747,#165,.T.);
#5069=EDGE_CURVE('',#5748,#5748,#166,.T.);
#5070=EDGE_CURVE('',#5749,#5749,#167,.T.);
#5071=EDGE_CURVE('',#5750,#5750,#168,.T.);
#5072=EDGE_CURVE('',#5751,#5751,#169,.F.);
#5073=VERTEX_POINT('',#11089);
#5074=VERTEX_POINT('',#11090);
#5075=VERTEX_POINT('',#11122);
#5076=VERTEX_POINT('',#11129);
#5077=VERTEX_POINT('',#11172);
#5078=VERTEX_POINT('',#11173);
#5079=VERTEX_POINT('',#11175);
#5080=VERTEX_POINT('',#11180);
#5081=VERTEX_POINT('',#11202);
#5082=VERTEX_POINT('',#11207);
#5083=VERTEX_POINT('',#11211);
#5084=VERTEX_POINT('',#11215);
#5085=VERTEX_POINT('',#11219);
#5086=VERTEX_POINT('',#11233);
#5087=VERTEX_POINT('',#11238);
#5088=VERTEX_POINT('',#11242);
#5089=VERTEX_POINT('',#11244);
#5090=VERTEX_POINT('',#11258);
#5091=VERTEX_POINT('',#11265);
#5092=VERTEX_POINT('',#11269);
#5093=VERTEX_POINT('',#11271);
#5094=VERTEX_POINT('',#11285);
#5095=VERTEX_POINT('',#11290);
#5096=VERTEX_POINT('',#11304);
#5097=VERTEX_POINT('',#11309);
#5098=VERTEX_POINT('',#11323);
#5099=VERTEX_POINT('',#11330);
#5100=VERTEX_POINT('',#11344);
#5101=VERTEX_POINT('',#11349);
#5102=VERTEX_POINT('',#11363);
#5103=VERTEX_POINT('',#11368);
#5104=VERTEX_POINT('',#11382);
#5105=VERTEX_POINT('',#11387);
#5106=VERTEX_POINT('',#11391);
#5107=VERTEX_POINT('',#11393);
#5108=VERTEX_POINT('',#11397);
#5109=VERTEX_POINT('',#11399);
#5110=VERTEX_POINT('',#11403);
#5111=VERTEX_POINT('',#11405);
#5112=VERTEX_POINT('',#11409);
#5113=VERTEX_POINT('',#11413);
#5114=VERTEX_POINT('',#11438);
#5115=VERTEX_POINT('',#11448);
#5116=VERTEX_POINT('',#11452);
#5117=VERTEX_POINT('',#11456);
#5118=VERTEX_POINT('',#11470);
#5119=VERTEX_POINT('',#11475);
#5120=VERTEX_POINT('',#11489);
#5121=VERTEX_POINT('',#11494);
#5122=VERTEX_POINT('',#11508);
#5123=VERTEX_POINT('',#11513);
#5124=VERTEX_POINT('',#11527);
#5125=VERTEX_POINT('',#11532);
#5126=VERTEX_POINT('',#11546);
#5127=VERTEX_POINT('',#11551);
#5128=VERTEX_POINT('',#11565);
#5129=VERTEX_POINT('',#11570);
#5130=VERTEX_POINT('',#11591);
#5131=VERTEX_POINT('',#11592);
#5132=VERTEX_POINT('',#11594);
#5133=VERTEX_POINT('',#11599);
#5134=VERTEX_POINT('',#11601);
#5135=VERTEX_POINT('',#11606);
#5136=VERTEX_POINT('',#11610);
#5137=VERTEX_POINT('',#11612);
#5138=VERTEX_POINT('',#11623);
#5139=VERTEX_POINT('',#11630);
#5140=VERTEX_POINT('',#11641);
#5141=VERTEX_POINT('',#11648);
#5142=VERTEX_POINT('',#11654);
#5143=VERTEX_POINT('',#11655);
#5144=VERTEX_POINT('',#11657);
#5145=VERTEX_POINT('',#11659);
#5146=VERTEX_POINT('',#11663);
#5147=VERTEX_POINT('',#11665);
#5148=VERTEX_POINT('',#11669);
#5149=VERTEX_POINT('',#11671);
#5150=VERTEX_POINT('',#11675);
#5151=VERTEX_POINT('',#11677);
#5152=VERTEX_POINT('',#11681);
#5153=VERTEX_POINT('',#11683);
#5154=VERTEX_POINT('',#11687);
#5155=VERTEX_POINT('',#11689);
#5156=VERTEX_POINT('',#11693);
#5157=VERTEX_POINT('',#11695);
#5158=VERTEX_POINT('',#11703);
#5159=VERTEX_POINT('',#11704);
#5160=VERTEX_POINT('',#11706);
#5161=VERTEX_POINT('',#11708);
#5162=VERTEX_POINT('',#11713);
#5163=VERTEX_POINT('',#11718);
#5164=VERTEX_POINT('',#11723);
#5165=VERTEX_POINT('',#11745);
#5166=VERTEX_POINT('',#11750);
#5167=VERTEX_POINT('',#11769);
#5168=VERTEX_POINT('',#11791);
#5169=VERTEX_POINT('',#11813);
#5170=VERTEX_POINT('',#11820);
#5171=VERTEX_POINT('',#11824);
#5172=VERTEX_POINT('',#11830);
#5173=VERTEX_POINT('',#11831);
#5174=VERTEX_POINT('',#11833);
#5175=VERTEX_POINT('',#11835);
#5176=VERTEX_POINT('',#11839);
#5177=VERTEX_POINT('',#11841);
#5178=VERTEX_POINT('',#11855);
#5179=VERTEX_POINT('',#11860);
#5180=VERTEX_POINT('',#11874);
#5181=VERTEX_POINT('',#11879);
#5182=VERTEX_POINT('',#11893);
#5183=VERTEX_POINT('',#11898);
#5184=VERTEX_POINT('',#11912);
#5185=VERTEX_POINT('',#11917);
#5186=VERTEX_POINT('',#11925);
#5187=VERTEX_POINT('',#11926);
#5188=VERTEX_POINT('',#11928);
#5189=VERTEX_POINT('',#11930);
#5190=VERTEX_POINT('',#11932);
#5191=VERTEX_POINT('',#11934);
#5192=VERTEX_POINT('',#11936);
#5193=VERTEX_POINT('',#11938);
#5194=VERTEX_POINT('',#11940);
#5195=VERTEX_POINT('',#11942);
#5196=VERTEX_POINT('',#11944);
#5197=VERTEX_POINT('',#11946);
#5198=VERTEX_POINT('',#11950);
#5199=VERTEX_POINT('',#11951);
#5200=VERTEX_POINT('',#11956);
#5201=VERTEX_POINT('',#11960);
#5202=VERTEX_POINT('',#11964);
#5203=VERTEX_POINT('',#11968);
#5204=VERTEX_POINT('',#11972);
#5205=VERTEX_POINT('',#11976);
#5206=VERTEX_POINT('',#11980);
#5207=VERTEX_POINT('',#11984);
#5208=VERTEX_POINT('',#11988);
#5209=VERTEX_POINT('',#11992);
#5210=VERTEX_POINT('',#11998);
#5211=VERTEX_POINT('',#11999);
#5212=VERTEX_POINT('',#12001);
#5213=VERTEX_POINT('',#12003);
#5214=VERTEX_POINT('',#12005);
#5215=VERTEX_POINT('',#12007);
#5216=VERTEX_POINT('',#12009);
#5217=VERTEX_POINT('',#12011);
#5218=VERTEX_POINT('',#12013);
#5219=VERTEX_POINT('',#12015);
#5220=VERTEX_POINT('',#12020);
#5221=VERTEX_POINT('',#12022);
#5222=VERTEX_POINT('',#12024);
#5223=VERTEX_POINT('',#12026);
#5224=VERTEX_POINT('',#12031);
#5225=VERTEX_POINT('',#12035);
#5226=VERTEX_POINT('',#12036);
#5227=VERTEX_POINT('',#12069);
#5228=VERTEX_POINT('',#12073);
#5229=VERTEX_POINT('',#12077);
#5230=VERTEX_POINT('',#12081);
#5231=VERTEX_POINT('',#12085);
#5232=VERTEX_POINT('',#12089);
#5233=VERTEX_POINT('',#12093);
#5234=VERTEX_POINT('',#12097);
#5235=VERTEX_POINT('',#12101);
#5236=VERTEX_POINT('',#12107);
#5237=VERTEX_POINT('',#12108);
#5238=VERTEX_POINT('',#12110);
#5239=VERTEX_POINT('',#12115);
#5240=VERTEX_POINT('',#12120);
#5241=VERTEX_POINT('',#12122);
#5242=VERTEX_POINT('',#12124);
#5243=VERTEX_POINT('',#12126);
#5244=VERTEX_POINT('',#12131);
#5245=VERTEX_POINT('',#12136);
#5246=VERTEX_POINT('',#12138);
#5247=VERTEX_POINT('',#12146);
#5248=VERTEX_POINT('',#12148);
#5249=VERTEX_POINT('',#12150);
#5250=VERTEX_POINT('',#12152);
#5251=VERTEX_POINT('',#12160);
#5252=VERTEX_POINT('',#12162);
#5253=VERTEX_POINT('',#12164);
#5254=VERTEX_POINT('',#12166);
#5255=VERTEX_POINT('',#12171);
#5256=VERTEX_POINT('',#12176);
#5257=VERTEX_POINT('',#12193);
#5258=VERTEX_POINT('',#12207);
#5259=VERTEX_POINT('',#12285);
#5260=VERTEX_POINT('',#12317);
#5261=VERTEX_POINT('',#12331);
#5262=VERTEX_POINT('',#12342);
#5263=VERTEX_POINT('',#12343);
#5264=VERTEX_POINT('',#12348);
#5265=VERTEX_POINT('',#12353);
#5266=VERTEX_POINT('',#12358);
#5267=VERTEX_POINT('',#12363);
#5268=VERTEX_POINT('',#12368);
#5269=VERTEX_POINT('',#12370);
#5270=VERTEX_POINT('',#12374);
#5271=VERTEX_POINT('',#12376);
#5272=VERTEX_POINT('',#12380);
#5273=VERTEX_POINT('',#12391);
#5274=VERTEX_POINT('',#12405);
#5275=VERTEX_POINT('',#12419);
#5276=VERTEX_POINT('',#12433);
#5277=VERTEX_POINT('',#12447);
#5278=VERTEX_POINT('',#12476);
#5279=VERTEX_POINT('',#12477);
#5280=VERTEX_POINT('',#12479);
#5281=VERTEX_POINT('',#12484);
#5282=VERTEX_POINT('',#12488);
#5283=VERTEX_POINT('',#12490);
#5284=VERTEX_POINT('',#12494);
#5285=VERTEX_POINT('',#12496);
#5286=VERTEX_POINT('',#12500);
#5287=VERTEX_POINT('',#12502);
#5288=VERTEX_POINT('',#12506);
#5289=VERTEX_POINT('',#12508);
#5290=VERTEX_POINT('',#12512);
#5291=VERTEX_POINT('',#12514);
#5292=VERTEX_POINT('',#12528);
#5293=VERTEX_POINT('',#12533);
#5294=VERTEX_POINT('',#12547);
#5295=VERTEX_POINT('',#12552);
#5296=VERTEX_POINT('',#12566);
#5297=VERTEX_POINT('',#12571);
#5298=VERTEX_POINT('',#12575);
#5299=VERTEX_POINT('',#12577);
#5300=VERTEX_POINT('',#12591);
#5301=VERTEX_POINT('',#12598);
#5302=VERTEX_POINT('',#12602);
#5303=VERTEX_POINT('',#12604);
#5304=VERTEX_POINT('',#12625);
#5305=VERTEX_POINT('',#12626);
#5306=VERTEX_POINT('',#12628);
#5307=VERTEX_POINT('',#12630);
#5308=VERTEX_POINT('',#12632);
#5309=VERTEX_POINT('',#12634);
#5310=VERTEX_POINT('',#12636);
#5311=VERTEX_POINT('',#12638);
#5312=VERTEX_POINT('',#12640);
#5313=VERTEX_POINT('',#12642);
#5314=VERTEX_POINT('',#12644);
#5315=VERTEX_POINT('',#12646);
#5316=VERTEX_POINT('',#12650);
#5317=VERTEX_POINT('',#12651);
#5318=VERTEX_POINT('',#12656);
#5319=VERTEX_POINT('',#12660);
#5320=VERTEX_POINT('',#12664);
#5321=VERTEX_POINT('',#12668);
#5322=VERTEX_POINT('',#12672);
#5323=VERTEX_POINT('',#12676);
#5324=VERTEX_POINT('',#12680);
#5325=VERTEX_POINT('',#12684);
#5326=VERTEX_POINT('',#12688);
#5327=VERTEX_POINT('',#12692);
#5328=VERTEX_POINT('',#12698);
#5329=VERTEX_POINT('',#12699);
#5330=VERTEX_POINT('',#12701);
#5331=VERTEX_POINT('',#12706);
#5332=VERTEX_POINT('',#12708);
#5333=VERTEX_POINT('',#12713);
#5334=VERTEX_POINT('',#12717);
#5335=VERTEX_POINT('',#12719);
#5336=VERTEX_POINT('',#12730);
#5337=VERTEX_POINT('',#12737);
#5338=VERTEX_POINT('',#12748);
#5339=VERTEX_POINT('',#12755);
#5340=VERTEX_POINT('',#12761);
#5341=VERTEX_POINT('',#12762);
#5342=VERTEX_POINT('',#12764);
#5343=VERTEX_POINT('',#12766);
#5344=VERTEX_POINT('',#12770);
#5345=VERTEX_POINT('',#12772);
#5346=VERTEX_POINT('',#12776);
#5347=VERTEX_POINT('',#12778);
#5348=VERTEX_POINT('',#12782);
#5349=VERTEX_POINT('',#12784);
#5350=VERTEX_POINT('',#12788);
#5351=VERTEX_POINT('',#12790);
#5352=VERTEX_POINT('',#12794);
#5353=VERTEX_POINT('',#12796);
#5354=VERTEX_POINT('',#12800);
#5355=VERTEX_POINT('',#12802);
#5356=VERTEX_POINT('',#12810);
#5357=VERTEX_POINT('',#12811);
#5358=VERTEX_POINT('',#12813);
#5359=VERTEX_POINT('',#12815);
#5360=VERTEX_POINT('',#12820);
#5361=VERTEX_POINT('',#12825);
#5362=VERTEX_POINT('',#12830);
#5363=VERTEX_POINT('',#12852);
#5364=VERTEX_POINT('',#12857);
#5365=VERTEX_POINT('',#12876);
#5366=VERTEX_POINT('',#12898);
#5367=VERTEX_POINT('',#12920);
#5368=VERTEX_POINT('',#12927);
#5369=VERTEX_POINT('',#12931);
#5370=VERTEX_POINT('',#12937);
#5371=VERTEX_POINT('',#12938);
#5372=VERTEX_POINT('',#12940);
#5373=VERTEX_POINT('',#12942);
#5374=VERTEX_POINT('',#12946);
#5375=VERTEX_POINT('',#12948);
#5376=VERTEX_POINT('',#12962);
#5377=VERTEX_POINT('',#12967);
#5378=VERTEX_POINT('',#12981);
#5379=VERTEX_POINT('',#12986);
#5380=VERTEX_POINT('',#13000);
#5381=VERTEX_POINT('',#13005);
#5382=VERTEX_POINT('',#13019);
#5383=VERTEX_POINT('',#13024);
#5384=VERTEX_POINT('',#13032);
#5385=VERTEX_POINT('',#13033);
#5386=VERTEX_POINT('',#13035);
#5387=VERTEX_POINT('',#13037);
#5388=VERTEX_POINT('',#13039);
#5389=VERTEX_POINT('',#13041);
#5390=VERTEX_POINT('',#13043);
#5391=VERTEX_POINT('',#13045);
#5392=VERTEX_POINT('',#13047);
#5393=VERTEX_POINT('',#13049);
#5394=VERTEX_POINT('',#13051);
#5395=VERTEX_POINT('',#13053);
#5396=VERTEX_POINT('',#13057);
#5397=VERTEX_POINT('',#13058);
#5398=VERTEX_POINT('',#13063);
#5399=VERTEX_POINT('',#13067);
#5400=VERTEX_POINT('',#13071);
#5401=VERTEX_POINT('',#13075);
#5402=VERTEX_POINT('',#13079);
#5403=VERTEX_POINT('',#13083);
#5404=VERTEX_POINT('',#13087);
#5405=VERTEX_POINT('',#13091);
#5406=VERTEX_POINT('',#13095);
#5407=VERTEX_POINT('',#13099);
#5408=VERTEX_POINT('',#13108);
#5409=VERTEX_POINT('',#13109);
#5410=VERTEX_POINT('',#13111);
#5411=VERTEX_POINT('',#13116);
#5412=VERTEX_POINT('',#13121);
#5413=VERTEX_POINT('',#13123);
#5414=VERTEX_POINT('',#13128);
#5415=VERTEX_POINT('',#13133);
#5416=VERTEX_POINT('',#13135);
#5417=VERTEX_POINT('',#13137);
#5418=VERTEX_POINT('',#13142);
#5419=VERTEX_POINT('',#13147);
#5420=VERTEX_POINT('',#13149);
#5421=VERTEX_POINT('',#13154);
#5422=VERTEX_POINT('',#13179);
#5423=VERTEX_POINT('',#13180);
#5424=VERTEX_POINT('',#13217);
#5425=VERTEX_POINT('',#13231);
#5426=VERTEX_POINT('',#13249);
#5427=VERTEX_POINT('',#13277);
#5428=VERTEX_POINT('',#13291);
#5429=VERTEX_POINT('',#13295);
#5430=VERTEX_POINT('',#13311);
#5431=VERTEX_POINT('',#13312);
#5432=VERTEX_POINT('',#13314);
#5433=VERTEX_POINT('',#13316);
#5434=VERTEX_POINT('',#13318);
#5435=VERTEX_POINT('',#13320);
#5436=VERTEX_POINT('',#13324);
#5437=VERTEX_POINT('',#13325);
#5438=VERTEX_POINT('',#13330);
#5439=VERTEX_POINT('',#13334);
#5440=VERTEX_POINT('',#13338);
#5441=VERTEX_POINT('',#13342);
#5442=VERTEX_POINT('',#13348);
#5443=VERTEX_POINT('',#13351);
#5444=VERTEX_POINT('',#13353);
#5445=VERTEX_POINT('',#13356);
#5446=VERTEX_POINT('',#13357);
#5447=VERTEX_POINT('',#13359);
#5448=VERTEX_POINT('',#13361);
#5449=VERTEX_POINT('',#13365);
#5450=VERTEX_POINT('',#13366);
#5451=VERTEX_POINT('',#13368);
#5452=VERTEX_POINT('',#13370);
#5453=VERTEX_POINT('',#13374);
#5454=VERTEX_POINT('',#13378);
#5455=VERTEX_POINT('',#13381);
#5456=VERTEX_POINT('',#13382);
#5457=VERTEX_POINT('',#13384);
#5458=VERTEX_POINT('',#13386);
#5459=VERTEX_POINT('',#13390);
#5460=VERTEX_POINT('',#13391);
#5461=VERTEX_POINT('',#13393);
#5462=VERTEX_POINT('',#13395);
#5463=VERTEX_POINT('',#13399);
#5464=VERTEX_POINT('',#13403);
#5465=VERTEX_POINT('',#13406);
#5466=VERTEX_POINT('',#13407);
#5467=VERTEX_POINT('',#13409);
#5468=VERTEX_POINT('',#13411);
#5469=VERTEX_POINT('',#13415);
#5470=VERTEX_POINT('',#13416);
#5471=VERTEX_POINT('',#13418);
#5472=VERTEX_POINT('',#13420);
#5473=VERTEX_POINT('',#13424);
#5474=VERTEX_POINT('',#13428);
#5475=VERTEX_POINT('',#13431);
#5476=VERTEX_POINT('',#13432);
#5477=VERTEX_POINT('',#13434);
#5478=VERTEX_POINT('',#13436);
#5479=VERTEX_POINT('',#13440);
#5480=VERTEX_POINT('',#13441);
#5481=VERTEX_POINT('',#13443);
#5482=VERTEX_POINT('',#13445);
#5483=VERTEX_POINT('',#13449);
#5484=VERTEX_POINT('',#13453);
#5485=VERTEX_POINT('',#13464);
#5486=VERTEX_POINT('',#13467);
#5487=VERTEX_POINT('',#13470);
#5488=VERTEX_POINT('',#13473);
#5489=VERTEX_POINT('',#13477);
#5490=VERTEX_POINT('',#13479);
#5491=VERTEX_POINT('',#13481);
#5492=VERTEX_POINT('',#13483);
#5493=VERTEX_POINT('',#13487);
#5494=VERTEX_POINT('',#13488);
#5495=VERTEX_POINT('',#13491);
#5496=VERTEX_POINT('',#13493);
#5497=VERTEX_POINT('',#13497);
#5498=VERTEX_POINT('',#13498);
#5499=VERTEX_POINT('',#13500);
#5500=VERTEX_POINT('',#13502);
#5501=VERTEX_POINT('',#13504);
#5502=VERTEX_POINT('',#13506);
#5503=VERTEX_POINT('',#13510);
#5504=VERTEX_POINT('',#13511);
#5505=VERTEX_POINT('',#13513);
#5506=VERTEX_POINT('',#13515);
#5507=VERTEX_POINT('',#13517);
#5508=VERTEX_POINT('',#13519);
#5509=VERTEX_POINT('',#13523);
#5510=VERTEX_POINT('',#13524);
#5511=VERTEX_POINT('',#13526);
#5512=VERTEX_POINT('',#13528);
#5513=VERTEX_POINT('',#13544);
#5514=VERTEX_POINT('',#13545);
#5515=VERTEX_POINT('',#13547);
#5516=VERTEX_POINT('',#13549);
#5517=VERTEX_POINT('',#13553);
#5518=VERTEX_POINT('',#13554);
#5519=VERTEX_POINT('',#13559);
#5520=VERTEX_POINT('',#13560);
#5521=VERTEX_POINT('',#13565);
#5522=VERTEX_POINT('',#13566);
#5523=VERTEX_POINT('',#13571);
#5524=VERTEX_POINT('',#13572);
#5525=VERTEX_POINT('',#13577);
#5526=VERTEX_POINT('',#13578);
#5527=VERTEX_POINT('',#13583);
#5528=VERTEX_POINT('',#13584);
#5529=VERTEX_POINT('',#13592);
#5530=VERTEX_POINT('',#13593);
#5531=VERTEX_POINT('',#13595);
#5532=VERTEX_POINT('',#13597);
#5533=VERTEX_POINT('',#13601);
#5534=VERTEX_POINT('',#13602);
#5535=VERTEX_POINT('',#13607);
#5536=VERTEX_POINT('',#13608);
#5537=VERTEX_POINT('',#13613);
#5538=VERTEX_POINT('',#13614);
#5539=VERTEX_POINT('',#13619);
#5540=VERTEX_POINT('',#13620);
#5541=VERTEX_POINT('',#13625);
#5542=VERTEX_POINT('',#13626);
#5543=VERTEX_POINT('',#13631);
#5544=VERTEX_POINT('',#13632);
#5545=VERTEX_POINT('',#13637);
#5546=VERTEX_POINT('',#13638);
#5547=VERTEX_POINT('',#13643);
#5548=VERTEX_POINT('',#13644);
#5549=VERTEX_POINT('',#13649);
#5550=VERTEX_POINT('',#13650);
#5551=VERTEX_POINT('',#13655);
#5552=VERTEX_POINT('',#13656);
#5553=VERTEX_POINT('',#13664);
#5554=VERTEX_POINT('',#13665);
#5555=VERTEX_POINT('',#13667);
#5556=VERTEX_POINT('',#13669);
#5557=VERTEX_POINT('',#13673);
#5558=VERTEX_POINT('',#13674);
#5559=VERTEX_POINT('',#13679);
#5560=VERTEX_POINT('',#13680);
#5561=VERTEX_POINT('',#13685);
#5562=VERTEX_POINT('',#13686);
#5563=VERTEX_POINT('',#13691);
#5564=VERTEX_POINT('',#13692);
#5565=VERTEX_POINT('',#13697);
#5566=VERTEX_POINT('',#13698);
#5567=VERTEX_POINT('',#13703);
#5568=VERTEX_POINT('',#13704);
#5569=VERTEX_POINT('',#13709);
#5570=VERTEX_POINT('',#13710);
#5571=VERTEX_POINT('',#13715);
#5572=VERTEX_POINT('',#13716);
#5573=VERTEX_POINT('',#13721);
#5574=VERTEX_POINT('',#13722);
#5575=VERTEX_POINT('',#13727);
#5576=VERTEX_POINT('',#13728);
#5577=VERTEX_POINT('',#13736);
#5578=VERTEX_POINT('',#13737);
#5579=VERTEX_POINT('',#13739);
#5580=VERTEX_POINT('',#13741);
#5581=VERTEX_POINT('',#13745);
#5582=VERTEX_POINT('',#13746);
#5583=VERTEX_POINT('',#13751);
#5584=VERTEX_POINT('',#13752);
#5585=VERTEX_POINT('',#13760);
#5586=VERTEX_POINT('',#13761);
#5587=VERTEX_POINT('',#13763);
#5588=VERTEX_POINT('',#13765);
#5589=VERTEX_POINT('',#13769);
#5590=VERTEX_POINT('',#13770);
#5591=VERTEX_POINT('',#13775);
#5592=VERTEX_POINT('',#13776);
#5593=VERTEX_POINT('',#13781);
#5594=VERTEX_POINT('',#13782);
#5595=VERTEX_POINT('',#13784);
#5596=VERTEX_POINT('',#13786);
#5597=VERTEX_POINT('',#13790);
#5598=VERTEX_POINT('',#13791);
#5599=VERTEX_POINT('',#13796);
#5600=VERTEX_POINT('',#13797);
#5601=VERTEX_POINT('',#13802);
#5602=VERTEX_POINT('',#13804);
#5603=VERTEX_POINT('',#13808);
#5604=VERTEX_POINT('',#13810);
#5605=VERTEX_POINT('',#13814);
#5606=VERTEX_POINT('',#13816);
#5607=VERTEX_POINT('',#13820);
#5608=VERTEX_POINT('',#13822);
#5609=VERTEX_POINT('',#13826);
#5610=VERTEX_POINT('',#13827);
#5611=VERTEX_POINT('',#13829);
#5612=VERTEX_POINT('',#13831);
#5613=VERTEX_POINT('',#13835);
#5614=VERTEX_POINT('',#13836);
#5615=VERTEX_POINT('',#13841);
#5616=VERTEX_POINT('',#13842);
#5617=VERTEX_POINT('',#13847);
#5618=VERTEX_POINT('',#13848);
#5619=VERTEX_POINT('',#13853);
#5620=VERTEX_POINT('',#13854);
#5621=VERTEX_POINT('',#13859);
#5622=VERTEX_POINT('',#13860);
#5623=VERTEX_POINT('',#13865);
#5624=VERTEX_POINT('',#13866);
#5625=VERTEX_POINT('',#13871);
#5626=VERTEX_POINT('',#13872);
#5627=VERTEX_POINT('',#13877);
#5628=VERTEX_POINT('',#13878);
#5629=VERTEX_POINT('',#13883);
#5630=VERTEX_POINT('',#13884);
#5631=VERTEX_POINT('',#13889);
#5632=VERTEX_POINT('',#13890);
#5633=VERTEX_POINT('',#13898);
#5634=VERTEX_POINT('',#13899);
#5635=VERTEX_POINT('',#13901);
#5636=VERTEX_POINT('',#13903);
#5637=VERTEX_POINT('',#13907);
#5638=VERTEX_POINT('',#13908);
#5639=VERTEX_POINT('',#13913);
#5640=VERTEX_POINT('',#13914);
#5641=VERTEX_POINT('',#13919);
#5642=VERTEX_POINT('',#13920);
#5643=VERTEX_POINT('',#13925);
#5644=VERTEX_POINT('',#13926);
#5645=VERTEX_POINT('',#13931);
#5646=VERTEX_POINT('',#13932);
#5647=VERTEX_POINT('',#13937);
#5648=VERTEX_POINT('',#13938);
#5649=VERTEX_POINT('',#13943);
#5650=VERTEX_POINT('',#13944);
#5651=VERTEX_POINT('',#13949);
#5652=VERTEX_POINT('',#13950);
#5653=VERTEX_POINT('',#13955);
#5654=VERTEX_POINT('',#13956);
#5655=VERTEX_POINT('',#13961);
#5656=VERTEX_POINT('',#13962);
#5657=VERTEX_POINT('',#14005);
#5658=VERTEX_POINT('',#14006);
#5659=VERTEX_POINT('',#14008);
#5660=VERTEX_POINT('',#14010);
#5661=VERTEX_POINT('',#14012);
#5662=VERTEX_POINT('',#14014);
#5663=VERTEX_POINT('',#14016);
#5664=VERTEX_POINT('',#14018);
#5665=VERTEX_POINT('',#14022);
#5666=VERTEX_POINT('',#14023);
#5667=VERTEX_POINT('',#14025);
#5668=VERTEX_POINT('',#14027);
#5669=VERTEX_POINT('',#14029);
#5670=VERTEX_POINT('',#14031);
#5671=VERTEX_POINT('',#14033);
#5672=VERTEX_POINT('',#14035);
#5673=VERTEX_POINT('',#14054);
#5674=VERTEX_POINT('',#14055);
#5675=VERTEX_POINT('',#14057);
#5676=VERTEX_POINT('',#14059);
#5677=VERTEX_POINT('',#14061);
#5678=VERTEX_POINT('',#14063);
#5679=VERTEX_POINT('',#14065);
#5680=VERTEX_POINT('',#14067);
#5681=VERTEX_POINT('',#14071);
#5682=VERTEX_POINT('',#14072);
#5683=VERTEX_POINT('',#14074);
#5684=VERTEX_POINT('',#14076);
#5685=VERTEX_POINT('',#14078);
#5686=VERTEX_POINT('',#14080);
#5687=VERTEX_POINT('',#14082);
#5688=VERTEX_POINT('',#14084);
#5689=VERTEX_POINT('',#14103);
#5690=VERTEX_POINT('',#14104);
#5691=VERTEX_POINT('',#14106);
#5692=VERTEX_POINT('',#14108);
#5693=VERTEX_POINT('',#14110);
#5694=VERTEX_POINT('',#14112);
#5695=VERTEX_POINT('',#14114);
#5696=VERTEX_POINT('',#14116);
#5697=VERTEX_POINT('',#14120);
#5698=VERTEX_POINT('',#14121);
#5699=VERTEX_POINT('',#14123);
#5700=VERTEX_POINT('',#14125);
#5701=VERTEX_POINT('',#14127);
#5702=VERTEX_POINT('',#14129);
#5703=VERTEX_POINT('',#14131);
#5704=VERTEX_POINT('',#14133);
#5705=VERTEX_POINT('',#14152);
#5706=VERTEX_POINT('',#14153);
#5707=VERTEX_POINT('',#14155);
#5708=VERTEX_POINT('',#14157);
#5709=VERTEX_POINT('',#14159);
#5710=VERTEX_POINT('',#14161);
#5711=VERTEX_POINT('',#14163);
#5712=VERTEX_POINT('',#14165);
#5713=VERTEX_POINT('',#14169);
#5714=VERTEX_POINT('',#14170);
#5715=VERTEX_POINT('',#14172);
#5716=VERTEX_POINT('',#14174);
#5717=VERTEX_POINT('',#14176);
#5718=VERTEX_POINT('',#14178);
#5719=VERTEX_POINT('',#14180);
#5720=VERTEX_POINT('',#14182);
#5721=VERTEX_POINT('',#14201);
#5722=VERTEX_POINT('',#14202);
#5723=VERTEX_POINT('',#14204);
#5724=VERTEX_POINT('',#14206);
#5725=VERTEX_POINT('',#14210);
#5726=VERTEX_POINT('',#14215);
#5727=VERTEX_POINT('',#14222);
#5728=VERTEX_POINT('',#14223);
#5729=VERTEX_POINT('',#14225);
#5730=VERTEX_POINT('',#14227);
#5731=VERTEX_POINT('',#14231);
#5732=VERTEX_POINT('',#14236);
#5733=VERTEX_POINT('',#14243);
#5734=VERTEX_POINT('',#14244);
#5735=VERTEX_POINT('',#14246);
#5736=VERTEX_POINT('',#14248);
#5737=VERTEX_POINT('',#14252);
#5738=VERTEX_POINT('',#14257);
#5739=VERTEX_POINT('',#14264);
#5740=VERTEX_POINT('',#14265);
#5741=VERTEX_POINT('',#14267);
#5742=VERTEX_POINT('',#14269);
#5743=VERTEX_POINT('',#14273);
#5744=VERTEX_POINT('',#14278);
#5745=VERTEX_POINT('',#14327);
#5746=VERTEX_POINT('',#14331);
#5747=VERTEX_POINT('',#14334);
#5748=VERTEX_POINT('',#14337);
#5749=VERTEX_POINT('',#14340);
#5750=VERTEX_POINT('',#14347);
#5751=VERTEX_POINT('',#14350);
#5752=B_SPLINE_CURVE_WITH_KNOTS('',3,(#11082,#11083,#11084,#11085,#11086,
#11087,#11088),.UNSPECIFIED.,.F.,.F.,(4,3,4),(0.,1.,2.),.UNSPECIFIED.);
#5753=B_SPLINE_CURVE_WITH_KNOTS('',3,(#11091,#11092,#11093,#11094,#11095,
#11096),.UNSPECIFIED.,.F.,.F.,(4,2,4),(2.,3.,4.),.UNSPECIFIED.);
#5754=B_SPLINE_CURVE_WITH_KNOTS('',3,(#11123,#11124,#11125,#11126,#11127,
#11128),.UNSPECIFIED.,.F.,.F.,(4,2,4),(2.,3.,4.),.UNSPECIFIED.);
#5755=B_SPLINE_CURVE_WITH_KNOTS('',3,(#11145,#11146,#11147,#11148,#11149,
#11150,#11151),.UNSPECIFIED.,.F.,.F.,(4,3,4),(0.,1.,2.),.UNSPECIFIED.);
#5756=B_SPLINE_CURVE_WITH_KNOTS('',3,(#11168,#11169,#11170,#11171),
 .UNSPECIFIED.,.F.,.F.,(4,4),(34.,35.),.UNSPECIFIED.);
#5757=B_SPLINE_CURVE_WITH_KNOTS('',3,(#11176,#11177,#11178,#11179),
 .UNSPECIFIED.,.F.,.F.,(4,4),(34.,35.),.UNSPECIFIED.);
#5758=B_SPLINE_CURVE_WITH_KNOTS('',3,(#11198,#11199,#11200,#11201),
 .UNSPECIFIED.,.F.,.F.,(4,4),(33.,34.),.UNSPECIFIED.);
#5759=B_SPLINE_CURVE_WITH_KNOTS('',3,(#11203,#11204,#11205,#11206),
 .UNSPECIFIED.,.F.,.F.,(4,4),(33.,34.),.UNSPECIFIED.);
#5760=B_SPLINE_CURVE_WITH_KNOTS('',3,(#11229,#11230,#11231,#11232),
 .UNSPECIFIED.,.F.,.F.,(4,4),(26.,27.),.UNSPECIFIED.);
#5761=B_SPLINE_CURVE_WITH_KNOTS('',3,(#11234,#11235,#11236,#11237),
 .UNSPECIFIED.,.F.,.F.,(4,4),(26.,27.),.UNSPECIFIED.);
#5762=B_SPLINE_CURVE_WITH_KNOTS('',3,(#11254,#11255,#11256,#11257),
 .UNSPECIFIED.,.F.,.F.,(4,4),(24.,25.),.UNSPECIFIED.);
#5763=B_SPLINE_CURVE_WITH_KNOTS('',3,(#11259,#11260,#11261,#11262),
 .UNSPECIFIED.,.F.,.F.,(4,4),(24.,25.),.UNSPECIFIED.);
#5764=B_SPLINE_CURVE_WITH_KNOTS('',3,(#11281,#11282,#11283,#11284),
 .UNSPECIFIED.,.F.,.F.,(4,4),(21.,22.),.UNSPECIFIED.);
#5765=B_SPLINE_CURVE_WITH_KNOTS('',3,(#11286,#11287,#11288,#11289),
 .UNSPECIFIED.,.F.,.F.,(4,4),(21.,22.),.UNSPECIFIED.);
#5766=B_SPLINE_CURVE_WITH_KNOTS('',3,(#11300,#11301,#11302,#11303),
 .UNSPECIFIED.,.F.,.F.,(4,4),(20.,21.),.UNSPECIFIED.);
#5767=B_SPLINE_CURVE_WITH_KNOTS('',3,(#11305,#11306,#11307,#11308),
 .UNSPECIFIED.,.F.,.F.,(4,4),(20.,21.),.UNSPECIFIED.);
#5768=B_SPLINE_CURVE_WITH_KNOTS('',3,(#11319,#11320,#11321,#11322),
 .UNSPECIFIED.,.F.,.F.,(4,4),(19.,20.),.UNSPECIFIED.);
#5769=B_SPLINE_CURVE_WITH_KNOTS('',3,(#11324,#11325,#11326,#11327),
 .UNSPECIFIED.,.F.,.F.,(4,4),(19.,20.),.UNSPECIFIED.);
#5770=B_SPLINE_CURVE_WITH_KNOTS('',3,(#11340,#11341,#11342,#11343),
 .UNSPECIFIED.,.F.,.F.,(4,4),(17.,18.),.UNSPECIFIED.);
#5771=B_SPLINE_CURVE_WITH_KNOTS('',3,(#11345,#11346,#11347,#11348),
 .UNSPECIFIED.,.F.,.F.,(4,4),(17.,18.),.UNSPECIFIED.);
#5772=B_SPLINE_CURVE_WITH_KNOTS('',3,(#11359,#11360,#11361,#11362),
 .UNSPECIFIED.,.F.,.F.,(4,4),(16.,17.),.UNSPECIFIED.);
#5773=B_SPLINE_CURVE_WITH_KNOTS('',3,(#11364,#11365,#11366,#11367),
 .UNSPECIFIED.,.F.,.F.,(4,4),(16.,17.),.UNSPECIFIED.);
#5774=B_SPLINE_CURVE_WITH_KNOTS('',3,(#11378,#11379,#11380,#11381),
 .UNSPECIFIED.,.F.,.F.,(4,4),(15.,16.),.UNSPECIFIED.);
#5775=B_SPLINE_CURVE_WITH_KNOTS('',3,(#11383,#11384,#11385,#11386),
 .UNSPECIFIED.,.F.,.F.,(4,4),(15.,16.),.UNSPECIFIED.);
#5776=B_SPLINE_CURVE_WITH_KNOTS('',3,(#11431,#11432,#11433,#11434,#11435,
#11436,#11437),.UNSPECIFIED.,.F.,.F.,(4,3,4),(8.99,9.,10.),
 .PIECEWISE_BEZIER_KNOTS.);
#5777=B_SPLINE_CURVE_WITH_KNOTS('',3,(#11439,#11440,#11441,#11442,#11443,
#11444,#11445),.UNSPECIFIED.,.F.,.F.,(4,3,4),(8.99,9.,10.),
 .PIECEWISE_BEZIER_KNOTS.);
#5778=B_SPLINE_CURVE_WITH_KNOTS('',3,(#11466,#11467,#11468,#11469),
 .UNSPECIFIED.,.F.,.F.,(4,4),(5.,6.),.UNSPECIFIED.);
#5779=B_SPLINE_CURVE_WITH_KNOTS('',3,(#11471,#11472,#11473,#11474),
 .UNSPECIFIED.,.F.,.F.,(4,4),(5.,6.),.UNSPECIFIED.);
#5780=B_SPLINE_CURVE_WITH_KNOTS('',3,(#11485,#11486,#11487,#11488),
 .UNSPECIFIED.,.F.,.F.,(4,4),(4.,5.),.UNSPECIFIED.);
#5781=B_SPLINE_CURVE_WITH_KNOTS('',3,(#11490,#11491,#11492,#11493),
 .UNSPECIFIED.,.F.,.F.,(4,4),(4.,5.),.UNSPECIFIED.);
#5782=B_SPLINE_CURVE_WITH_KNOTS('',3,(#11504,#11505,#11506,#11507),
 .UNSPECIFIED.,.F.,.F.,(4,4),(3.,4.),.UNSPECIFIED.);
#5783=B_SPLINE_CURVE_WITH_KNOTS('',3,(#11509,#11510,#11511,#11512),
 .UNSPECIFIED.,.F.,.F.,(4,4),(3.,4.),.UNSPECIFIED.);
#5784=B_SPLINE_CURVE_WITH_KNOTS('',3,(#11523,#11524,#11525,#11526),
 .UNSPECIFIED.,.F.,.F.,(4,4),(2.,3.),.UNSPECIFIED.);
#5785=B_SPLINE_CURVE_WITH_KNOTS('',3,(#11528,#11529,#11530,#11531),
 .UNSPECIFIED.,.F.,.F.,(4,4),(2.,3.),.UNSPECIFIED.);
#5786=B_SPLINE_CURVE_WITH_KNOTS('',3,(#11542,#11543,#11544,#11545),
 .UNSPECIFIED.,.F.,.F.,(4,4),(1.,2.),.UNSPECIFIED.);
#5787=B_SPLINE_CURVE_WITH_KNOTS('',3,(#11547,#11548,#11549,#11550),
 .UNSPECIFIED.,.F.,.F.,(4,4),(1.,2.),.UNSPECIFIED.);
#5788=B_SPLINE_CURVE_WITH_KNOTS('',3,(#11561,#11562,#11563,#11564),
 .UNSPECIFIED.,.F.,.F.,(4,4),(0.,1.),.UNSPECIFIED.);
#5789=B_SPLINE_CURVE_WITH_KNOTS('',3,(#11566,#11567,#11568,#11569),
 .UNSPECIFIED.,.F.,.F.,(4,4),(0.,1.),.UNSPECIFIED.);
#5790=B_SPLINE_CURVE_WITH_KNOTS('',3,(#11580,#11581,#11582,#11583),
 .UNSPECIFIED.,.F.,.F.,(4,4),(35.,36.),.UNSPECIFIED.);
#5791=B_SPLINE_CURVE_WITH_KNOTS('',3,(#11584,#11585,#11586,#11587),
 .UNSPECIFIED.,.F.,.F.,(4,4),(35.,36.),.UNSPECIFIED.);
#5792=B_SPLINE_CURVE_WITH_KNOTS('',3,(#11595,#11596,#11597,#11598),
 .UNSPECIFIED.,.F.,.F.,(4,4),(1.,2.),.UNSPECIFIED.);
#5793=B_SPLINE_CURVE_WITH_KNOTS('',3,(#11602,#11603,#11604,#11605),
 .UNSPECIFIED.,.F.,.F.,(4,4),(3.,4.),.UNSPECIFIED.);
#5794=B_SPLINE_CURVE_WITH_KNOTS('',3,(#11624,#11625,#11626,#11627),
 .UNSPECIFIED.,.F.,.F.,(4,4),(3.,4.),.UNSPECIFIED.);
#5795=B_SPLINE_CURVE_WITH_KNOTS('',3,(#11642,#11643,#11644,#11645),
 .UNSPECIFIED.,.F.,.F.,(4,4),(1.,2.),.UNSPECIFIED.);
#5796=B_SPLINE_CURVE_WITH_KNOTS('',3,(#11709,#11710,#11711,#11712),
 .UNSPECIFIED.,.F.,.F.,(4,4),(2.,3.),.UNSPECIFIED.);
#5797=B_SPLINE_CURVE_WITH_KNOTS('',3,(#11714,#11715,#11716,#11717),
 .UNSPECIFIED.,.F.,.F.,(4,4),(3.,4.),.UNSPECIFIED.);
#5798=B_SPLINE_CURVE_WITH_KNOTS('',3,(#11719,#11720,#11721,#11722),
 .UNSPECIFIED.,.F.,.F.,(4,4),(4.,5.),.UNSPECIFIED.);
#5799=B_SPLINE_CURVE_WITH_KNOTS('',3,(#11724,#11725,#11726,#11727),
 .UNSPECIFIED.,.F.,.F.,(4,4),(5.,6.),.UNSPECIFIED.);
#5800=B_SPLINE_CURVE_WITH_KNOTS('',3,(#11746,#11747,#11748,#11749),
 .UNSPECIFIED.,.F.,.F.,(4,4),(5.,6.),.UNSPECIFIED.);
#5801=B_SPLINE_CURVE_WITH_KNOTS('',3,(#11770,#11771,#11772,#11773),
 .UNSPECIFIED.,.F.,.F.,(4,4),(4.,5.),.UNSPECIFIED.);
#5802=B_SPLINE_CURVE_WITH_KNOTS('',3,(#11792,#11793,#11794,#11795),
 .UNSPECIFIED.,.F.,.F.,(4,4),(3.,4.),.UNSPECIFIED.);
#5803=B_SPLINE_CURVE_WITH_KNOTS('',3,(#11814,#11815,#11816,#11817),
 .UNSPECIFIED.,.F.,.F.,(4,4),(2.,3.),.UNSPECIFIED.);
#5804=B_SPLINE_CURVE_WITH_KNOTS('',3,(#11851,#11852,#11853,#11854),
 .UNSPECIFIED.,.F.,.F.,(4,4),(2.,3.),.UNSPECIFIED.);
#5805=B_SPLINE_CURVE_WITH_KNOTS('',3,(#11856,#11857,#11858,#11859),
 .UNSPECIFIED.,.F.,.F.,(4,4),(2.,3.),.UNSPECIFIED.);
#5806=B_SPLINE_CURVE_WITH_KNOTS('',3,(#11870,#11871,#11872,#11873),
 .UNSPECIFIED.,.F.,.F.,(4,4),(3.,4.),.UNSPECIFIED.);
#5807=B_SPLINE_CURVE_WITH_KNOTS('',3,(#11875,#11876,#11877,#11878),
 .UNSPECIFIED.,.F.,.F.,(4,4),(3.,4.),.UNSPECIFIED.);
#5808=B_SPLINE_CURVE_WITH_KNOTS('',3,(#11889,#11890,#11891,#11892),
 .UNSPECIFIED.,.F.,.F.,(4,4),(4.,5.),.UNSPECIFIED.);
#5809=B_SPLINE_CURVE_WITH_KNOTS('',3,(#11894,#11895,#11896,#11897),
 .UNSPECIFIED.,.F.,.F.,(4,4),(4.,5.),.UNSPECIFIED.);
#5810=B_SPLINE_CURVE_WITH_KNOTS('',3,(#11908,#11909,#11910,#11911),
 .UNSPECIFIED.,.F.,.F.,(4,4),(5.,6.),.UNSPECIFIED.);
#5811=B_SPLINE_CURVE_WITH_KNOTS('',3,(#11913,#11914,#11915,#11916),
 .UNSPECIFIED.,.F.,.F.,(4,4),(5.,6.),.UNSPECIFIED.);
#5812=B_SPLINE_CURVE_WITH_KNOTS('',3,(#12016,#12017,#12018,#12019),
 .UNSPECIFIED.,.F.,.F.,(4,4),(5.,6.),.UNSPECIFIED.);
#5813=B_SPLINE_CURVE_WITH_KNOTS('',3,(#12027,#12028,#12029,#12030),
 .UNSPECIFIED.,.F.,.F.,(4,4),(1.,2.),.UNSPECIFIED.);
#5814=B_SPLINE_CURVE_WITH_KNOTS('',3,(#12047,#12048,#12049,#12050),
 .UNSPECIFIED.,.F.,.F.,(4,4),(1.,2.),.UNSPECIFIED.);
#5815=B_SPLINE_CURVE_WITH_KNOTS('',3,(#12065,#12066,#12067,#12068),
 .UNSPECIFIED.,.F.,.F.,(4,4),(5.,6.),.UNSPECIFIED.);
#5816=B_SPLINE_CURVE_WITH_KNOTS('',3,(#12111,#12112,#12113,#12114),
 .UNSPECIFIED.,.F.,.F.,(4,4),(19.,20.),.UNSPECIFIED.);
#5817=B_SPLINE_CURVE_WITH_KNOTS('',3,(#12116,#12117,#12118,#12119),
 .UNSPECIFIED.,.F.,.F.,(4,4),(18.,19.),.UNSPECIFIED.);
#5818=B_SPLINE_CURVE_WITH_KNOTS('',3,(#12127,#12128,#12129,#12130),
 .UNSPECIFIED.,.F.,.F.,(4,4),(14.,15.),.UNSPECIFIED.);
#5819=B_SPLINE_CURVE_WITH_KNOTS('',3,(#12132,#12133,#12134,#12135),
 .UNSPECIFIED.,.F.,.F.,(4,4),(13.,14.),.UNSPECIFIED.);
#5820=B_SPLINE_CURVE_WITH_KNOTS('',3,(#12139,#12140,#12141,#12142,#12143,
#12144,#12145),.UNSPECIFIED.,.F.,.F.,(4,3,4),(10.9686084459806,11.,12.),
 .PIECEWISE_BEZIER_KNOTS.);
#5821=B_SPLINE_CURVE_WITH_KNOTS('',3,(#12153,#12154,#12155,#12156,#12157,
#12158,#12159),.UNSPECIFIED.,.F.,.F.,(4,3,4),(6.98756159114861,7.,8.),
 .PIECEWISE_BEZIER_KNOTS.);
#5822=B_SPLINE_CURVE_WITH_KNOTS('',3,(#12167,#12168,#12169,#12170),
 .UNSPECIFIED.,.F.,.F.,(4,4),(3.,4.),.UNSPECIFIED.);
#5823=B_SPLINE_CURVE_WITH_KNOTS('',3,(#12172,#12173,#12174,#12175),
 .UNSPECIFIED.,.F.,.F.,(4,4),(2.,3.),.UNSPECIFIED.);
#5824=B_SPLINE_CURVE_WITH_KNOTS('',3,(#12177,#12178,#12179,#12180),
 .UNSPECIFIED.,.F.,.F.,(4,4),(1.,2.),.UNSPECIFIED.);
#5825=B_SPLINE_CURVE_WITH_KNOTS('',3,(#12189,#12190,#12191,#12192),
 .UNSPECIFIED.,.F.,.F.,(4,4),(1.,2.),.UNSPECIFIED.);
#5826=B_SPLINE_CURVE_WITH_KNOTS('',3,(#12203,#12204,#12205,#12206),
 .UNSPECIFIED.,.F.,.F.,(4,4),(2.,3.),.UNSPECIFIED.);
#5827=B_SPLINE_CURVE_WITH_KNOTS('',3,(#12217,#12218,#12219,#12220),
 .UNSPECIFIED.,.F.,.F.,(4,4),(3.,4.),.UNSPECIFIED.);
#5828=B_SPLINE_CURVE_WITH_KNOTS('',3,(#12235,#12236,#12237,#12238,#12239,
#12240,#12241),.UNSPECIFIED.,.F.,.F.,(4,3,4),(6.98756159114861,7.,8.),
 .PIECEWISE_BEZIER_KNOTS.);
#5829=B_SPLINE_CURVE_WITH_KNOTS('',3,(#12264,#12265,#12266,#12267,#12268,
#12269,#12270),.UNSPECIFIED.,.F.,.F.,(4,3,4),(10.9686084459806,11.,12.),
 .PIECEWISE_BEZIER_KNOTS.);
#5830=B_SPLINE_CURVE_WITH_KNOTS('',3,(#12281,#12282,#12283,#12284),
 .UNSPECIFIED.,.F.,.F.,(4,4),(13.,14.),.UNSPECIFIED.);
#5831=B_SPLINE_CURVE_WITH_KNOTS('',3,(#12295,#12296,#12297,#12298),
 .UNSPECIFIED.,.F.,.F.,(4,4),(14.,15.),.UNSPECIFIED.);
#5832=B_SPLINE_CURVE_WITH_KNOTS('',3,(#12313,#12314,#12315,#12316),
 .UNSPECIFIED.,.F.,.F.,(4,4),(18.,19.),.UNSPECIFIED.);
#5833=B_SPLINE_CURVE_WITH_KNOTS('',3,(#12327,#12328,#12329,#12330),
 .UNSPECIFIED.,.F.,.F.,(4,4),(19.,20.),.UNSPECIFIED.);
#5834=B_SPLINE_CURVE_WITH_KNOTS('',3,(#12338,#12339,#12340,#12341),
 .UNSPECIFIED.,.F.,.F.,(4,4),(0.,1.),.UNSPECIFIED.);
#5835=B_SPLINE_CURVE_WITH_KNOTS('',3,(#12344,#12345,#12346,#12347),
 .UNSPECIFIED.,.F.,.F.,(4,4),(1.,2.),.UNSPECIFIED.);
#5836=B_SPLINE_CURVE_WITH_KNOTS('',3,(#12349,#12350,#12351,#12352),
 .UNSPECIFIED.,.F.,.F.,(4,4),(2.,3.),.UNSPECIFIED.);
#5837=B_SPLINE_CURVE_WITH_KNOTS('',3,(#12354,#12355,#12356,#12357),
 .UNSPECIFIED.,.F.,.F.,(4,4),(3.,4.),.UNSPECIFIED.);
#5838=B_SPLINE_CURVE_WITH_KNOTS('',3,(#12359,#12360,#12361,#12362),
 .UNSPECIFIED.,.F.,.F.,(4,4),(4.,5.),.UNSPECIFIED.);
#5839=B_SPLINE_CURVE_WITH_KNOTS('',3,(#12364,#12365,#12366,#12367),
 .UNSPECIFIED.,.F.,.F.,(4,4),(5.,6.),.UNSPECIFIED.);
#5840=B_SPLINE_CURVE_WITH_KNOTS('',3,(#12392,#12393,#12394,#12395),
 .UNSPECIFIED.,.F.,.F.,(4,4),(5.,6.),.UNSPECIFIED.);
#5841=B_SPLINE_CURVE_WITH_KNOTS('',3,(#12406,#12407,#12408,#12409),
 .UNSPECIFIED.,.F.,.F.,(4,4),(4.,5.),.UNSPECIFIED.);
#5842=B_SPLINE_CURVE_WITH_KNOTS('',3,(#12420,#12421,#12422,#12423),
 .UNSPECIFIED.,.F.,.F.,(4,4),(3.,4.),.UNSPECIFIED.);
#5843=B_SPLINE_CURVE_WITH_KNOTS('',3,(#12434,#12435,#12436,#12437),
 .UNSPECIFIED.,.F.,.F.,(4,4),(2.,3.),.UNSPECIFIED.);
#5844=B_SPLINE_CURVE_WITH_KNOTS('',3,(#12448,#12449,#12450,#12451),
 .UNSPECIFIED.,.F.,.F.,(4,4),(1.,2.),.UNSPECIFIED.);
#5845=B_SPLINE_CURVE_WITH_KNOTS('',3,(#12460,#12461,#12462,#12463),
 .UNSPECIFIED.,.F.,.F.,(4,4),(0.,1.),.UNSPECIFIED.);
#5846=B_SPLINE_CURVE_WITH_KNOTS('',3,(#12472,#12473,#12474,#12475),
 .UNSPECIFIED.,.F.,.F.,(4,4),(1.,2.),.UNSPECIFIED.);
#5847=B_SPLINE_CURVE_WITH_KNOTS('',3,(#12480,#12481,#12482,#12483),
 .UNSPECIFIED.,.F.,.F.,(4,4),(1.,2.),.UNSPECIFIED.);
#5848=B_SPLINE_CURVE_WITH_KNOTS('',3,(#12524,#12525,#12526,#12527),
 .UNSPECIFIED.,.F.,.F.,(4,4),(7.,8.),.UNSPECIFIED.);
#5849=B_SPLINE_CURVE_WITH_KNOTS('',3,(#12529,#12530,#12531,#12532),
 .UNSPECIFIED.,.F.,.F.,(4,4),(7.,8.),.UNSPECIFIED.);
#5850=B_SPLINE_CURVE_WITH_KNOTS('',3,(#12543,#12544,#12545,#12546),
 .UNSPECIFIED.,.F.,.F.,(4,4),(8.,9.),.UNSPECIFIED.);
#5851=B_SPLINE_CURVE_WITH_KNOTS('',3,(#12548,#12549,#12550,#12551),
 .UNSPECIFIED.,.F.,.F.,(4,4),(8.,9.),.UNSPECIFIED.);
#5852=B_SPLINE_CURVE_WITH_KNOTS('',3,(#12562,#12563,#12564,#12565),
 .UNSPECIFIED.,.F.,.F.,(4,4),(9.,10.),.UNSPECIFIED.);
#5853=B_SPLINE_CURVE_WITH_KNOTS('',3,(#12567,#12568,#12569,#12570),
 .UNSPECIFIED.,.F.,.F.,(4,4),(9.,10.),.UNSPECIFIED.);
#5854=B_SPLINE_CURVE_WITH_KNOTS('',3,(#12587,#12588,#12589,#12590),
 .UNSPECIFIED.,.F.,.F.,(4,4),(11.,12.),.UNSPECIFIED.);
#5855=B_SPLINE_CURVE_WITH_KNOTS('',3,(#12592,#12593,#12594,#12595),
 .UNSPECIFIED.,.F.,.F.,(4,4),(11.,12.),.UNSPECIFIED.);
#5856=B_SPLINE_CURVE_WITH_KNOTS('',3,(#12614,#12615,#12616,#12617),
 .UNSPECIFIED.,.F.,.F.,(4,4),(0.,1.),.UNSPECIFIED.);
#5857=B_SPLINE_CURVE_WITH_KNOTS('',3,(#12618,#12619,#12620,#12621),
 .UNSPECIFIED.,.F.,.F.,(4,4),(0.,1.),.UNSPECIFIED.);
#5858=B_SPLINE_CURVE_WITH_KNOTS('',3,(#12702,#12703,#12704,#12705),
 .UNSPECIFIED.,.F.,.F.,(4,4),(1.,2.),.UNSPECIFIED.);
#5859=B_SPLINE_CURVE_WITH_KNOTS('',3,(#12709,#12710,#12711,#12712),
 .UNSPECIFIED.,.F.,.F.,(4,4),(3.,4.),.UNSPECIFIED.);
#5860=B_SPLINE_CURVE_WITH_KNOTS('',3,(#12731,#12732,#12733,#12734),
 .UNSPECIFIED.,.F.,.F.,(4,4),(3.,4.),.UNSPECIFIED.);
#5861=B_SPLINE_CURVE_WITH_KNOTS('',3,(#12749,#12750,#12751,#12752),
 .UNSPECIFIED.,.F.,.F.,(4,4),(1.,2.),.UNSPECIFIED.);
#5862=B_SPLINE_CURVE_WITH_KNOTS('',3,(#12816,#12817,#12818,#12819),
 .UNSPECIFIED.,.F.,.F.,(4,4),(2.,3.),.UNSPECIFIED.);
#5863=B_SPLINE_CURVE_WITH_KNOTS('',3,(#12821,#12822,#12823,#12824),
 .UNSPECIFIED.,.F.,.F.,(4,4),(3.,4.),.UNSPECIFIED.);
#5864=B_SPLINE_CURVE_WITH_KNOTS('',3,(#12826,#12827,#12828,#12829),
 .UNSPECIFIED.,.F.,.F.,(4,4),(4.,5.),.UNSPECIFIED.);
#5865=B_SPLINE_CURVE_WITH_KNOTS('',3,(#12831,#12832,#12833,#12834),
 .UNSPECIFIED.,.F.,.F.,(4,4),(5.,6.),.UNSPECIFIED.);
#5866=B_SPLINE_CURVE_WITH_KNOTS('',3,(#12853,#12854,#12855,#12856),
 .UNSPECIFIED.,.F.,.F.,(4,4),(5.,6.),.UNSPECIFIED.);
#5867=B_SPLINE_CURVE_WITH_KNOTS('',3,(#12877,#12878,#12879,#12880),
 .UNSPECIFIED.,.F.,.F.,(4,4),(4.,5.),.UNSPECIFIED.);
#5868=B_SPLINE_CURVE_WITH_KNOTS('',3,(#12899,#12900,#12901,#12902),
 .UNSPECIFIED.,.F.,.F.,(4,4),(3.,4.),.UNSPECIFIED.);
#5869=B_SPLINE_CURVE_WITH_KNOTS('',3,(#12921,#12922,#12923,#12924),
 .UNSPECIFIED.,.F.,.F.,(4,4),(2.,3.),.UNSPECIFIED.);
#5870=B_SPLINE_CURVE_WITH_KNOTS('',3,(#12958,#12959,#12960,#12961),
 .UNSPECIFIED.,.F.,.F.,(4,4),(2.,3.),.UNSPECIFIED.);
#5871=B_SPLINE_CURVE_WITH_KNOTS('',3,(#12963,#12964,#12965,#12966),
 .UNSPECIFIED.,.F.,.F.,(4,4),(2.,3.),.UNSPECIFIED.);
#5872=B_SPLINE_CURVE_WITH_KNOTS('',3,(#12977,#12978,#12979,#12980),
 .UNSPECIFIED.,.F.,.F.,(4,4),(3.,4.),.UNSPECIFIED.);
#5873=B_SPLINE_CURVE_WITH_KNOTS('',3,(#12982,#12983,#12984,#12985),
 .UNSPECIFIED.,.F.,.F.,(4,4),(3.,4.),.UNSPECIFIED.);
#5874=B_SPLINE_CURVE_WITH_KNOTS('',3,(#12996,#12997,#12998,#12999),
 .UNSPECIFIED.,.F.,.F.,(4,4),(4.,5.),.UNSPECIFIED.);
#5875=B_SPLINE_CURVE_WITH_KNOTS('',3,(#13001,#13002,#13003,#13004),
 .UNSPECIFIED.,.F.,.F.,(4,4),(4.,5.),.UNSPECIFIED.);
#5876=B_SPLINE_CURVE_WITH_KNOTS('',3,(#13015,#13016,#13017,#13018),
 .UNSPECIFIED.,.F.,.F.,(4,4),(5.,6.),.UNSPECIFIED.);
#5877=B_SPLINE_CURVE_WITH_KNOTS('',3,(#13020,#13021,#13022,#13023),
 .UNSPECIFIED.,.F.,.F.,(4,4),(5.,6.),.UNSPECIFIED.);
#5878=B_SPLINE_CURVE_WITH_KNOTS('',3,(#13104,#13105,#13106,#13107),
 .UNSPECIFIED.,.F.,.F.,(4,4),(0.,1.),.UNSPECIFIED.);
#5879=B_SPLINE_CURVE_WITH_KNOTS('',3,(#13112,#13113,#13114,#13115),
 .UNSPECIFIED.,.F.,.F.,(4,4),(12.,13.),.UNSPECIFIED.);
#5880=B_SPLINE_CURVE_WITH_KNOTS('',3,(#13117,#13118,#13119,#13120),
 .UNSPECIFIED.,.F.,.F.,(4,4),(11.,12.),.UNSPECIFIED.);
#5881=B_SPLINE_CURVE_WITH_KNOTS('',3,(#13124,#13125,#13126,#13127),
 .UNSPECIFIED.,.F.,.F.,(4,4),(9.,10.),.UNSPECIFIED.);
#5882=B_SPLINE_CURVE_WITH_KNOTS('',3,(#13129,#13130,#13131,#13132),
 .UNSPECIFIED.,.F.,.F.,(4,4),(8.,9.),.UNSPECIFIED.);
#5883=B_SPLINE_CURVE_WITH_KNOTS('',3,(#13138,#13139,#13140,#13141),
 .UNSPECIFIED.,.F.,.F.,(4,4),(5.,6.),.UNSPECIFIED.);
#5884=B_SPLINE_CURVE_WITH_KNOTS('',3,(#13143,#13144,#13145,#13146),
 .UNSPECIFIED.,.F.,.F.,(4,4),(4.,5.),.UNSPECIFIED.);
#5885=B_SPLINE_CURVE_WITH_KNOTS('',3,(#13150,#13151,#13152,#13153),
 .UNSPECIFIED.,.F.,.F.,(4,4),(2.,3.),.UNSPECIFIED.);
#5886=B_SPLINE_CURVE_WITH_KNOTS('',3,(#13155,#13156,#13157,#13158),
 .UNSPECIFIED.,.F.,.F.,(4,4),(1.,2.),.UNSPECIFIED.);
#5887=B_SPLINE_CURVE_WITH_KNOTS('',3,(#13175,#13176,#13177,#13178),
 .UNSPECIFIED.,.F.,.F.,(4,4),(1.,2.),.UNSPECIFIED.);
#5888=B_SPLINE_CURVE_WITH_KNOTS('',3,(#13199,#13200,#13201,#13202),
 .UNSPECIFIED.,.F.,.F.,(4,4),(2.,3.),.UNSPECIFIED.);
#5889=B_SPLINE_CURVE_WITH_KNOTS('',3,(#13213,#13214,#13215,#13216),
 .UNSPECIFIED.,.F.,.F.,(4,4),(4.,5.),.UNSPECIFIED.);
#5890=B_SPLINE_CURVE_WITH_KNOTS('',3,(#13227,#13228,#13229,#13230),
 .UNSPECIFIED.,.F.,.F.,(4,4),(5.,6.),.UNSPECIFIED.);
#5891=B_SPLINE_CURVE_WITH_KNOTS('',3,(#13245,#13246,#13247,#13248),
 .UNSPECIFIED.,.F.,.F.,(4,4),(8.,9.),.UNSPECIFIED.);
#5892=B_SPLINE_CURVE_WITH_KNOTS('',3,(#13259,#13260,#13261,#13262),
 .UNSPECIFIED.,.F.,.F.,(4,4),(9.,10.),.UNSPECIFIED.);
#5893=B_SPLINE_CURVE_WITH_KNOTS('',3,(#13273,#13274,#13275,#13276),
 .UNSPECIFIED.,.F.,.F.,(4,4),(11.,12.),.UNSPECIFIED.);
#5894=B_SPLINE_CURVE_WITH_KNOTS('',3,(#13287,#13288,#13289,#13290),
 .UNSPECIFIED.,.F.,.F.,(4,4),(12.,13.),.UNSPECIFIED.);
#5895=B_SPLINE_CURVE_WITH_KNOTS('',3,(#13305,#13306,#13307,#13308),
 .UNSPECIFIED.,.F.,.F.,(4,4),(0.,1.),.UNSPECIFIED.);
#5896=EDGE_LOOP('',(#1881,#1882));
#5897=EDGE_LOOP('',(#1883,#1884,#1885,#1886));
#5898=EDGE_LOOP('',(#1887,#1888,#1889,#1890));
#5899=EDGE_LOOP('',(#1891,#1892,#1893,#1894));
#5900=EDGE_LOOP('',(#1895,#1896,#1897,#1898));
#5901=EDGE_LOOP('',(#1899,#1900,#1901));
#5902=EDGE_LOOP('',(#1902,#1903));
#5903=EDGE_LOOP('',(#1904,#1905));
#5904=EDGE_LOOP('',(#1906,#1907,#1908));
#5905=EDGE_LOOP('',(#1909,#1910,#1911,#1912));
#5906=EDGE_LOOP('',(#1913,#1914,#1915));
#5907=EDGE_LOOP('',(#1916,#1917));
#5908=EDGE_LOOP('',(#1918,#1919,#1920));
#5909=EDGE_LOOP('',(#1921,#1922,#1923,#1924));
#5910=EDGE_LOOP('',(#1925,#1926,#1927,#1928));
#5911=EDGE_LOOP('',(#1929,#1930,#1931));
#5912=EDGE_LOOP('',(#1932,#1933));
#5913=EDGE_LOOP('',(#1934,#1935,#1936));
#5914=EDGE_LOOP('',(#1937,#1938,#1939,#1940));
#5915=EDGE_LOOP('',(#1941,#1942,#1943,#1944));
#5916=EDGE_LOOP('',(#1945,#1946,#1947,#1948));
#5917=EDGE_LOOP('',(#1949,#1950,#1951,#1952));
#5918=EDGE_LOOP('',(#1953,#1954,#1955,#1956));
#5919=EDGE_LOOP('',(#1957,#1958,#1959));
#5920=EDGE_LOOP('',(#1960,#1961));
#5921=EDGE_LOOP('',(#1962,#1963));
#5922=EDGE_LOOP('',(#1964,#1965));
#5923=EDGE_LOOP('',(#1966,#1967));
#5924=EDGE_LOOP('',(#1968,#1969));
#5925=EDGE_LOOP('',(#1970,#1971,#1972));
#5926=EDGE_LOOP('',(#1973,#1974,#1975,#1976));
#5927=EDGE_LOOP('',(#1977,#1978,#1979,#1980));
#5928=EDGE_LOOP('',(#1981,#1982,#1983,#1984));
#5929=EDGE_LOOP('',(#1985,#1986,#1987,#1988));
#5930=EDGE_LOOP('',(#1989,#1990,#1991,#1992));
#5931=EDGE_LOOP('',(#1993,#1994,#1995,#1996));
#5932=EDGE_LOOP('',(#1997,#1998));
#5933=EDGE_LOOP('',(#1999,#2000,#2001,#2002,#2003,#2004,#2005,#2006,#2007,
#2008,#2009,#2010,#2011,#2012,#2013,#2014,#2015,#2016,#2017,#2018,#2019,
#2020,#2021,#2022,#2023,#2024,#2025,#2026,#2027,#2028,#2029,#2030,#2031));
#5934=EDGE_LOOP('',(#2032,#2033,#2034,#2035,#2036,#2037));
#5935=EDGE_LOOP('',(#2038,#2039,#2040,#2041));
#5936=EDGE_LOOP('',(#2042,#2043,#2044,#2045));
#5937=EDGE_LOOP('',(#2046,#2047,#2048,#2049));
#5938=EDGE_LOOP('',(#2050,#2051,#2052,#2053));
#5939=EDGE_LOOP('',(#2054,#2055,#2056,#2057));
#5940=EDGE_LOOP('',(#2058,#2059,#2060,#2061));
#5941=EDGE_LOOP('',(#2062,#2063,#2064,#2065));
#5942=EDGE_LOOP('',(#2066,#2067,#2068,#2069));
#5943=EDGE_LOOP('',(#2070,#2071,#2072,#2073));
#5944=EDGE_LOOP('',(#2074,#2075,#2076,#2077));
#5945=EDGE_LOOP('',(#2078,#2079,#2080,#2081));
#5946=EDGE_LOOP('',(#2082,#2083,#2084,#2085));
#5947=EDGE_LOOP('',(#2086,#2087,#2088,#2089));
#5948=EDGE_LOOP('',(#2090,#2091,#2092,#2093));
#5949=EDGE_LOOP('',(#2094,#2095,#2096,#2097,#2098,#2099));
#5950=EDGE_LOOP('',(#2100,#2101,#2102,#2103,#2104,#2105,#2106,#2107));
#5951=EDGE_LOOP('',(#2108,#2109,#2110,#2111,#2112,#2113,#2114));
#5952=EDGE_LOOP('',(#2115,#2116,#2117,#2118));
#5953=EDGE_LOOP('',(#2119,#2120,#2121,#2122));
#5954=EDGE_LOOP('',(#2123,#2124,#2125,#2126));
#5955=EDGE_LOOP('',(#2127,#2128,#2129,#2130));
#5956=EDGE_LOOP('',(#2131,#2132,#2133,#2134));
#5957=EDGE_LOOP('',(#2135,#2136,#2137,#2138));
#5958=EDGE_LOOP('',(#2139,#2140,#2141,#2142));
#5959=EDGE_LOOP('',(#2143,#2144,#2145,#2146));
#5960=EDGE_LOOP('',(#2147,#2148,#2149,#2150));
#5961=EDGE_LOOP('',(#2151,#2152,#2153,#2154));
#5962=EDGE_LOOP('',(#2155,#2156,#2157,#2158));
#5963=EDGE_LOOP('',(#2159,#2160,#2161,#2162));
#5964=EDGE_LOOP('',(#2163,#2164,#2165,#2166));
#5965=EDGE_LOOP('',(#2167,#2168,#2169,#2170));
#5966=EDGE_LOOP('',(#2171,#2172,#2173,#2174,#2175,#2176,#2177));
#5967=EDGE_LOOP('',(#2178,#2179,#2180,#2181,#2182,#2183,#2184));
#5968=EDGE_LOOP('',(#2185,#2186,#2187,#2188,#2189,#2190,#2191,#2192,#2193,
#2194,#2195,#2196));
#5969=EDGE_LOOP('',(#2197,#2198,#2199,#2200));
#5970=EDGE_LOOP('',(#2201,#2202,#2203,#2204));
#5971=EDGE_LOOP('',(#2205,#2206,#2207,#2208));
#5972=EDGE_LOOP('',(#2209,#2210,#2211,#2212));
#5973=EDGE_LOOP('',(#2213,#2214,#2215,#2216));
#5974=EDGE_LOOP('',(#2217,#2218,#2219,#2220));
#5975=EDGE_LOOP('',(#2221,#2222,#2223,#2224));
#5976=EDGE_LOOP('',(#2225,#2226,#2227,#2228));
#5977=EDGE_LOOP('',(#2229,#2230,#2231,#2232));
#5978=EDGE_LOOP('',(#2233,#2234,#2235,#2236));
#5979=EDGE_LOOP('',(#2237,#2238,#2239,#2240));
#5980=EDGE_LOOP('',(#2241,#2242,#2243,#2244));
#5981=EDGE_LOOP('',(#2245,#2246,#2247,#2248,#2249,#2250,#2251,#2252,#2253,
#2254,#2255,#2256,#2257,#2258,#2259));
#5982=EDGE_LOOP('',(#2260,#2261,#2262,#2263));
#5983=EDGE_LOOP('',(#2264,#2265,#2266));
#5984=EDGE_LOOP('',(#2267,#2268));
#5985=EDGE_LOOP('',(#2269,#2270));
#5986=EDGE_LOOP('',(#2271,#2272));
#5987=EDGE_LOOP('',(#2273,#2274,#2275));
#5988=EDGE_LOOP('',(#2276,#2277,#2278,#2279));
#5989=EDGE_LOOP('',(#2280,#2281,#2282,#2283));
#5990=EDGE_LOOP('',(#2284,#2285,#2286,#2287));
#5991=EDGE_LOOP('',(#2288,#2289,#2290,#2291));
#5992=EDGE_LOOP('',(#2292,#2293,#2294,#2295));
#5993=EDGE_LOOP('',(#2296,#2297,#2298,#2299));
#5994=EDGE_LOOP('',(#2300,#2301,#2302,#2303));
#5995=EDGE_LOOP('',(#2304,#2305,#2306,#2307));
#5996=EDGE_LOOP('',(#2308,#2309,#2310,#2311));
#5997=EDGE_LOOP('',(#2312,#2313,#2314,#2315,#2316,#2317,#2318,#2319,#2320,
#2321,#2322,#2323,#2324,#2325,#2326,#2327,#2328,#2329,#2330,#2331,#2332));
#5998=EDGE_LOOP('',(#2333,#2334,#2335));
#5999=EDGE_LOOP('',(#2336,#2337,#2338,#2339));
#6000=EDGE_LOOP('',(#2340,#2341,#2342));
#6001=EDGE_LOOP('',(#2343,#2344));
#6002=EDGE_LOOP('',(#2345,#2346));
#6003=EDGE_LOOP('',(#2347,#2348));
#6004=EDGE_LOOP('',(#2349,#2350));
#6005=EDGE_LOOP('',(#2351,#2352));
#6006=EDGE_LOOP('',(#2353,#2354));
#6007=EDGE_LOOP('',(#2355,#2356));
#6008=EDGE_LOOP('',(#2357,#2358));
#6009=EDGE_LOOP('',(#2359,#2360));
#6010=EDGE_LOOP('',(#2361,#2362,#2363));
#6011=EDGE_LOOP('',(#2364,#2365,#2366));
#6012=EDGE_LOOP('',(#2367,#2368));
#6013=EDGE_LOOP('',(#2369,#2370));
#6014=EDGE_LOOP('',(#2371,#2372));
#6015=EDGE_LOOP('',(#2373,#2374,#2375));
#6016=EDGE_LOOP('',(#2376,#2377,#2378,#2379));
#6017=EDGE_LOOP('',(#2380,#2381,#2382));
#6018=EDGE_LOOP('',(#2383,#2384));
#6019=EDGE_LOOP('',(#2385,#2386,#2387,#2388,#2389,#2390,#2391,#2392));
#6020=EDGE_LOOP('',(#2393,#2394,#2395,#2396));
#6021=EDGE_LOOP('',(#2397,#2398,#2399,#2400));
#6022=EDGE_LOOP('',(#2401,#2402,#2403,#2404));
#6023=EDGE_LOOP('',(#2405,#2406,#2407,#2408));
#6024=EDGE_LOOP('',(#2409,#2410,#2411,#2412));
#6025=EDGE_LOOP('',(#2413,#2414,#2415,#2416));
#6026=EDGE_LOOP('',(#2417,#2418,#2419,#2420));
#6027=EDGE_LOOP('',(#2421,#2422,#2423,#2424));
#6028=EDGE_LOOP('',(#2425,#2426,#2427,#2428));
#6029=EDGE_LOOP('',(#2429,#2430,#2431,#2432));
#6030=EDGE_LOOP('',(#2433,#2434,#2435,#2436));
#6031=EDGE_LOOP('',(#2437,#2438,#2439,#2440));
#6032=EDGE_LOOP('',(#2441,#2442,#2443,#2444));
#6033=EDGE_LOOP('',(#2445,#2446,#2447,#2448));
#6034=EDGE_LOOP('',(#2449,#2450,#2451,#2452));
#6035=EDGE_LOOP('',(#2453,#2454,#2455,#2456));
#6036=EDGE_LOOP('',(#2457,#2458,#2459,#2460));
#6037=EDGE_LOOP('',(#2461,#2462,#2463,#2464));
#6038=EDGE_LOOP('',(#2465,#2466,#2467));
#6039=EDGE_LOOP('',(#2468,#2469));
#6040=EDGE_LOOP('',(#2470,#2471,#2472));
#6041=EDGE_LOOP('',(#2473,#2474,#2475,#2476));
#6042=EDGE_LOOP('',(#2477,#2478,#2479,#2480,#2481,#2482,#2483,#2484));
#6043=EDGE_LOOP('',(#2485,#2486,#2487,#2488,#2489,#2490,#2491,#2492,#2493,
#2494,#2495,#2496,#2497,#2498));
#6044=EDGE_LOOP('',(#2499,#2500,#2501,#2502,#2503,#2504,#2505,#2506,#2507,
#2508,#2509,#2510));
#6045=EDGE_LOOP('',(#2511,#2512,#2513,#2514));
#6046=EDGE_LOOP('',(#2515,#2516,#2517,#2518));
#6047=EDGE_LOOP('',(#2519,#2520,#2521,#2522));
#6048=EDGE_LOOP('',(#2523,#2524,#2525,#2526));
#6049=EDGE_LOOP('',(#2527,#2528,#2529,#2530));
#6050=EDGE_LOOP('',(#2531,#2532,#2533,#2534));
#6051=EDGE_LOOP('',(#2535,#2536,#2537,#2538));
#6052=EDGE_LOOP('',(#2539,#2540,#2541,#2542));
#6053=EDGE_LOOP('',(#2543,#2544,#2545,#2546));
#6054=EDGE_LOOP('',(#2547,#2548,#2549,#2550));
#6055=EDGE_LOOP('',(#2551,#2552,#2553,#2554));
#6056=EDGE_LOOP('',(#2555,#2556,#2557,#2558));
#6057=EDGE_LOOP('',(#2559,#2560,#2561,#2562,#2563,#2564));
#6058=EDGE_LOOP('',(#2565,#2566,#2567,#2568));
#6059=EDGE_LOOP('',(#2569,#2570,#2571,#2572));
#6060=EDGE_LOOP('',(#2573,#2574,#2575,#2576));
#6061=EDGE_LOOP('',(#2577,#2578,#2579,#2580));
#6062=EDGE_LOOP('',(#2581,#2582,#2583,#2584));
#6063=EDGE_LOOP('',(#2585,#2586,#2587,#2588));
#6064=EDGE_LOOP('',(#2589,#2590,#2591,#2592));
#6065=EDGE_LOOP('',(#2593,#2594,#2595,#2596));
#6066=EDGE_LOOP('',(#2597,#2598,#2599,#2600));
#6067=EDGE_LOOP('',(#2601,#2602,#2603,#2604));
#6068=EDGE_LOOP('',(#2605,#2606,#2607,#2608));
#6069=EDGE_LOOP('',(#2609,#2610,#2611,#2612));
#6070=EDGE_LOOP('',(#2613,#2614,#2615,#2616));
#6071=EDGE_LOOP('',(#2617,#2618,#2619,#2620));
#6072=EDGE_LOOP('',(#2621,#2622,#2623,#2624,#2625,#2626));
#6073=EDGE_LOOP('',(#2627,#2628,#2629,#2630,#2631,#2632,#2633,#2634));
#6074=EDGE_LOOP('',(#2635,#2636,#2637,#2638,#2639,#2640,#2641));
#6075=EDGE_LOOP('',(#2642,#2643,#2644,#2645));
#6076=EDGE_LOOP('',(#2646,#2647,#2648,#2649));
#6077=EDGE_LOOP('',(#2650,#2651,#2652,#2653));
#6078=EDGE_LOOP('',(#2654,#2655,#2656,#2657));
#6079=EDGE_LOOP('',(#2658,#2659,#2660,#2661));
#6080=EDGE_LOOP('',(#2662,#2663,#2664,#2665));
#6081=EDGE_LOOP('',(#2666,#2667,#2668,#2669));
#6082=EDGE_LOOP('',(#2670,#2671,#2672,#2673));
#6083=EDGE_LOOP('',(#2674,#2675,#2676,#2677));
#6084=EDGE_LOOP('',(#2678,#2679,#2680,#2681));
#6085=EDGE_LOOP('',(#2682,#2683,#2684,#2685));
#6086=EDGE_LOOP('',(#2686,#2687,#2688,#2689));
#6087=EDGE_LOOP('',(#2690,#2691,#2692,#2693));
#6088=EDGE_LOOP('',(#2694,#2695,#2696,#2697));
#6089=EDGE_LOOP('',(#2698,#2699,#2700,#2701,#2702,#2703,#2704));
#6090=EDGE_LOOP('',(#2705,#2706,#2707,#2708,#2709,#2710,#2711));
#6091=EDGE_LOOP('',(#2712,#2713,#2714,#2715,#2716,#2717,#2718,#2719,#2720,
#2721,#2722,#2723));
#6092=EDGE_LOOP('',(#2724,#2725,#2726,#2727));
#6093=EDGE_LOOP('',(#2728,#2729,#2730,#2731));
#6094=EDGE_LOOP('',(#2732,#2733,#2734,#2735));
#6095=EDGE_LOOP('',(#2736,#2737,#2738,#2739));
#6096=EDGE_LOOP('',(#2740,#2741,#2742,#2743));
#6097=EDGE_LOOP('',(#2744,#2745,#2746,#2747));
#6098=EDGE_LOOP('',(#2748,#2749,#2750,#2751));
#6099=EDGE_LOOP('',(#2752,#2753,#2754,#2755));
#6100=EDGE_LOOP('',(#2756,#2757,#2758,#2759));
#6101=EDGE_LOOP('',(#2760,#2761,#2762,#2763));
#6102=EDGE_LOOP('',(#2764,#2765,#2766,#2767));
#6103=EDGE_LOOP('',(#2768,#2769,#2770,#2771));
#6104=EDGE_LOOP('',(#2772,#2773,#2774,#2775,#2776,#2777,#2778,#2779,#2780,
#2781,#2782,#2783,#2784,#2785));
#6105=EDGE_LOOP('',(#2786,#2787,#2788,#2789));
#6106=EDGE_LOOP('',(#2790,#2791,#2792));
#6107=EDGE_LOOP('',(#2793,#2794));
#6108=EDGE_LOOP('',(#2795,#2796,#2797));
#6109=EDGE_LOOP('',(#2798,#2799,#2800,#2801));
#6110=EDGE_LOOP('',(#2802,#2803,#2804));
#6111=EDGE_LOOP('',(#2805,#2806));
#6112=EDGE_LOOP('',(#2807,#2808,#2809));
#6113=EDGE_LOOP('',(#2810,#2811,#2812));
#6114=EDGE_LOOP('',(#2813,#2814));
#6115=EDGE_LOOP('',(#2815,#2816,#2817));
#6116=EDGE_LOOP('',(#2818,#2819,#2820,#2821));
#6117=EDGE_LOOP('',(#2822,#2823,#2824,#2825));
#6118=EDGE_LOOP('',(#2826,#2827,#2828,#2829));
#6119=EDGE_LOOP('',(#2830,#2831,#2832,#2833,#2834,#2835));
#6120=EDGE_LOOP('',(#2836,#2837,#2838,#2839));
#6121=EDGE_LOOP('',(#2840,#2841,#2842,#2843));
#6122=EDGE_LOOP('',(#2844,#2845,#2846,#2847));
#6123=EDGE_LOOP('',(#2848,#2849,#2850,#2851));
#6124=EDGE_LOOP('',(#2852,#2853,#2854,#2855));
#6125=EDGE_LOOP('',(#2856,#2857,#2858,#2859));
#6126=EDGE_LOOP('',(#2860));
#6127=EDGE_LOOP('',(#2861));
#6128=EDGE_LOOP('',(#2862));
#6129=EDGE_LOOP('',(#2863,#2864,#2865,#2866));
#6130=EDGE_LOOP('',(#2867,#2868,#2869,#2870));
#6131=EDGE_LOOP('',(#2871,#2872,#2873,#2874,#2875));
#6132=EDGE_LOOP('',(#2876));
#6133=EDGE_LOOP('',(#2877,#2878,#2879,#2880));
#6134=EDGE_LOOP('',(#2881,#2882,#2883,#2884));
#6135=EDGE_LOOP('',(#2885,#2886,#2887,#2888,#2889));
#6136=EDGE_LOOP('',(#2890));
#6137=EDGE_LOOP('',(#2891,#2892,#2893,#2894));
#6138=EDGE_LOOP('',(#2895,#2896,#2897,#2898));
#6139=EDGE_LOOP('',(#2899,#2900,#2901,#2902,#2903));
#6140=EDGE_LOOP('',(#2904));
#6141=EDGE_LOOP('',(#2905,#2906,#2907,#2908));
#6142=EDGE_LOOP('',(#2909,#2910,#2911,#2912));
#6143=EDGE_LOOP('',(#2913,#2914,#2915,#2916,#2917));
#6144=EDGE_LOOP('',(#2918));
#6145=EDGE_LOOP('',(#2919,#2920,#2921,#2922));
#6146=EDGE_LOOP('',(#2923,#2924,#2925,#2926));
#6147=EDGE_LOOP('',(#2927,#2928,#2929,#2930));
#6148=EDGE_LOOP('',(#2931,#2932,#2933,#2934));
#6149=EDGE_LOOP('',(#2935));
#6150=EDGE_LOOP('',(#2936));
#6151=EDGE_LOOP('',(#2937));
#6152=EDGE_LOOP('',(#2938));
#6153=EDGE_LOOP('',(#2939,#2940,#2941,#2942,#2943,#2944,#2945,#2946,#2947,
#2948));
#6154=EDGE_LOOP('',(#2949,#2950,#2951,#2952,#2953,#2954));
#6155=EDGE_LOOP('',(#2955,#2956,#2957,#2958,#2959,#2960));
#6156=EDGE_LOOP('',(#2961,#2962,#2963,#2964,#2965,#2966));
#6157=EDGE_LOOP('',(#2967,#2968,#2969,#2970,#2971,#2972));
#6158=EDGE_LOOP('',(#2973,#2974,#2975,#2976,#2977,#2978,#2979,#2980,#2981,
#2982));
#6159=EDGE_LOOP('',(#2983,#2984,#2985,#2986,#2987,#2988,#2989,#2990,#2991,
#2992));
#6160=EDGE_LOOP('',(#2993,#2994,#2995,#2996,#2997,#2998,#2999,#3000,#3001,
#3002));
#6161=EDGE_LOOP('',(#3003,#3004,#3005,#3006));
#6162=EDGE_LOOP('',(#3007,#3008,#3009,#3010));
#6163=EDGE_LOOP('',(#3011,#3012,#3013,#3014));
#6164=EDGE_LOOP('',(#3015,#3016,#3017,#3018));
#6165=EDGE_LOOP('',(#3019,#3020,#3021,#3022));
#6166=EDGE_LOOP('',(#3023,#3024,#3025,#3026));
#6167=EDGE_LOOP('',(#3027,#3028,#3029,#3030));
#6168=EDGE_LOOP('',(#3031,#3032,#3033,#3034));
#6169=EDGE_LOOP('',(#3035,#3036,#3037,#3038));
#6170=EDGE_LOOP('',(#3039,#3040,#3041,#3042));
#6171=EDGE_LOOP('',(#3043,#3044,#3045,#3046));
#6172=EDGE_LOOP('',(#3047,#3048,#3049,#3050));
#6173=EDGE_LOOP('',(#3051,#3052,#3053,#3054));
#6174=EDGE_LOOP('',(#3055,#3056,#3057,#3058));
#6175=EDGE_LOOP('',(#3059,#3060,#3061,#3062));
#6176=EDGE_LOOP('',(#3063,#3064,#3065,#3066));
#6177=EDGE_LOOP('',(#3067,#3068,#3069,#3070));
#6178=EDGE_LOOP('',(#3071,#3072,#3073,#3074));
#6179=EDGE_LOOP('',(#3075,#3076,#3077,#3078));
#6180=EDGE_LOOP('',(#3079,#3080,#3081,#3082));
#6181=EDGE_LOOP('',(#3083,#3084,#3085,#3086));
#6182=EDGE_LOOP('',(#3087,#3088,#3089,#3090));
#6183=EDGE_LOOP('',(#3091,#3092,#3093,#3094));
#6184=EDGE_LOOP('',(#3095,#3096,#3097,#3098));
#6185=EDGE_LOOP('',(#3099,#3100,#3101,#3102));
#6186=EDGE_LOOP('',(#3103,#3104,#3105,#3106));
#6187=EDGE_LOOP('',(#3107,#3108,#3109,#3110));
#6188=EDGE_LOOP('',(#3111,#3112,#3113,#3114));
#6189=EDGE_LOOP('',(#3115,#3116,#3117,#3118));
#6190=EDGE_LOOP('',(#3119,#3120,#3121,#3122));
#6191=EDGE_LOOP('',(#3123,#3124,#3125,#3126));
#6192=EDGE_LOOP('',(#3127,#3128,#3129,#3130));
#6193=EDGE_LOOP('',(#3131,#3132,#3133,#3134));
#6194=EDGE_LOOP('',(#3135,#3136,#3137,#3138));
#6195=EDGE_LOOP('',(#3139,#3140,#3141,#3142));
#6196=EDGE_LOOP('',(#3143,#3144,#3145,#3146));
#6197=EDGE_LOOP('',(#3147,#3148,#3149,#3150));
#6198=EDGE_LOOP('',(#3151,#3152,#3153,#3154));
#6199=EDGE_LOOP('',(#3155,#3156,#3157,#3158));
#6200=EDGE_LOOP('',(#3159,#3160,#3161,#3162));
#6201=EDGE_LOOP('',(#3163,#3164,#3165,#3166));
#6202=EDGE_LOOP('',(#3167,#3168,#3169,#3170));
#6203=EDGE_LOOP('',(#3171,#3172,#3173,#3174));
#6204=EDGE_LOOP('',(#3175,#3176,#3177,#3178));
#6205=EDGE_LOOP('',(#3179,#3180,#3181,#3182));
#6206=EDGE_LOOP('',(#3183,#3184,#3185,#3186));
#6207=EDGE_LOOP('',(#3187,#3188,#3189,#3190));
#6208=EDGE_LOOP('',(#3191,#3192,#3193,#3194));
#6209=EDGE_LOOP('',(#3195,#3196,#3197,#3198));
#6210=EDGE_LOOP('',(#3199,#3200,#3201,#3202));
#6211=EDGE_LOOP('',(#3203,#3204,#3205,#3206));
#6212=EDGE_LOOP('',(#3207,#3208,#3209,#3210));
#6213=EDGE_LOOP('',(#3211,#3212,#3213,#3214));
#6214=EDGE_LOOP('',(#3215,#3216,#3217,#3218));
#6215=EDGE_LOOP('',(#3219,#3220,#3221,#3222));
#6216=EDGE_LOOP('',(#3223,#3224,#3225,#3226));
#6217=EDGE_LOOP('',(#3227,#3228,#3229,#3230));
#6218=EDGE_LOOP('',(#3231,#3232,#3233,#3234));
#6219=EDGE_LOOP('',(#3235,#3236,#3237,#3238));
#6220=EDGE_LOOP('',(#3239,#3240,#3241,#3242));
#6221=EDGE_LOOP('',(#3243,#3244,#3245,#3246));
#6222=EDGE_LOOP('',(#3247,#3248,#3249,#3250));
#6223=EDGE_LOOP('',(#3251,#3252,#3253,#3254));
#6224=EDGE_LOOP('',(#3255,#3256,#3257,#3258));
#6225=EDGE_LOOP('',(#3259,#3260,#3261,#3262));
#6226=EDGE_LOOP('',(#3263,#3264,#3265,#3266));
#6227=EDGE_LOOP('',(#3267,#3268,#3269,#3270));
#6228=EDGE_LOOP('',(#3271,#3272,#3273,#3274));
#6229=EDGE_LOOP('',(#3275,#3276,#3277,#3278));
#6230=EDGE_LOOP('',(#3279,#3280,#3281,#3282));
#6231=EDGE_LOOP('',(#3283,#3284,#3285,#3286));
#6232=EDGE_LOOP('',(#3287,#3288,#3289,#3290));
#6233=EDGE_LOOP('',(#3291,#3292,#3293,#3294));
#6234=EDGE_LOOP('',(#3295,#3296,#3297,#3298));
#6235=EDGE_LOOP('',(#3299,#3300,#3301,#3302));
#6236=EDGE_LOOP('',(#3303,#3304,#3305,#3306));
#6237=EDGE_LOOP('',(#3307,#3308,#3309,#3310));
#6238=EDGE_LOOP('',(#3311,#3312,#3313,#3314));
#6239=EDGE_LOOP('',(#3315,#3316,#3317,#3318));
#6240=EDGE_LOOP('',(#3319,#3320,#3321,#3322));
#6241=EDGE_LOOP('',(#3323,#3324,#3325,#3326,#3327,#3328,#3329,#3330));
#6242=EDGE_LOOP('',(#3331,#3332,#3333,#3334,#3335,#3336,#3337,#3338,#3339,
#3340,#3341,#3342));
#6243=EDGE_LOOP('',(#3343,#3344,#3345,#3346,#3347,#3348,#3349,#3350,#3351,
#3352,#3353,#3354));
#6244=EDGE_LOOP('',(#3355,#3356,#3357,#3358));
#6245=EDGE_LOOP('',(#3359,#3360,#3361,#3362));
#6246=EDGE_LOOP('',(#3363,#3364,#3365,#3366));
#6247=EDGE_LOOP('',(#3367,#3368,#3369,#3370,#3371,#3372,#3373,#3374));
#6248=EDGE_LOOP('',(#3375,#3376,#3377,#3378,#3379,#3380,#3381,#3382));
#6249=EDGE_LOOP('',(#3383,#3384,#3385,#3386));
#6250=EDGE_LOOP('',(#3387,#3388,#3389,#3390));
#6251=EDGE_LOOP('',(#3391,#3392,#3393,#3394));
#6252=EDGE_LOOP('',(#3395,#3396,#3397,#3398));
#6253=EDGE_LOOP('',(#3399,#3400,#3401,#3402));
#6254=EDGE_LOOP('',(#3403,#3404,#3405,#3406));
#6255=EDGE_LOOP('',(#3407,#3408,#3409,#3410));
#6256=EDGE_LOOP('',(#3411,#3412,#3413,#3414,#3415,#3416,#3417,#3418));
#6257=EDGE_LOOP('',(#3419,#3420,#3421,#3422,#3423,#3424,#3425,#3426));
#6258=EDGE_LOOP('',(#3427,#3428,#3429,#3430));
#6259=EDGE_LOOP('',(#3431,#3432,#3433,#3434));
#6260=EDGE_LOOP('',(#3435,#3436,#3437,#3438));
#6261=EDGE_LOOP('',(#3439,#3440,#3441,#3442));
#6262=EDGE_LOOP('',(#3443,#3444,#3445,#3446));
#6263=EDGE_LOOP('',(#3447,#3448,#3449,#3450));
#6264=EDGE_LOOP('',(#3451,#3452,#3453,#3454));
#6265=EDGE_LOOP('',(#3455,#3456,#3457,#3458,#3459,#3460,#3461,#3462));
#6266=EDGE_LOOP('',(#3463,#3464,#3465,#3466,#3467,#3468,#3469,#3470));
#6267=EDGE_LOOP('',(#3471,#3472,#3473,#3474));
#6268=EDGE_LOOP('',(#3475,#3476,#3477,#3478));
#6269=EDGE_LOOP('',(#3479,#3480,#3481,#3482));
#6270=EDGE_LOOP('',(#3483,#3484,#3485,#3486));
#6271=EDGE_LOOP('',(#3487,#3488,#3489,#3490));
#6272=EDGE_LOOP('',(#3491,#3492,#3493,#3494));
#6273=EDGE_LOOP('',(#3495,#3496,#3497,#3498));
#6274=EDGE_LOOP('',(#3499,#3500,#3501,#3502,#3503,#3504,#3505,#3506));
#6275=EDGE_LOOP('',(#3507,#3508,#3509,#3510,#3511,#3512,#3513,#3514));
#6276=EDGE_LOOP('',(#3515,#3516,#3517,#3518));
#6277=EDGE_LOOP('',(#3519,#3520,#3521,#3522));
#6278=EDGE_LOOP('',(#3523,#3524,#3525,#3526));
#6279=EDGE_LOOP('',(#3527,#3528,#3529,#3530));
#6280=EDGE_LOOP('',(#3531,#3532,#3533,#3534));
#6281=EDGE_LOOP('',(#3535,#3536,#3537,#3538));
#6282=EDGE_LOOP('',(#3539,#3540,#3541,#3542));
#6283=EDGE_LOOP('',(#3543,#3544,#3545,#3546));
#6284=EDGE_LOOP('',(#3547,#3548,#3549,#3550,#3551));
#6285=EDGE_LOOP('',(#3552,#3553,#3554,#3555));
#6286=EDGE_LOOP('',(#3556,#3557,#3558,#3559,#3560));
#6287=EDGE_LOOP('',(#3561,#3562,#3563,#3564));
#6288=EDGE_LOOP('',(#3565,#3566,#3567,#3568,#3569));
#6289=EDGE_LOOP('',(#3570,#3571,#3572,#3573));
#6290=EDGE_LOOP('',(#3574,#3575,#3576,#3577,#3578));
#6291=EDGE_LOOP('',(#3579,#3580,#3581,#3582));
#6292=EDGE_LOOP('',(#3583,#3584,#3585,#3586,#3587));
#6293=EDGE_LOOP('',(#3588,#3589,#3590,#3591));
#6294=EDGE_LOOP('',(#3592,#3593,#3594,#3595,#3596));
#6295=EDGE_LOOP('',(#3597,#3598,#3599,#3600));
#6296=EDGE_LOOP('',(#3601,#3602,#3603,#3604,#3605));
#6297=EDGE_LOOP('',(#3606,#3607,#3608,#3609));
#6298=EDGE_LOOP('',(#3610,#3611,#3612,#3613,#3614));
#6299=EDGE_LOOP('',(#3615,#3616,#3617,#3618));
#6300=EDGE_LOOP('',(#3619,#3620,#3621,#3622));
#6301=EDGE_LOOP('',(#3623,#3624,#3625,#3626));
#6302=EDGE_LOOP('',(#3627,#3628,#3629,#3630));
#6303=EDGE_LOOP('',(#3631,#3632,#3633,#3634));
#6304=EDGE_LOOP('',(#3635,#3636,#3637,#3638));
#6305=EDGE_LOOP('',(#3639,#3640,#3641,#3642));
#6306=EDGE_LOOP('',(#3643,#3644,#3645,#3646));
#6307=EDGE_LOOP('',(#3647,#3648,#3649,#3650));
#6308=EDGE_LOOP('',(#3651,#3652,#3653,#3654));
#6309=EDGE_LOOP('',(#3655,#3656,#3657,#3658));
#6310=EDGE_LOOP('',(#3659,#3660,#3661,#3662));
#6311=EDGE_LOOP('',(#3663,#3664,#3665,#3666));
#6312=EDGE_LOOP('',(#3667,#3668,#3669,#3670));
#6313=EDGE_LOOP('',(#3671,#3672,#3673,#3674,#3675,#3676,#3677,#3678,#3679,
#3680,#3681,#3682));
#6314=EDGE_LOOP('',(#3683,#3684,#3685,#3686,#3687,#3688,#3689,#3690,#3691,
#3692,#3693,#3694));
#6315=EDGE_LOOP('',(#3695,#3696,#3697,#3698,#3699,#3700));
#6316=EDGE_LOOP('',(#3701,#3702,#3703,#3704,#3705,#3706));
#6317=EDGE_LOOP('',(#3707,#3708,#3709,#3710));
#6318=EDGE_LOOP('',(#3711,#3712,#3713,#3714,#3715,#3716,#3717,#3718,#3719,
#3720,#3721,#3722));
#6319=EDGE_LOOP('',(#3723,#3724,#3725,#3726,#3727,#3728,#3729,#3730,#3731,
#3732,#3733,#3734));
#6320=EDGE_LOOP('',(#3735,#3736,#3737,#3738));
#6321=EDGE_LOOP('',(#3739,#3740,#3741,#3742));
#6322=EDGE_LOOP('',(#3743,#3744,#3745,#3746));
#6323=EDGE_LOOP('',(#3747,#3748,#3749,#3750));
#6324=EDGE_LOOP('',(#3751,#3752,#3753,#3754,#3755,#3756,#3757,#3758));
#6325=EDGE_LOOP('',(#3759,#3760,#3761,#3762));
#6326=EDGE_LOOP('',(#3763,#3764,#3765,#3766));
#6327=EDGE_LOOP('',(#3767,#3768,#3769,#3770,#3771,#3772,#3773,#3774));
#6328=EDGE_LOOP('',(#3775,#3776,#3777,#3778,#3779,#3780,#3781,#3782));
#6329=EDGE_LOOP('',(#3783,#3784,#3785,#3786));
#6330=EDGE_LOOP('',(#3787,#3788,#3789,#3790));
#6331=EDGE_LOOP('',(#3791));
#6332=EDGE_LOOP('',(#3792,#3793,#3794,#3795,#3796,#3797,#3798,#3799,#3800,
#3801,#3802,#3803,#3804,#3805,#3806,#3807));
#6333=EDGE_LOOP('',(#3808,#3809,#3810,#3811,#3812,#3813,#3814,#3815,#3816,
#3817,#3818,#3819,#3820,#3821,#3822,#3823,#3824,#3825,#3826,#3827,#3828,
#3829,#3830,#3831,#3832,#3833,#3834,#3835,#3836,#3837,#3838,#3839,#3840));
#6334=EDGE_LOOP('',(#3841,#3842,#3843,#3844,#3845,#3846,#3847));
#6335=EDGE_LOOP('',(#3848,#3849,#3850,#3851,#3852,#3853,#3854,#3855,#3856,
#3857,#3858,#3859));
#6336=EDGE_LOOP('',(#3860,#3861,#3862,#3863,#3864,#3865,#3866,#3867));
#6337=EDGE_LOOP('',(#3868,#3869,#3870,#3871,#3872,#3873,#3874,#3875,#3876,
#3877,#3878,#3879));
#6338=EDGE_LOOP('',(#3880,#3881,#3882,#3883,#3884,#3885,#3886,#3887,#3888,
#3889,#3890,#3891,#3892,#3893));
#6339=EDGE_LOOP('',(#3894,#3895,#3896,#3897,#3898,#3899));
#6340=EDGE_LOOP('',(#3900,#3901,#3902,#3903,#3904,#3905,#3906,#3907));
#6341=EDGE_LOOP('',(#3908,#3909,#3910,#3911,#3912,#3913,#3914));
#6342=EDGE_LOOP('',(#3915,#3916,#3917,#3918,#3919,#3920,#3921,#3922,#3923,
#3924,#3925,#3926,#3927,#3928));
#6343=EDGE_LOOP('',(#3929,#3930,#3931,#3932,#3933,#3934,#3935,#3936,#3937,
#3938,#3939,#3940,#3941,#3942,#3943,#3944,#3945,#3946,#3947,#3948,#3949));
#6344=EDGE_LOOP('',(#3950,#3951,#3952,#3953,#3954,#3955,#3956,#3957,#3958,
#3959,#3960,#3961,#3962,#3963,#3964));
#6345=EDGE_LOOP('',(#3965,#3966,#3967,#3968,#3969,#3970,#3971,#3972,#3973,
#3974,#3975,#3976));
#6346=EDGE_LOOP('',(#3977,#3978,#3979,#3980,#3981,#3982,#3983,#3984));
#6347=EDGE_LOOP('',(#3985));
#6348=EDGE_LOOP('',(#3986));
#6349=EDGE_LOOP('',(#3987));
#6350=EDGE_LOOP('',(#3988));
#6351=EDGE_LOOP('',(#3989));
#6352=EDGE_LOOP('',(#3990));
#6353=EDGE_LOOP('',(#3991));
#6354=EDGE_LOOP('',(#3992));
#6355=EDGE_LOOP('',(#3993));
#6356=EDGE_LOOP('',(#3994));
#6357=EDGE_LOOP('',(#3995));
#6358=EDGE_LOOP('',(#3996));
#6359=EDGE_LOOP('',(#3997));
#6360=EDGE_LOOP('',(#3998));
#6361=EDGE_LOOP('',(#3999));
#6362=EDGE_LOOP('',(#4000));
#6363=EDGE_LOOP('',(#4001));
#6364=EDGE_LOOP('',(#4002));
#6365=EDGE_LOOP('',(#4003));
#6366=EDGE_LOOP('',(#4004));
#6367=EDGE_LOOP('',(#4005));
#6368=EDGE_LOOP('',(#4006));
#6369=EDGE_LOOP('',(#4007));
#6370=EDGE_LOOP('',(#4008));
#6371=FACE_BOUND('',#5896,.T.);
#6372=FACE_BOUND('',#5897,.T.);
#6373=FACE_BOUND('',#5898,.T.);
#6374=FACE_BOUND('',#5899,.T.);
#6375=FACE_BOUND('',#5900,.T.);
#6376=FACE_BOUND('',#5901,.T.);
#6377=FACE_BOUND('',#5902,.T.);
#6378=FACE_BOUND('',#5903,.T.);
#6379=FACE_BOUND('',#5904,.T.);
#6380=FACE_BOUND('',#5905,.T.);
#6381=FACE_BOUND('',#5906,.T.);
#6382=FACE_BOUND('',#5907,.T.);
#6383=FACE_BOUND('',#5908,.T.);
#6384=FACE_BOUND('',#5909,.T.);
#6385=FACE_BOUND('',#5910,.T.);
#6386=FACE_BOUND('',#5911,.T.);
#6387=FACE_BOUND('',#5912,.T.);
#6388=FACE_BOUND('',#5913,.T.);
#6389=FACE_BOUND('',#5914,.T.);
#6390=FACE_BOUND('',#5915,.T.);
#6391=FACE_BOUND('',#5916,.T.);
#6392=FACE_BOUND('',#5917,.T.);
#6393=FACE_BOUND('',#5918,.T.);
#6394=FACE_BOUND('',#5919,.T.);
#6395=FACE_BOUND('',#5920,.T.);
#6396=FACE_BOUND('',#5921,.T.);
#6397=FACE_BOUND('',#5922,.T.);
#6398=FACE_BOUND('',#5923,.T.);
#6399=FACE_BOUND('',#5924,.T.);
#6400=FACE_BOUND('',#5925,.T.);
#6401=FACE_BOUND('',#5926,.T.);
#6402=FACE_BOUND('',#5927,.T.);
#6403=FACE_BOUND('',#5928,.T.);
#6404=FACE_BOUND('',#5929,.T.);
#6405=FACE_BOUND('',#5930,.T.);
#6406=FACE_BOUND('',#5931,.T.);
#6407=FACE_BOUND('',#5932,.T.);
#6408=FACE_BOUND('',#5933,.T.);
#6409=FACE_BOUND('',#5934,.T.);
#6410=FACE_BOUND('',#5935,.T.);
#6411=FACE_BOUND('',#5936,.T.);
#6412=FACE_BOUND('',#5937,.T.);
#6413=FACE_BOUND('',#5938,.T.);
#6414=FACE_BOUND('',#5939,.T.);
#6415=FACE_BOUND('',#5940,.T.);
#6416=FACE_BOUND('',#5941,.T.);
#6417=FACE_BOUND('',#5942,.T.);
#6418=FACE_BOUND('',#5943,.T.);
#6419=FACE_BOUND('',#5944,.T.);
#6420=FACE_BOUND('',#5945,.T.);
#6421=FACE_BOUND('',#5946,.T.);
#6422=FACE_BOUND('',#5947,.T.);
#6423=FACE_BOUND('',#5948,.T.);
#6424=FACE_BOUND('',#5949,.T.);
#6425=FACE_BOUND('',#5950,.T.);
#6426=FACE_BOUND('',#5951,.T.);
#6427=FACE_BOUND('',#5952,.T.);
#6428=FACE_BOUND('',#5953,.T.);
#6429=FACE_BOUND('',#5954,.T.);
#6430=FACE_BOUND('',#5955,.T.);
#6431=FACE_BOUND('',#5956,.T.);
#6432=FACE_BOUND('',#5957,.T.);
#6433=FACE_BOUND('',#5958,.T.);
#6434=FACE_BOUND('',#5959,.T.);
#6435=FACE_BOUND('',#5960,.T.);
#6436=FACE_BOUND('',#5961,.T.);
#6437=FACE_BOUND('',#5962,.T.);
#6438=FACE_BOUND('',#5963,.T.);
#6439=FACE_BOUND('',#5964,.T.);
#6440=FACE_BOUND('',#5965,.T.);
#6441=FACE_BOUND('',#5966,.T.);
#6442=FACE_BOUND('',#5967,.T.);
#6443=FACE_BOUND('',#5968,.T.);
#6444=FACE_BOUND('',#5969,.T.);
#6445=FACE_BOUND('',#5970,.T.);
#6446=FACE_BOUND('',#5971,.T.);
#6447=FACE_BOUND('',#5972,.T.);
#6448=FACE_BOUND('',#5973,.T.);
#6449=FACE_BOUND('',#5974,.T.);
#6450=FACE_BOUND('',#5975,.T.);
#6451=FACE_BOUND('',#5976,.T.);
#6452=FACE_BOUND('',#5977,.T.);
#6453=FACE_BOUND('',#5978,.T.);
#6454=FACE_BOUND('',#5979,.T.);
#6455=FACE_BOUND('',#5980,.T.);
#6456=FACE_BOUND('',#5981,.T.);
#6457=FACE_BOUND('',#5982,.T.);
#6458=FACE_BOUND('',#5983,.T.);
#6459=FACE_BOUND('',#5984,.T.);
#6460=FACE_BOUND('',#5985,.T.);
#6461=FACE_BOUND('',#5986,.T.);
#6462=FACE_BOUND('',#5987,.T.);
#6463=FACE_BOUND('',#5988,.T.);
#6464=FACE_BOUND('',#5989,.T.);
#6465=FACE_BOUND('',#5990,.T.);
#6466=FACE_BOUND('',#5991,.T.);
#6467=FACE_BOUND('',#5992,.T.);
#6468=FACE_BOUND('',#5993,.T.);
#6469=FACE_BOUND('',#5994,.T.);
#6470=FACE_BOUND('',#5995,.T.);
#6471=FACE_BOUND('',#5996,.T.);
#6472=FACE_BOUND('',#5997,.T.);
#6473=FACE_BOUND('',#5998,.T.);
#6474=FACE_BOUND('',#5999,.T.);
#6475=FACE_BOUND('',#6000,.T.);
#6476=FACE_BOUND('',#6001,.T.);
#6477=FACE_BOUND('',#6002,.T.);
#6478=FACE_BOUND('',#6003,.T.);
#6479=FACE_BOUND('',#6004,.T.);
#6480=FACE_BOUND('',#6005,.T.);
#6481=FACE_BOUND('',#6006,.T.);
#6482=FACE_BOUND('',#6007,.T.);
#6483=FACE_BOUND('',#6008,.T.);
#6484=FACE_BOUND('',#6009,.T.);
#6485=FACE_BOUND('',#6010,.T.);
#6486=FACE_BOUND('',#6011,.T.);
#6487=FACE_BOUND('',#6012,.T.);
#6488=FACE_BOUND('',#6013,.T.);
#6489=FACE_BOUND('',#6014,.T.);
#6490=FACE_BOUND('',#6015,.T.);
#6491=FACE_BOUND('',#6016,.T.);
#6492=FACE_BOUND('',#6017,.T.);
#6493=FACE_BOUND('',#6018,.T.);
#6494=FACE_BOUND('',#6019,.T.);
#6495=FACE_BOUND('',#6020,.T.);
#6496=FACE_BOUND('',#6021,.T.);
#6497=FACE_BOUND('',#6022,.T.);
#6498=FACE_BOUND('',#6023,.T.);
#6499=FACE_BOUND('',#6024,.T.);
#6500=FACE_BOUND('',#6025,.T.);
#6501=FACE_BOUND('',#6026,.T.);
#6502=FACE_BOUND('',#6027,.T.);
#6503=FACE_BOUND('',#6028,.T.);
#6504=FACE_BOUND('',#6029,.T.);
#6505=FACE_BOUND('',#6030,.T.);
#6506=FACE_BOUND('',#6031,.T.);
#6507=FACE_BOUND('',#6032,.T.);
#6508=FACE_BOUND('',#6033,.T.);
#6509=FACE_BOUND('',#6034,.T.);
#6510=FACE_BOUND('',#6035,.T.);
#6511=FACE_BOUND('',#6036,.T.);
#6512=FACE_BOUND('',#6037,.T.);
#6513=FACE_BOUND('',#6038,.T.);
#6514=FACE_BOUND('',#6039,.T.);
#6515=FACE_BOUND('',#6040,.T.);
#6516=FACE_BOUND('',#6041,.T.);
#6517=FACE_BOUND('',#6042,.T.);
#6518=FACE_BOUND('',#6043,.T.);
#6519=FACE_BOUND('',#6044,.T.);
#6520=FACE_BOUND('',#6045,.T.);
#6521=FACE_BOUND('',#6046,.T.);
#6522=FACE_BOUND('',#6047,.T.);
#6523=FACE_BOUND('',#6048,.T.);
#6524=FACE_BOUND('',#6049,.T.);
#6525=FACE_BOUND('',#6050,.T.);
#6526=FACE_BOUND('',#6051,.T.);
#6527=FACE_BOUND('',#6052,.T.);
#6528=FACE_BOUND('',#6053,.T.);
#6529=FACE_BOUND('',#6054,.T.);
#6530=FACE_BOUND('',#6055,.T.);
#6531=FACE_BOUND('',#6056,.T.);
#6532=FACE_BOUND('',#6057,.T.);
#6533=FACE_BOUND('',#6058,.T.);
#6534=FACE_BOUND('',#6059,.T.);
#6535=FACE_BOUND('',#6060,.T.);
#6536=FACE_BOUND('',#6061,.T.);
#6537=FACE_BOUND('',#6062,.T.);
#6538=FACE_BOUND('',#6063,.T.);
#6539=FACE_BOUND('',#6064,.T.);
#6540=FACE_BOUND('',#6065,.T.);
#6541=FACE_BOUND('',#6066,.T.);
#6542=FACE_BOUND('',#6067,.T.);
#6543=FACE_BOUND('',#6068,.T.);
#6544=FACE_BOUND('',#6069,.T.);
#6545=FACE_BOUND('',#6070,.T.);
#6546=FACE_BOUND('',#6071,.T.);
#6547=FACE_BOUND('',#6072,.T.);
#6548=FACE_BOUND('',#6073,.T.);
#6549=FACE_BOUND('',#6074,.T.);
#6550=FACE_BOUND('',#6075,.T.);
#6551=FACE_BOUND('',#6076,.T.);
#6552=FACE_BOUND('',#6077,.T.);
#6553=FACE_BOUND('',#6078,.T.);
#6554=FACE_BOUND('',#6079,.T.);
#6555=FACE_BOUND('',#6080,.T.);
#6556=FACE_BOUND('',#6081,.T.);
#6557=FACE_BOUND('',#6082,.T.);
#6558=FACE_BOUND('',#6083,.T.);
#6559=FACE_BOUND('',#6084,.T.);
#6560=FACE_BOUND('',#6085,.T.);
#6561=FACE_BOUND('',#6086,.T.);
#6562=FACE_BOUND('',#6087,.T.);
#6563=FACE_BOUND('',#6088,.T.);
#6564=FACE_BOUND('',#6089,.T.);
#6565=FACE_BOUND('',#6090,.T.);
#6566=FACE_BOUND('',#6091,.T.);
#6567=FACE_BOUND('',#6092,.T.);
#6568=FACE_BOUND('',#6093,.T.);
#6569=FACE_BOUND('',#6094,.T.);
#6570=FACE_BOUND('',#6095,.T.);
#6571=FACE_BOUND('',#6096,.T.);
#6572=FACE_BOUND('',#6097,.T.);
#6573=FACE_BOUND('',#6098,.T.);
#6574=FACE_BOUND('',#6099,.T.);
#6575=FACE_BOUND('',#6100,.T.);
#6576=FACE_BOUND('',#6101,.T.);
#6577=FACE_BOUND('',#6102,.T.);
#6578=FACE_BOUND('',#6103,.T.);
#6579=FACE_BOUND('',#6104,.T.);
#6580=FACE_BOUND('',#6105,.T.);
#6581=FACE_BOUND('',#6106,.T.);
#6582=FACE_BOUND('',#6107,.T.);
#6583=FACE_BOUND('',#6108,.T.);
#6584=FACE_BOUND('',#6109,.T.);
#6585=FACE_BOUND('',#6110,.T.);
#6586=FACE_BOUND('',#6111,.T.);
#6587=FACE_BOUND('',#6112,.T.);
#6588=FACE_BOUND('',#6113,.T.);
#6589=FACE_BOUND('',#6114,.T.);
#6590=FACE_BOUND('',#6115,.T.);
#6591=FACE_BOUND('',#6116,.T.);
#6592=FACE_BOUND('',#6117,.T.);
#6593=FACE_BOUND('',#6118,.T.);
#6594=FACE_BOUND('',#6119,.T.);
#6595=FACE_BOUND('',#6120,.T.);
#6596=FACE_BOUND('',#6121,.T.);
#6597=FACE_BOUND('',#6122,.T.);
#6598=FACE_BOUND('',#6123,.T.);
#6599=FACE_BOUND('',#6124,.T.);
#6600=FACE_BOUND('',#6125,.T.);
#6601=FACE_BOUND('',#6126,.T.);
#6602=FACE_BOUND('',#6127,.T.);
#6603=FACE_BOUND('',#6128,.T.);
#6604=FACE_BOUND('',#6129,.T.);
#6605=FACE_BOUND('',#6130,.T.);
#6606=FACE_BOUND('',#6131,.T.);
#6607=FACE_BOUND('',#6132,.T.);
#6608=FACE_BOUND('',#6133,.T.);
#6609=FACE_BOUND('',#6134,.T.);
#6610=FACE_BOUND('',#6135,.T.);
#6611=FACE_BOUND('',#6136,.T.);
#6612=FACE_BOUND('',#6137,.T.);
#6613=FACE_BOUND('',#6138,.T.);
#6614=FACE_BOUND('',#6139,.T.);
#6615=FACE_BOUND('',#6140,.T.);
#6616=FACE_BOUND('',#6141,.T.);
#6617=FACE_BOUND('',#6142,.T.);
#6618=FACE_BOUND('',#6143,.T.);
#6619=FACE_BOUND('',#6144,.T.);
#6620=FACE_BOUND('',#6145,.T.);
#6621=FACE_BOUND('',#6146,.T.);
#6622=FACE_BOUND('',#6147,.T.);
#6623=FACE_BOUND('',#6148,.T.);
#6624=FACE_BOUND('',#6149,.T.);
#6625=FACE_BOUND('',#6150,.T.);
#6626=FACE_BOUND('',#6151,.T.);
#6627=FACE_BOUND('',#6152,.T.);
#6628=FACE_BOUND('',#6153,.T.);
#6629=FACE_BOUND('',#6154,.T.);
#6630=FACE_BOUND('',#6155,.T.);
#6631=FACE_BOUND('',#6156,.T.);
#6632=FACE_BOUND('',#6157,.T.);
#6633=FACE_BOUND('',#6158,.T.);
#6634=FACE_BOUND('',#6159,.T.);
#6635=FACE_BOUND('',#6160,.T.);
#6636=FACE_BOUND('',#6161,.T.);
#6637=FACE_BOUND('',#6162,.T.);
#6638=FACE_BOUND('',#6163,.T.);
#6639=FACE_BOUND('',#6164,.T.);
#6640=FACE_BOUND('',#6165,.T.);
#6641=FACE_BOUND('',#6166,.T.);
#6642=FACE_BOUND('',#6167,.T.);
#6643=FACE_BOUND('',#6168,.T.);
#6644=FACE_BOUND('',#6169,.T.);
#6645=FACE_BOUND('',#6170,.T.);
#6646=FACE_BOUND('',#6171,.T.);
#6647=FACE_BOUND('',#6172,.T.);
#6648=FACE_BOUND('',#6173,.T.);
#6649=FACE_BOUND('',#6174,.T.);
#6650=FACE_BOUND('',#6175,.T.);
#6651=FACE_BOUND('',#6176,.T.);
#6652=FACE_BOUND('',#6177,.T.);
#6653=FACE_BOUND('',#6178,.T.);
#6654=FACE_BOUND('',#6179,.T.);
#6655=FACE_BOUND('',#6180,.T.);
#6656=FACE_BOUND('',#6181,.T.);
#6657=FACE_BOUND('',#6182,.T.);
#6658=FACE_BOUND('',#6183,.T.);
#6659=FACE_BOUND('',#6184,.T.);
#6660=FACE_BOUND('',#6185,.T.);
#6661=FACE_BOUND('',#6186,.T.);
#6662=FACE_BOUND('',#6187,.T.);
#6663=FACE_BOUND('',#6188,.T.);
#6664=FACE_BOUND('',#6189,.T.);
#6665=FACE_BOUND('',#6190,.T.);
#6666=FACE_BOUND('',#6191,.T.);
#6667=FACE_BOUND('',#6192,.T.);
#6668=FACE_BOUND('',#6193,.T.);
#6669=FACE_BOUND('',#6194,.T.);
#6670=FACE_BOUND('',#6195,.T.);
#6671=FACE_BOUND('',#6196,.T.);
#6672=FACE_BOUND('',#6197,.T.);
#6673=FACE_BOUND('',#6198,.T.);
#6674=FACE_BOUND('',#6199,.T.);
#6675=FACE_BOUND('',#6200,.T.);
#6676=FACE_BOUND('',#6201,.T.);
#6677=FACE_BOUND('',#6202,.T.);
#6678=FACE_BOUND('',#6203,.T.);
#6679=FACE_BOUND('',#6204,.T.);
#6680=FACE_BOUND('',#6205,.T.);
#6681=FACE_BOUND('',#6206,.T.);
#6682=FACE_BOUND('',#6207,.T.);
#6683=FACE_BOUND('',#6208,.T.);
#6684=FACE_BOUND('',#6209,.T.);
#6685=FACE_BOUND('',#6210,.T.);
#6686=FACE_BOUND('',#6211,.T.);
#6687=FACE_BOUND('',#6212,.T.);
#6688=FACE_BOUND('',#6213,.T.);
#6689=FACE_BOUND('',#6214,.T.);
#6690=FACE_BOUND('',#6215,.T.);
#6691=FACE_BOUND('',#6216,.T.);
#6692=FACE_BOUND('',#6217,.T.);
#6693=FACE_BOUND('',#6218,.T.);
#6694=FACE_BOUND('',#6219,.T.);
#6695=FACE_BOUND('',#6220,.T.);
#6696=FACE_BOUND('',#6221,.T.);
#6697=FACE_BOUND('',#6222,.T.);
#6698=FACE_BOUND('',#6223,.T.);
#6699=FACE_BOUND('',#6224,.T.);
#6700=FACE_BOUND('',#6225,.T.);
#6701=FACE_BOUND('',#6226,.T.);
#6702=FACE_BOUND('',#6227,.T.);
#6703=FACE_BOUND('',#6228,.T.);
#6704=FACE_BOUND('',#6229,.T.);
#6705=FACE_BOUND('',#6230,.T.);
#6706=FACE_BOUND('',#6231,.T.);
#6707=FACE_BOUND('',#6232,.T.);
#6708=FACE_BOUND('',#6233,.T.);
#6709=FACE_BOUND('',#6234,.T.);
#6710=FACE_BOUND('',#6235,.T.);
#6711=FACE_BOUND('',#6236,.T.);
#6712=FACE_BOUND('',#6237,.T.);
#6713=FACE_BOUND('',#6238,.T.);
#6714=FACE_BOUND('',#6239,.T.);
#6715=FACE_BOUND('',#6240,.T.);
#6716=FACE_BOUND('',#6241,.T.);
#6717=FACE_BOUND('',#6242,.T.);
#6718=FACE_BOUND('',#6243,.T.);
#6719=FACE_BOUND('',#6244,.T.);
#6720=FACE_BOUND('',#6245,.T.);
#6721=FACE_BOUND('',#6246,.T.);
#6722=FACE_BOUND('',#6247,.T.);
#6723=FACE_BOUND('',#6248,.T.);
#6724=FACE_BOUND('',#6249,.T.);
#6725=FACE_BOUND('',#6250,.T.);
#6726=FACE_BOUND('',#6251,.T.);
#6727=FACE_BOUND('',#6252,.T.);
#6728=FACE_BOUND('',#6253,.T.);
#6729=FACE_BOUND('',#6254,.T.);
#6730=FACE_BOUND('',#6255,.T.);
#6731=FACE_BOUND('',#6256,.T.);
#6732=FACE_BOUND('',#6257,.T.);
#6733=FACE_BOUND('',#6258,.T.);
#6734=FACE_BOUND('',#6259,.T.);
#6735=FACE_BOUND('',#6260,.T.);
#6736=FACE_BOUND('',#6261,.T.);
#6737=FACE_BOUND('',#6262,.T.);
#6738=FACE_BOUND('',#6263,.T.);
#6739=FACE_BOUND('',#6264,.T.);
#6740=FACE_BOUND('',#6265,.T.);
#6741=FACE_BOUND('',#6266,.T.);
#6742=FACE_BOUND('',#6267,.T.);
#6743=FACE_BOUND('',#6268,.T.);
#6744=FACE_BOUND('',#6269,.T.);
#6745=FACE_BOUND('',#6270,.T.);
#6746=FACE_BOUND('',#6271,.T.);
#6747=FACE_BOUND('',#6272,.T.);
#6748=FACE_BOUND('',#6273,.T.);
#6749=FACE_BOUND('',#6274,.T.);
#6750=FACE_BOUND('',#6275,.T.);
#6751=FACE_BOUND('',#6276,.T.);
#6752=FACE_BOUND('',#6277,.T.);
#6753=FACE_BOUND('',#6278,.T.);
#6754=FACE_BOUND('',#6279,.T.);
#6755=FACE_BOUND('',#6280,.T.);
#6756=FACE_BOUND('',#6281,.T.);
#6757=FACE_BOUND('',#6282,.T.);
#6758=FACE_BOUND('',#6283,.T.);
#6759=FACE_BOUND('',#6284,.T.);
#6760=FACE_BOUND('',#6285,.T.);
#6761=FACE_BOUND('',#6286,.T.);
#6762=FACE_BOUND('',#6287,.T.);
#6763=FACE_BOUND('',#6288,.T.);
#6764=FACE_BOUND('',#6289,.T.);
#6765=FACE_BOUND('',#6290,.T.);
#6766=FACE_BOUND('',#6291,.T.);
#6767=FACE_BOUND('',#6292,.T.);
#6768=FACE_BOUND('',#6293,.T.);
#6769=FACE_BOUND('',#6294,.T.);
#6770=FACE_BOUND('',#6295,.T.);
#6771=FACE_BOUND('',#6296,.T.);
#6772=FACE_BOUND('',#6297,.T.);
#6773=FACE_BOUND('',#6298,.T.);
#6774=FACE_BOUND('',#6299,.T.);
#6775=FACE_BOUND('',#6300,.T.);
#6776=FACE_BOUND('',#6301,.T.);
#6777=FACE_BOUND('',#6302,.T.);
#6778=FACE_BOUND('',#6303,.T.);
#6779=FACE_BOUND('',#6304,.T.);
#6780=FACE_BOUND('',#6305,.T.);
#6781=FACE_BOUND('',#6306,.T.);
#6782=FACE_BOUND('',#6307,.T.);
#6783=FACE_BOUND('',#6308,.T.);
#6784=FACE_BOUND('',#6309,.T.);
#6785=FACE_BOUND('',#6310,.T.);
#6786=FACE_BOUND('',#6311,.T.);
#6787=FACE_BOUND('',#6312,.T.);
#6788=FACE_BOUND('',#6313,.T.);
#6789=FACE_BOUND('',#6314,.T.);
#6790=FACE_BOUND('',#6315,.T.);
#6791=FACE_BOUND('',#6316,.T.);
#6792=FACE_BOUND('',#6317,.T.);
#6793=FACE_BOUND('',#6318,.T.);
#6794=FACE_BOUND('',#6319,.T.);
#6795=FACE_BOUND('',#6320,.T.);
#6796=FACE_BOUND('',#6321,.T.);
#6797=FACE_BOUND('',#6322,.T.);
#6798=FACE_BOUND('',#6323,.T.);
#6799=FACE_BOUND('',#6324,.T.);
#6800=FACE_BOUND('',#6325,.T.);
#6801=FACE_BOUND('',#6326,.T.);
#6802=FACE_BOUND('',#6327,.T.);
#6803=FACE_BOUND('',#6328,.T.);
#6804=FACE_BOUND('',#6329,.T.);
#6805=FACE_BOUND('',#6330,.T.);
#6806=FACE_BOUND('',#6331,.T.);
#6807=FACE_BOUND('',#6332,.T.);
#6808=FACE_BOUND('',#6333,.T.);
#6809=FACE_BOUND('',#6334,.T.);
#6810=FACE_BOUND('',#6335,.T.);
#6811=FACE_BOUND('',#6336,.T.);
#6812=FACE_BOUND('',#6337,.T.);
#6813=FACE_BOUND('',#6338,.T.);
#6814=FACE_BOUND('',#6339,.T.);
#6815=FACE_BOUND('',#6340,.T.);
#6816=FACE_BOUND('',#6341,.T.);
#6817=FACE_BOUND('',#6342,.T.);
#6818=FACE_BOUND('',#6343,.T.);
#6819=FACE_BOUND('',#6344,.T.);
#6820=FACE_BOUND('',#6345,.T.);
#6821=FACE_BOUND('',#6346,.T.);
#6822=FACE_BOUND('',#6347,.T.);
#6823=FACE_BOUND('',#6348,.T.);
#6824=FACE_BOUND('',#6349,.T.);
#6825=FACE_BOUND('',#6350,.T.);
#6826=FACE_BOUND('',#6351,.T.);
#6827=FACE_BOUND('',#6352,.T.);
#6828=FACE_BOUND('',#6353,.T.);
#6829=FACE_BOUND('',#6354,.T.);
#6830=FACE_BOUND('',#6355,.T.);
#6831=FACE_BOUND('',#6356,.T.);
#6832=FACE_BOUND('',#6357,.T.);
#6833=FACE_BOUND('',#6358,.T.);
#6834=FACE_BOUND('',#6359,.T.);
#6835=FACE_BOUND('',#6360,.T.);
#6836=FACE_BOUND('',#6361,.T.);
#6837=FACE_BOUND('',#6362,.T.);
#6838=FACE_BOUND('',#6363,.T.);
#6839=FACE_BOUND('',#6364,.T.);
#6840=FACE_BOUND('',#6365,.T.);
#6841=FACE_BOUND('',#6366,.T.);
#6842=FACE_BOUND('',#6367,.T.);
#6843=FACE_BOUND('',#6368,.T.);
#6844=FACE_BOUND('',#6369,.T.);
#6845=FACE_BOUND('',#6370,.T.);
#6846=PLANE('',#8785);
#6847=PLANE('',#8786);
#6848=PLANE('',#8793);
#6849=PLANE('',#8797);
#6850=PLANE('',#8801);
#6851=PLANE('',#8802);
#6852=PLANE('',#8803);
#6853=PLANE('',#8804);
#6854=PLANE('',#8817);
#6855=PLANE('',#8818);
#6856=PLANE('',#8819);
#6857=PLANE('',#8820);
#6858=PLANE('',#8821);
#6859=PLANE('',#8822);
#6860=PLANE('',#8823);
#6861=PLANE('',#8824);
#6862=PLANE('',#8825);
#6863=PLANE('',#8826);
#6864=PLANE('',#8827);
#6865=PLANE('',#8828);
#6866=PLANE('',#8829);
#6867=PLANE('',#8830);
#6868=PLANE('',#8831);
#6869=PLANE('',#8832);
#6870=PLANE('',#8833);
#6871=PLANE('',#8834);
#6872=PLANE('',#8835);
#6873=PLANE('',#8836);
#6874=PLANE('',#8837);
#6875=PLANE('',#8838);
#6876=PLANE('',#8839);
#6877=PLANE('',#8840);
#6878=PLANE('',#8841);
#6879=PLANE('',#8842);
#6880=PLANE('',#8843);
#6881=PLANE('',#8844);
#6882=PLANE('',#8845);
#6883=PLANE('',#8846);
#6884=PLANE('',#8847);
#6885=PLANE('',#8848);
#6886=PLANE('',#8849);
#6887=PLANE('',#8850);
#6888=PLANE('',#8851);
#6889=PLANE('',#8852);
#6890=PLANE('',#8853);
#6891=PLANE('',#8856);
#6892=PLANE('',#8859);
#6893=PLANE('',#8862);
#6894=PLANE('',#8863);
#6895=PLANE('',#8864);
#6896=PLANE('',#8865);
#6897=PLANE('',#8866);
#6898=PLANE('',#8867);
#6899=PLANE('',#8868);
#6900=PLANE('',#8869);
#6901=PLANE('',#8870);
#6902=PLANE('',#8871);
#6903=PLANE('',#8890);
#6904=PLANE('',#8901);
#6905=PLANE('',#8904);
#6906=PLANE('',#8905);
#6907=PLANE('',#8906);
#6908=PLANE('',#8907);
#6909=PLANE('',#8908);
#6910=PLANE('',#8909);
#6911=PLANE('',#8910);
#6912=PLANE('',#8914);
#6913=PLANE('',#8918);
#6914=PLANE('',#8919);
#6915=PLANE('',#8920);
#6916=PLANE('',#8921);
#6917=PLANE('',#8922);
#6918=PLANE('',#8923);
#6919=PLANE('',#8924);
#6920=PLANE('',#8925);
#6921=PLANE('',#8926);
#6922=PLANE('',#8927);
#6923=PLANE('',#8928);
#6924=PLANE('',#8929);
#6925=PLANE('',#8930);
#6926=PLANE('',#8931);
#6927=PLANE('',#8932);
#6928=PLANE('',#8933);
#6929=PLANE('',#8934);
#6930=PLANE('',#8935);
#6931=PLANE('',#8936);
#6932=PLANE('',#8937);
#6933=PLANE('',#8938);
#6934=PLANE('',#8939);
#6935=PLANE('',#8940);
#6936=PLANE('',#8941);
#6937=PLANE('',#8942);
#6938=PLANE('',#8943);
#6939=PLANE('',#8944);
#6940=PLANE('',#8945);
#6941=PLANE('',#8946);
#6942=PLANE('',#8947);
#6943=PLANE('',#8948);
#6944=PLANE('',#8949);
#6945=PLANE('',#8950);
#6946=PLANE('',#8951);
#6947=PLANE('',#8952);
#6948=PLANE('',#8953);
#6949=PLANE('',#8954);
#6950=PLANE('',#8955);
#6951=PLANE('',#8956);
#6952=PLANE('',#8957);
#6953=PLANE('',#8958);
#6954=PLANE('',#8959);
#6955=PLANE('',#8960);
#6956=PLANE('',#8961);
#6957=PLANE('',#8962);
#6958=PLANE('',#8963);
#6959=PLANE('',#8964);
#6960=PLANE('',#8965);
#6961=PLANE('',#8966);
#6962=PLANE('',#8967);
#6963=PLANE('',#8968);
#6964=PLANE('',#8974);
#6965=PLANE('',#8979);
#6966=PLANE('',#8980);
#6967=PLANE('',#8981);
#6968=PLANE('',#8982);
#6969=PLANE('',#8983);
#6970=PLANE('',#8984);
#6971=PLANE('',#8985);
#6972=PLANE('',#8986);
#6973=PLANE('',#8987);
#6974=PLANE('',#8989);
#6975=PLANE('',#8992);
#6976=PLANE('',#8993);
#6977=PLANE('',#8994);
#6978=PLANE('',#8997);
#6979=PLANE('',#8998);
#6980=PLANE('',#8999);
#6981=PLANE('',#9002);
#6982=PLANE('',#9003);
#6983=PLANE('',#9004);
#6984=PLANE('',#9007);
#6985=PLANE('',#9008);
#6986=PLANE('',#9009);
#6987=PLANE('',#9020);
#6988=PLANE('',#9022);
#6989=PLANE('',#9024);
#6990=PLANE('',#9026);
#6991=PLANE('',#9028);
#6992=PLANE('',#9029);
#6993=PLANE('',#9030);
#6994=PLANE('',#9031);
#6995=PLANE('',#9032);
#6996=PLANE('',#9033);
#6997=PLANE('',#9034);
#6998=PLANE('',#9035);
#6999=PLANE('',#9116);
#7000=PLANE('',#9117);
#7001=PLANE('',#9118);
#7002=PLANE('',#9119);
#7003=PLANE('',#9120);
#7004=PLANE('',#9121);
#7005=PLANE('',#9178);
#7006=PLANE('',#9179);
#7007=PLANE('',#9180);
#7008=PLANE('',#9181);
#7009=PLANE('',#9182);
#7010=PLANE('',#9183);
#7011=PLANE('',#9184);
#7012=PLANE('',#9185);
#7013=PLANE('',#9186);
#7014=PLANE('',#9187);
#7015=PLANE('',#9188);
#7016=PLANE('',#9189);
#7017=PLANE('',#9190);
#7018=PLANE('',#9191);
#7019=PLANE('',#9192);
#7020=PLANE('',#9193);
#7021=PLANE('',#9194);
#7022=PLANE('',#9195);
#7023=PLANE('',#9196);
#7024=PLANE('',#9197);
#7025=PLANE('',#9198);
#7026=PLANE('',#9199);
#7027=PLANE('',#9200);
#7028=PLANE('',#9201);
#7029=PLANE('',#9202);
#7030=PLANE('',#9203);
#7031=PLANE('',#9204);
#7032=PLANE('',#9205);
#7033=PLANE('',#9206);
#7034=PLANE('',#9207);
#7035=PLANE('',#9208);
#7036=PLANE('',#9209);
#7037=PLANE('',#9210);
#7038=PLANE('',#9211);
#7039=PLANE('',#9212);
#7040=PLANE('',#9213);
#7041=PLANE('',#9214);
#7042=PLANE('',#9215);
#7043=PLANE('',#9216);
#7044=PLANE('',#9217);
#7045=PLANE('',#9218);
#7046=PLANE('',#9219);
#7047=PLANE('',#9220);
#7048=PLANE('',#9221);
#7049=PLANE('',#9222);
#7050=PLANE('',#9223);
#7051=PLANE('',#9224);
#7052=PLANE('',#9225);
#7053=PLANE('',#9226);
#7054=PLANE('',#9227);
#7055=PLANE('',#9228);
#7056=PLANE('',#9229);
#7057=PLANE('',#9230);
#7058=PLANE('',#9231);
#7059=PLANE('',#9232);
#7060=PLANE('',#9233);
#7061=PLANE('',#9234);
#7062=PLANE('',#9235);
#7063=PLANE('',#9236);
#7064=PLANE('',#9237);
#7065=PLANE('',#9238);
#7066=PLANE('',#9239);
#7067=PLANE('',#9240);
#7068=PLANE('',#9241);
#7069=PLANE('',#9242);
#7070=PLANE('',#9243);
#7071=PLANE('',#9244);
#7072=PLANE('',#9245);
#7073=PLANE('',#9246);
#7074=PLANE('',#9247);
#7075=PLANE('',#9248);
#7076=PLANE('',#9249);
#7077=PLANE('',#9250);
#7078=PLANE('',#9251);
#7079=PLANE('',#9252);
#7080=PLANE('',#9253);
#7081=PLANE('',#9254);
#7082=PLANE('',#9255);
#7083=PLANE('',#9256);
#7084=PLANE('',#9257);
#7085=PLANE('',#9258);
#7086=PLANE('',#9259);
#7087=PLANE('',#9260);
#7088=PLANE('',#9261);
#7089=PLANE('',#9262);
#7090=PLANE('',#9263);
#7091=PLANE('',#9264);
#7092=PLANE('',#9265);
#7093=PLANE('',#9266);
#7094=PLANE('',#9267);
#7095=PLANE('',#9268);
#7096=PLANE('',#9269);
#7097=PLANE('',#9270);
#7098=PLANE('',#9271);
#7099=PLANE('',#9273);
#7100=OVER_RIDING_STYLED_ITEM('',(#7713),#7279,#7711);
#7101=OVER_RIDING_STYLED_ITEM('',(#7714),#7316,#7711);
#7102=OVER_RIDING_STYLED_ITEM('',(#7715),#7332,#7711);
#7103=OVER_RIDING_STYLED_ITEM('',(#7716),#7399,#7711);
#7104=OVER_RIDING_STYLED_ITEM('',(#7717),#7436,#7711);
#7105=OVER_RIDING_STYLED_ITEM('',(#7718),#7452,#7711);
#7106=OVER_RIDING_STYLED_ITEM('',(#7719),#7503,#7711);
#7107=OVER_RIDING_STYLED_ITEM('',(#7720),#7504,#7711);
#7108=OVER_RIDING_STYLED_ITEM('',(#7721),#7505,#7711);
#7109=OVER_RIDING_STYLED_ITEM('',(#7722),#7506,#7711);
#7110=OVER_RIDING_STYLED_ITEM('',(#7723),#7507,#7711);
#7111=OVER_RIDING_STYLED_ITEM('',(#7724),#7508,#7711);
#7112=OVER_RIDING_STYLED_ITEM('',(#7725),#7509,#7711);
#7113=OVER_RIDING_STYLED_ITEM('',(#7726),#7510,#7711);
#7114=OVER_RIDING_STYLED_ITEM('',(#7727),#7511,#7711);
#7115=OVER_RIDING_STYLED_ITEM('',(#7728),#7512,#7711);
#7116=OVER_RIDING_STYLED_ITEM('',(#7729),#7513,#7711);
#7117=OVER_RIDING_STYLED_ITEM('',(#7730),#7514,#7711);
#7118=OVER_RIDING_STYLED_ITEM('',(#7731),#7515,#7711);
#7119=OVER_RIDING_STYLED_ITEM('',(#7732),#7516,#7711);
#7120=OVER_RIDING_STYLED_ITEM('',(#7733),#7517,#7711);
#7121=OVER_RIDING_STYLED_ITEM('',(#7734),#7518,#7711);
#7122=OVER_RIDING_STYLED_ITEM('',(#7735),#7519,#7711);
#7123=OVER_RIDING_STYLED_ITEM('',(#7736),#7520,#7711);
#7124=OVER_RIDING_STYLED_ITEM('',(#7737),#7521,#7711);
#7125=OVER_RIDING_STYLED_ITEM('',(#7738),#7522,#7711);
#7126=OVER_RIDING_STYLED_ITEM('',(#7739),#7523,#7711);
#7127=OVER_RIDING_STYLED_ITEM('',(#7740),#7524,#7711);
#7128=OVER_RIDING_STYLED_ITEM('',(#7741),#7525,#7711);
#7129=OVER_RIDING_STYLED_ITEM('',(#7742),#7526,#7711);
#7130=OVER_RIDING_STYLED_ITEM('',(#7743),#7527,#7711);
#7131=OVER_RIDING_STYLED_ITEM('',(#7744),#7528,#7711);
#7132=OVER_RIDING_STYLED_ITEM('',(#7745),#7529,#7711);
#7133=OVER_RIDING_STYLED_ITEM('',(#7746),#7530,#7711);
#7134=OVER_RIDING_STYLED_ITEM('',(#7747),#7531,#7711);
#7135=OVER_RIDING_STYLED_ITEM('',(#7748),#7532,#7711);
#7136=OVER_RIDING_STYLED_ITEM('',(#7749),#7533,#7711);
#7137=OVER_RIDING_STYLED_ITEM('',(#7750),#7534,#7711);
#7138=OVER_RIDING_STYLED_ITEM('',(#7751),#7535,#7711);
#7139=OVER_RIDING_STYLED_ITEM('',(#7752),#7536,#7711);
#7140=OVER_RIDING_STYLED_ITEM('',(#7753),#7537,#7711);
#7141=OVER_RIDING_STYLED_ITEM('',(#7754),#7538,#7711);
#7142=OVER_RIDING_STYLED_ITEM('',(#7755),#7539,#7711);
#7143=OVER_RIDING_STYLED_ITEM('',(#7756),#7540,#7711);
#7144=OVER_RIDING_STYLED_ITEM('',(#7757),#7541,#7711);
#7145=OVER_RIDING_STYLED_ITEM('',(#7758),#7542,#7711);
#7146=OVER_RIDING_STYLED_ITEM('',(#7759),#7543,#7711);
#7147=OVER_RIDING_STYLED_ITEM('',(#7760),#7544,#7711);
#7148=OVER_RIDING_STYLED_ITEM('',(#7761),#7545,#7711);
#7149=OVER_RIDING_STYLED_ITEM('',(#7762),#7546,#7711);
#7150=OVER_RIDING_STYLED_ITEM('',(#7763),#7547,#7711);
#7151=OVER_RIDING_STYLED_ITEM('',(#7764),#7548,#7711);
#7152=OVER_RIDING_STYLED_ITEM('',(#7765),#7549,#7711);
#7153=OVER_RIDING_STYLED_ITEM('',(#7766),#7550,#7711);
#7154=OVER_RIDING_STYLED_ITEM('',(#7767),#7551,#7711);
#7155=OVER_RIDING_STYLED_ITEM('',(#7768),#7552,#7711);
#7156=OVER_RIDING_STYLED_ITEM('',(#7769),#7553,#7711);
#7157=OVER_RIDING_STYLED_ITEM('',(#7770),#7554,#7711);
#7158=OVER_RIDING_STYLED_ITEM('',(#7771),#7555,#7711);
#7159=OVER_RIDING_STYLED_ITEM('',(#7772),#7556,#7711);
#7160=OVER_RIDING_STYLED_ITEM('',(#7773),#7557,#7711);
#7161=OVER_RIDING_STYLED_ITEM('',(#7774),#7558,#7711);
#7162=OVER_RIDING_STYLED_ITEM('',(#7775),#7559,#7711);
#7163=OVER_RIDING_STYLED_ITEM('',(#7776),#7560,#7711);
#7164=OVER_RIDING_STYLED_ITEM('',(#7777),#7561,#7711);
#7165=OVER_RIDING_STYLED_ITEM('',(#7778),#7562,#7711);
#7166=OVER_RIDING_STYLED_ITEM('',(#7779),#7563,#7711);
#7167=OVER_RIDING_STYLED_ITEM('',(#7780),#7564,#7711);
#7168=OVER_RIDING_STYLED_ITEM('',(#7781),#7565,#7711);
#7169=OVER_RIDING_STYLED_ITEM('',(#7782),#7566,#7711);
#7170=OVER_RIDING_STYLED_ITEM('',(#7783),#7567,#7711);
#7171=OVER_RIDING_STYLED_ITEM('',(#7784),#7568,#7711);
#7172=OVER_RIDING_STYLED_ITEM('',(#7785),#7569,#7711);
#7173=OVER_RIDING_STYLED_ITEM('',(#7786),#7570,#7711);
#7174=OVER_RIDING_STYLED_ITEM('',(#7787),#7571,#7711);
#7175=OVER_RIDING_STYLED_ITEM('',(#7788),#7572,#7711);
#7176=OVER_RIDING_STYLED_ITEM('',(#7789),#7573,#7711);
#7177=OVER_RIDING_STYLED_ITEM('',(#7790),#7574,#7711);
#7178=OVER_RIDING_STYLED_ITEM('',(#7791),#7575,#7711);
#7179=OVER_RIDING_STYLED_ITEM('',(#7792),#7576,#7711);
#7180=OVER_RIDING_STYLED_ITEM('',(#7793),#7577,#7711);
#7181=OVER_RIDING_STYLED_ITEM('',(#7794),#7578,#7711);
#7182=OVER_RIDING_STYLED_ITEM('',(#7795),#7579,#7711);
#7183=OVER_RIDING_STYLED_ITEM('',(#7796),#7580,#7711);
#7184=OVER_RIDING_STYLED_ITEM('',(#7797),#7581,#7711);
#7185=OVER_RIDING_STYLED_ITEM('',(#7798),#7582,#7711);
#7186=OVER_RIDING_STYLED_ITEM('',(#7799),#7583,#7711);
#7187=OVER_RIDING_STYLED_ITEM('',(#7800),#7584,#7711);
#7188=OVER_RIDING_STYLED_ITEM('',(#7801),#7585,#7711);
#7189=OVER_RIDING_STYLED_ITEM('',(#7802),#7586,#7711);
#7190=OVER_RIDING_STYLED_ITEM('',(#7803),#7587,#7711);
#7191=OVER_RIDING_STYLED_ITEM('',(#7804),#7588,#7711);
#7192=OVER_RIDING_STYLED_ITEM('',(#7805),#7589,#7711);
#7193=OVER_RIDING_STYLED_ITEM('',(#7806),#7590,#7711);
#7194=OVER_RIDING_STYLED_ITEM('',(#7807),#7591,#7711);
#7195=OVER_RIDING_STYLED_ITEM('',(#7808),#7592,#7711);
#7196=OVER_RIDING_STYLED_ITEM('',(#7809),#7593,#7711);
#7197=OVER_RIDING_STYLED_ITEM('',(#7810),#7594,#7711);
#7198=OVER_RIDING_STYLED_ITEM('',(#7811),#7595,#7711);
#7199=OVER_RIDING_STYLED_ITEM('',(#7812),#7596,#7711);
#7200=OVER_RIDING_STYLED_ITEM('',(#7813),#7597,#7711);
#7201=OVER_RIDING_STYLED_ITEM('',(#7814),#7598,#7711);
#7202=OVER_RIDING_STYLED_ITEM('',(#7815),#7599,#7711);
#7203=OVER_RIDING_STYLED_ITEM('',(#7816),#7600,#7711);
#7204=OVER_RIDING_STYLED_ITEM('',(#7817),#7601,#7711);
#7205=OVER_RIDING_STYLED_ITEM('',(#7818),#7602,#7711);
#7206=OVER_RIDING_STYLED_ITEM('',(#7819),#7603,#7711);
#7207=OVER_RIDING_STYLED_ITEM('',(#7820),#7604,#7711);
#7208=OVER_RIDING_STYLED_ITEM('',(#7821),#7605,#7711);
#7209=OVER_RIDING_STYLED_ITEM('',(#7822),#7606,#7711);
#7210=OVER_RIDING_STYLED_ITEM('',(#7823),#7607,#7711);
#7211=OVER_RIDING_STYLED_ITEM('',(#7824),#7608,#7711);
#7212=OVER_RIDING_STYLED_ITEM('',(#7825),#7609,#7711);
#7213=OVER_RIDING_STYLED_ITEM('',(#7826),#7610,#7711);
#7214=OVER_RIDING_STYLED_ITEM('',(#7827),#7611,#7711);
#7215=OVER_RIDING_STYLED_ITEM('',(#7828),#7612,#7711);
#7216=OVER_RIDING_STYLED_ITEM('',(#7829),#7613,#7711);
#7217=OVER_RIDING_STYLED_ITEM('',(#7830),#7614,#7711);
#7218=OVER_RIDING_STYLED_ITEM('',(#7831),#7615,#7711);
#7219=OVER_RIDING_STYLED_ITEM('',(#7832),#7652,#7711);
#7220=OVER_RIDING_STYLED_ITEM('',(#7833),#7653,#7711);
#7221=OVER_RIDING_STYLED_ITEM('',(#7834),#7654,#7711);
#7222=OVER_RIDING_STYLED_ITEM('',(#7835),#7655,#7711);
#7223=OVER_RIDING_STYLED_ITEM('',(#7836),#7656,#7711);
#7224=OVER_RIDING_STYLED_ITEM('',(#7837),#7657,#7711);
#7225=OVER_RIDING_STYLED_ITEM('',(#7838),#7658,#7711);
#7226=OVER_RIDING_STYLED_ITEM('',(#7839),#7659,#7711);
#7227=OVER_RIDING_STYLED_ITEM('',(#7840),#7660,#7711);
#7228=OVER_RIDING_STYLED_ITEM('',(#7841),#7661,#7711);
#7229=OVER_RIDING_STYLED_ITEM('',(#7842),#7662,#7711);
#7230=OVER_RIDING_STYLED_ITEM('',(#7843),#7663,#7711);
#7231=OVER_RIDING_STYLED_ITEM('',(#7844),#7664,#7711);
#7232=OVER_RIDING_STYLED_ITEM('',(#7845),#7665,#7711);
#7233=OVER_RIDING_STYLED_ITEM('',(#7846),#7666,#7711);
#7234=OVER_RIDING_STYLED_ITEM('',(#7847),#7667,#7711);
#7235=OVER_RIDING_STYLED_ITEM('',(#7848),#7668,#7711);
#7236=OVER_RIDING_STYLED_ITEM('',(#7849),#7669,#7711);
#7237=OVER_RIDING_STYLED_ITEM('',(#7850),#7670,#7711);
#7238=OVER_RIDING_STYLED_ITEM('',(#7851),#7671,#7711);
#7239=OVER_RIDING_STYLED_ITEM('',(#7852),#7672,#7711);
#7240=OVER_RIDING_STYLED_ITEM('',(#7853),#7673,#7711);
#7241=OVER_RIDING_STYLED_ITEM('',(#7854),#7674,#7711);
#7242=OVER_RIDING_STYLED_ITEM('',(#7855),#7675,#7711);
#7243=OVER_RIDING_STYLED_ITEM('',(#7856),#7676,#7711);
#7244=OVER_RIDING_STYLED_ITEM('',(#7857),#7677,#7711);
#7245=OVER_RIDING_STYLED_ITEM('',(#7858),#7678,#7711);
#7246=OVER_RIDING_STYLED_ITEM('',(#7859),#7679,#7711);
#7247=OVER_RIDING_STYLED_ITEM('',(#7860),#7680,#7711);
#7248=OVER_RIDING_STYLED_ITEM('',(#7861),#7681,#7711);
#7249=OVER_RIDING_STYLED_ITEM('',(#7862),#7682,#7711);
#7250=OVER_RIDING_STYLED_ITEM('',(#7863),#7683,#7711);
#7251=OVER_RIDING_STYLED_ITEM('',(#7864),#7684,#7711);
#7252=OVER_RIDING_STYLED_ITEM('',(#7865),#7685,#7711);
#7253=OVER_RIDING_STYLED_ITEM('',(#7866),#7686,#7711);
#7254=OVER_RIDING_STYLED_ITEM('',(#7867),#7687,#7711);
#7255=OVER_RIDING_STYLED_ITEM('',(#7868),#7688,#7711);
#7256=OVER_RIDING_STYLED_ITEM('',(#7869),#7689,#7711);
#7257=OVER_RIDING_STYLED_ITEM('',(#7870),#7690,#7711);
#7258=OVER_RIDING_STYLED_ITEM('',(#7871),#7691,#7711);
#7259=OVER_RIDING_STYLED_ITEM('',(#7872),#7692,#7711);
#7260=OVER_RIDING_STYLED_ITEM('',(#7873),#7693,#7711);
#7261=OVER_RIDING_STYLED_ITEM('',(#7874),#7694,#7711);
#7262=OVER_RIDING_STYLED_ITEM('',(#7875),#7695,#7711);
#7263=OVER_RIDING_STYLED_ITEM('',(#7876),#7696,#7711);
#7264=OVER_RIDING_STYLED_ITEM('',(#7877),#7697,#7711);
#7265=OVER_RIDING_STYLED_ITEM('',(#7878),#7698,#7711);
#7266=OVER_RIDING_STYLED_ITEM('',(#7879),#7699,#7711);
#7267=OVER_RIDING_STYLED_ITEM('',(#7880),#7700,#7711);
#7268=OVER_RIDING_STYLED_ITEM('',(#7881),#7701,#7711);
#7269=OVER_RIDING_STYLED_ITEM('',(#7882),#7702,#7711);
#7270=OVER_RIDING_STYLED_ITEM('',(#7883),#7703,#7711);
#7271=OVER_RIDING_STYLED_ITEM('',(#7884),#7704,#7711);
#7272=OVER_RIDING_STYLED_ITEM('',(#7885),#7705,#7711);
#7273=OVER_RIDING_STYLED_ITEM('',(#7886),#7706,#7711);
#7274=OVER_RIDING_STYLED_ITEM('',(#7887),#7707,#7711);
#7275=OVER_RIDING_STYLED_ITEM('',(#7888),#7708,#7711);
#7276=OVER_RIDING_STYLED_ITEM('',(#7889),#7709,#7711);
#7277=COLOUR_RGB('',0.223529411764706,0.223529411764706,0.223529411764706);
#7278=COLOUR_RGB('',0.250980392156863,0.250980392156863,0.250980392156863);
#7279=ADVANCED_FACE('',(#6371),#6846,.F.);
#7280=ADVANCED_FACE('',(#6372),#1809,.T.);
#7281=ADVANCED_FACE('',(#6373),#1810,.T.);
#7282=ADVANCED_FACE('',(#6374),#1811,.F.);
#7283=ADVANCED_FACE('',(#6375),#1812,.F.);
#7284=ADVANCED_FACE('',(#6376),#6847,.F.);
#7285=ADVANCED_FACE('',(#6377),#170,.T.);
#7286=ADVANCED_FACE('',(#6378),#171,.T.);
#7287=ADVANCED_FACE('',(#6379),#1813,.F.);
#7288=ADVANCED_FACE('',(#6380),#6848,.F.);
#7289=ADVANCED_FACE('',(#6381),#1814,.F.);
#7290=ADVANCED_FACE('',(#6382),#172,.F.);
#7291=ADVANCED_FACE('',(#6383),#6849,.F.);
#7292=ADVANCED_FACE('',(#6384),#1815,.F.);
#7293=ADVANCED_FACE('',(#6385),#1816,.F.);
#7294=ADVANCED_FACE('',(#6386),#1817,.F.);
#7295=ADVANCED_FACE('',(#6387),#173,.F.);
#7296=ADVANCED_FACE('',(#6388),#1818,.F.);
#7297=ADVANCED_FACE('',(#6389),#1819,.F.);
#7298=ADVANCED_FACE('',(#6390),#1820,.F.);
#7299=ADVANCED_FACE('',(#6391),#6850,.F.);
#7300=ADVANCED_FACE('',(#6392),#6851,.F.);
#7301=ADVANCED_FACE('',(#6393),#6852,.F.);
#7302=ADVANCED_FACE('',(#6394),#6853,.F.);
#7303=ADVANCED_FACE('',(#6395),#174,.T.);
#7304=ADVANCED_FACE('',(#6396),#1821,.F.);
#7305=ADVANCED_FACE('',(#6397),#175,.T.);
#7306=ADVANCED_FACE('',(#6398),#176,.T.);
#7307=ADVANCED_FACE('',(#6399),#177,.T.);
#7308=ADVANCED_FACE('',(#6400),#1822,.F.);
#7309=ADVANCED_FACE('',(#6401),#1823,.F.);
#7310=ADVANCED_FACE('',(#6402),#1824,.F.);
#7311=ADVANCED_FACE('',(#6403),#1825,.F.);
#7312=ADVANCED_FACE('',(#6404),#1826,.F.);
#7313=ADVANCED_FACE('',(#6405),#1827,.F.);
#7314=ADVANCED_FACE('',(#6406),#1828,.F.);
#7315=ADVANCED_FACE('',(#6407,#6408),#6854,.F.);
#7316=ADVANCED_FACE('',(#6409),#6855,.F.);
#7317=ADVANCED_FACE('',(#6410),#6856,.T.);
#7318=ADVANCED_FACE('',(#6411),#1829,.T.);
#7319=ADVANCED_FACE('',(#6412),#6857,.T.);
#7320=ADVANCED_FACE('',(#6413),#1830,.T.);
#7321=ADVANCED_FACE('',(#6414),#6858,.T.);
#7322=ADVANCED_FACE('',(#6415),#6859,.T.);
#7323=ADVANCED_FACE('',(#6416),#6860,.F.);
#7324=ADVANCED_FACE('',(#6417),#6861,.F.);
#7325=ADVANCED_FACE('',(#6418),#6862,.F.);
#7326=ADVANCED_FACE('',(#6419),#6863,.F.);
#7327=ADVANCED_FACE('',(#6420),#6864,.F.);
#7328=ADVANCED_FACE('',(#6421),#6865,.F.);
#7329=ADVANCED_FACE('',(#6422),#6866,.F.);
#7330=ADVANCED_FACE('',(#6423),#6867,.F.);
#7331=ADVANCED_FACE('',(#6424,#6425),#6868,.F.);
#7332=ADVANCED_FACE('',(#6426),#6869,.F.);
#7333=ADVANCED_FACE('',(#6427),#1831,.T.);
#7334=ADVANCED_FACE('',(#6428),#1832,.T.);
#7335=ADVANCED_FACE('',(#6429),#1833,.T.);
#7336=ADVANCED_FACE('',(#6430),#1834,.T.);
#7337=ADVANCED_FACE('',(#6431),#6870,.F.);
#7338=ADVANCED_FACE('',(#6432),#6871,.T.);
#7339=ADVANCED_FACE('',(#6433),#6872,.F.);
#7340=ADVANCED_FACE('',(#6434),#6873,.F.);
#7341=ADVANCED_FACE('',(#6435),#6874,.F.);
#7342=ADVANCED_FACE('',(#6436),#1835,.F.);
#7343=ADVANCED_FACE('',(#6437),#1836,.F.);
#7344=ADVANCED_FACE('',(#6438),#1837,.F.);
#7345=ADVANCED_FACE('',(#6439),#1838,.F.);
#7346=ADVANCED_FACE('',(#6440),#6875,.F.);
#7347=ADVANCED_FACE('',(#6441,#6442),#6876,.T.);
#7348=ADVANCED_FACE('',(#6443),#6877,.F.);
#7349=ADVANCED_FACE('',(#6444),#6878,.F.);
#7350=ADVANCED_FACE('',(#6445),#6879,.F.);
#7351=ADVANCED_FACE('',(#6446),#6880,.F.);
#7352=ADVANCED_FACE('',(#6447),#6881,.F.);
#7353=ADVANCED_FACE('',(#6448),#6882,.F.);
#7354=ADVANCED_FACE('',(#6449),#6883,.F.);
#7355=ADVANCED_FACE('',(#6450),#6884,.F.);
#7356=ADVANCED_FACE('',(#6451),#6885,.F.);
#7357=ADVANCED_FACE('',(#6452),#6886,.F.);
#7358=ADVANCED_FACE('',(#6453),#6887,.F.);
#7359=ADVANCED_FACE('',(#6454),#6888,.F.);
#7360=ADVANCED_FACE('',(#6455),#6889,.F.);
#7361=ADVANCED_FACE('',(#6456),#6890,.T.);
#7362=ADVANCED_FACE('',(#6457),#6891,.F.);
#7363=ADVANCED_FACE('',(#6458),#1839,.F.);
#7364=ADVANCED_FACE('',(#6459),#178,.T.);
#7365=ADVANCED_FACE('',(#6460),#6892,.F.);
#7366=ADVANCED_FACE('',(#6461),#179,.F.);
#7367=ADVANCED_FACE('',(#6462),#1840,.F.);
#7368=ADVANCED_FACE('',(#6463),#6893,.F.);
#7369=ADVANCED_FACE('',(#6464),#6894,.F.);
#7370=ADVANCED_FACE('',(#6465),#6895,.F.);
#7371=ADVANCED_FACE('',(#6466),#6896,.F.);
#7372=ADVANCED_FACE('',(#6467),#6897,.F.);
#7373=ADVANCED_FACE('',(#6468),#6898,.F.);
#7374=ADVANCED_FACE('',(#6469),#6899,.F.);
#7375=ADVANCED_FACE('',(#6470),#6900,.F.);
#7376=ADVANCED_FACE('',(#6471),#6901,.F.);
#7377=ADVANCED_FACE('',(#6472),#6902,.F.);
#7378=ADVANCED_FACE('',(#6473),#1841,.F.);
#7379=ADVANCED_FACE('',(#6474),#1842,.F.);
#7380=ADVANCED_FACE('',(#6475),#1843,.F.);
#7381=ADVANCED_FACE('',(#6476),#180,.T.);
#7382=ADVANCED_FACE('',(#6477),#181,.T.);
#7383=ADVANCED_FACE('',(#6478),#182,.T.);
#7384=ADVANCED_FACE('',(#6479),#1844,.F.);
#7385=ADVANCED_FACE('',(#6480),#183,.T.);
#7386=ADVANCED_FACE('',(#6481),#6903,.F.);
#7387=ADVANCED_FACE('',(#6482),#184,.F.);
#7388=ADVANCED_FACE('',(#6483),#1845,.F.);
#7389=ADVANCED_FACE('',(#6484),#185,.F.);
#7390=ADVANCED_FACE('',(#6485),#1846,.F.);
#7391=ADVANCED_FACE('',(#6486),#1847,.F.);
#7392=ADVANCED_FACE('',(#6487),#186,.T.);
#7393=ADVANCED_FACE('',(#6488),#187,.T.);
#7394=ADVANCED_FACE('',(#6489),#188,.T.);
#7395=ADVANCED_FACE('',(#6490),#1848,.F.);
#7396=ADVANCED_FACE('',(#6491),#1849,.F.);
#7397=ADVANCED_FACE('',(#6492),#6904,.F.);
#7398=ADVANCED_FACE('',(#6493),#189,.F.);
#7399=ADVANCED_FACE('',(#6494),#6905,.F.);
#7400=ADVANCED_FACE('',(#6495),#6906,.T.);
#7401=ADVANCED_FACE('',(#6496),#6907,.F.);
#7402=ADVANCED_FACE('',(#6497),#1850,.T.);
#7403=ADVANCED_FACE('',(#6498),#1851,.T.);
#7404=ADVANCED_FACE('',(#6499),#1852,.T.);
#7405=ADVANCED_FACE('',(#6500),#1853,.T.);
#7406=ADVANCED_FACE('',(#6501),#1854,.T.);
#7407=ADVANCED_FACE('',(#6502),#1855,.T.);
#7408=ADVANCED_FACE('',(#6503),#1856,.F.);
#7409=ADVANCED_FACE('',(#6504),#6908,.F.);
#7410=ADVANCED_FACE('',(#6505),#6909,.F.);
#7411=ADVANCED_FACE('',(#6506),#6910,.F.);
#7412=ADVANCED_FACE('',(#6507),#6911,.F.);
#7413=ADVANCED_FACE('',(#6508),#190,.T.);
#7414=ADVANCED_FACE('',(#6509),#1857,.F.);
#7415=ADVANCED_FACE('',(#6510),#1858,.F.);
#7416=ADVANCED_FACE('',(#6511),#1859,.F.);
#7417=ADVANCED_FACE('',(#6512),#6912,.F.);
#7418=ADVANCED_FACE('',(#6513),#1860,.F.);
#7419=ADVANCED_FACE('',(#6514),#191,.F.);
#7420=ADVANCED_FACE('',(#6515),#6913,.F.);
#7421=ADVANCED_FACE('',(#6516),#1861,.F.);
#7422=ADVANCED_FACE('',(#6517,#6518),#6914,.T.);
#7423=ADVANCED_FACE('',(#6519),#6915,.F.);
#7424=ADVANCED_FACE('',(#6520),#6916,.F.);
#7425=ADVANCED_FACE('',(#6521),#6917,.F.);
#7426=ADVANCED_FACE('',(#6522),#6918,.F.);
#7427=ADVANCED_FACE('',(#6523),#6919,.F.);
#7428=ADVANCED_FACE('',(#6524),#6920,.F.);
#7429=ADVANCED_FACE('',(#6525),#6921,.F.);
#7430=ADVANCED_FACE('',(#6526),#6922,.F.);
#7431=ADVANCED_FACE('',(#6527),#6923,.F.);
#7432=ADVANCED_FACE('',(#6528),#6924,.F.);
#7433=ADVANCED_FACE('',(#6529),#6925,.F.);
#7434=ADVANCED_FACE('',(#6530),#6926,.F.);
#7435=ADVANCED_FACE('',(#6531),#6927,.F.);
#7436=ADVANCED_FACE('',(#6532),#6928,.F.);
#7437=ADVANCED_FACE('',(#6533),#6929,.T.);
#7438=ADVANCED_FACE('',(#6534),#1862,.T.);
#7439=ADVANCED_FACE('',(#6535),#6930,.T.);
#7440=ADVANCED_FACE('',(#6536),#1863,.T.);
#7441=ADVANCED_FACE('',(#6537),#6931,.T.);
#7442=ADVANCED_FACE('',(#6538),#6932,.T.);
#7443=ADVANCED_FACE('',(#6539),#6933,.F.);
#7444=ADVANCED_FACE('',(#6540),#6934,.F.);
#7445=ADVANCED_FACE('',(#6541),#6935,.F.);
#7446=ADVANCED_FACE('',(#6542),#6936,.F.);
#7447=ADVANCED_FACE('',(#6543),#6937,.F.);
#7448=ADVANCED_FACE('',(#6544),#6938,.F.);
#7449=ADVANCED_FACE('',(#6545),#6939,.F.);
#7450=ADVANCED_FACE('',(#6546),#6940,.F.);
#7451=ADVANCED_FACE('',(#6547,#6548),#6941,.F.);
#7452=ADVANCED_FACE('',(#6549),#6942,.F.);
#7453=ADVANCED_FACE('',(#6550),#1864,.T.);
#7454=ADVANCED_FACE('',(#6551),#1865,.T.);
#7455=ADVANCED_FACE('',(#6552),#1866,.T.);
#7456=ADVANCED_FACE('',(#6553),#1867,.T.);
#7457=ADVANCED_FACE('',(#6554),#6943,.F.);
#7458=ADVANCED_FACE('',(#6555),#6944,.T.);
#7459=ADVANCED_FACE('',(#6556),#6945,.F.);
#7460=ADVANCED_FACE('',(#6557),#6946,.F.);
#7461=ADVANCED_FACE('',(#6558),#6947,.F.);
#7462=ADVANCED_FACE('',(#6559),#1868,.F.);
#7463=ADVANCED_FACE('',(#6560),#1869,.F.);
#7464=ADVANCED_FACE('',(#6561),#1870,.F.);
#7465=ADVANCED_FACE('',(#6562),#1871,.F.);
#7466=ADVANCED_FACE('',(#6563),#6948,.F.);
#7467=ADVANCED_FACE('',(#6564,#6565),#6949,.T.);
#7468=ADVANCED_FACE('',(#6566),#6950,.F.);
#7469=ADVANCED_FACE('',(#6567),#6951,.F.);
#7470=ADVANCED_FACE('',(#6568),#6952,.F.);
#7471=ADVANCED_FACE('',(#6569),#6953,.F.);
#7472=ADVANCED_FACE('',(#6570),#6954,.F.);
#7473=ADVANCED_FACE('',(#6571),#6955,.F.);
#7474=ADVANCED_FACE('',(#6572),#6956,.F.);
#7475=ADVANCED_FACE('',(#6573),#6957,.F.);
#7476=ADVANCED_FACE('',(#6574),#6958,.F.);
#7477=ADVANCED_FACE('',(#6575),#6959,.F.);
#7478=ADVANCED_FACE('',(#6576),#6960,.F.);
#7479=ADVANCED_FACE('',(#6577),#6961,.F.);
#7480=ADVANCED_FACE('',(#6578),#6962,.F.);
#7481=ADVANCED_FACE('',(#6579),#6963,.T.);
#7482=ADVANCED_FACE('',(#6580),#1872,.F.);
#7483=ADVANCED_FACE('',(#6581),#1873,.F.);
#7484=ADVANCED_FACE('',(#6582),#192,.T.);
#7485=ADVANCED_FACE('',(#6583),#1874,.F.);
#7486=ADVANCED_FACE('',(#6584),#1875,.F.);
#7487=ADVANCED_FACE('',(#6585),#6964,.F.);
#7488=ADVANCED_FACE('',(#6586),#193,.F.);
#7489=ADVANCED_FACE('',(#6587),#1876,.F.);
#7490=ADVANCED_FACE('',(#6588),#1877,.F.);
#7491=ADVANCED_FACE('',(#6589),#194,.F.);
#7492=ADVANCED_FACE('',(#6590),#1878,.F.);
#7493=ADVANCED_FACE('',(#6591),#1879,.F.);
#7494=ADVANCED_FACE('',(#6592),#6965,.F.);
#7495=ADVANCED_FACE('',(#6593),#1880,.F.);
#7496=ADVANCED_FACE('',(#6594),#6966,.F.);
#7497=ADVANCED_FACE('',(#6595),#6967,.F.);
#7498=ADVANCED_FACE('',(#6596),#6968,.F.);
#7499=ADVANCED_FACE('',(#6597),#6969,.F.);
#7500=ADVANCED_FACE('',(#6598),#6970,.F.);
#7501=ADVANCED_FACE('',(#6599),#6971,.F.);
#7502=ADVANCED_FACE('',(#6600),#6972,.F.);
#7503=ADVANCED_FACE('',(#6601),#6973,.T.);
#7504=ADVANCED_FACE('',(#6602,#6603),#6974,.T.);
#7505=ADVANCED_FACE('',(#6604),#6975,.F.);
#7506=ADVANCED_FACE('',(#6605),#6976,.T.);
#7507=ADVANCED_FACE('',(#6606,#6607),#6977,.T.);
#7508=ADVANCED_FACE('',(#6608),#6978,.F.);
#7509=ADVANCED_FACE('',(#6609),#6979,.F.);
#7510=ADVANCED_FACE('',(#6610,#6611),#6980,.T.);
#7511=ADVANCED_FACE('',(#6612),#6981,.F.);
#7512=ADVANCED_FACE('',(#6613),#6982,.F.);
#7513=ADVANCED_FACE('',(#6614,#6615),#6983,.T.);
#7514=ADVANCED_FACE('',(#6616),#6984,.T.);
#7515=ADVANCED_FACE('',(#6617),#6985,.F.);
#7516=ADVANCED_FACE('',(#6618,#6619),#6986,.T.);
#7517=ADVANCED_FACE('',(#6620),#195,.T.);
#7518=ADVANCED_FACE('',(#6621),#196,.T.);
#7519=ADVANCED_FACE('',(#6622),#197,.T.);
#7520=ADVANCED_FACE('',(#6623),#198,.T.);
#7521=ADVANCED_FACE('',(#6624),#6987,.T.);
#7522=ADVANCED_FACE('',(#6625),#6988,.T.);
#7523=ADVANCED_FACE('',(#6626),#6989,.T.);
#7524=ADVANCED_FACE('',(#6627),#6990,.T.);
#7525=ADVANCED_FACE('',(#6628),#6991,.T.);
#7526=ADVANCED_FACE('',(#6629),#6992,.T.);
#7527=ADVANCED_FACE('',(#6630),#6993,.T.);
#7528=ADVANCED_FACE('',(#6631),#6994,.T.);
#7529=ADVANCED_FACE('',(#6632),#6995,.T.);
#7530=ADVANCED_FACE('',(#6633),#6996,.T.);
#7531=ADVANCED_FACE('',(#6634),#6997,.T.);
#7532=ADVANCED_FACE('',(#6635),#6998,.T.);
#7533=ADVANCED_FACE('',(#6636),#64,.T.);
#7534=ADVANCED_FACE('',(#6637),#199,.T.);
#7535=ADVANCED_FACE('',(#6638),#200,.T.);
#7536=ADVANCED_FACE('',(#6639),#65,.T.);
#7537=ADVANCED_FACE('',(#6640),#66,.T.);
#7538=ADVANCED_FACE('',(#6641),#201,.T.);
#7539=ADVANCED_FACE('',(#6642),#202,.T.);
#7540=ADVANCED_FACE('',(#6643),#67,.T.);
#7541=ADVANCED_FACE('',(#6644),#203,.F.);
#7542=ADVANCED_FACE('',(#6645),#204,.F.);
#7543=ADVANCED_FACE('',(#6646),#205,.F.);
#7544=ADVANCED_FACE('',(#6647),#206,.F.);
#7545=ADVANCED_FACE('',(#6648),#207,.F.);
#7546=ADVANCED_FACE('',(#6649),#208,.F.);
#7547=ADVANCED_FACE('',(#6650),#209,.F.);
#7548=ADVANCED_FACE('',(#6651),#210,.F.);
#7549=ADVANCED_FACE('',(#6652),#211,.F.);
#7550=ADVANCED_FACE('',(#6653),#212,.F.);
#7551=ADVANCED_FACE('',(#6654),#213,.F.);
#7552=ADVANCED_FACE('',(#6655),#214,.F.);
#7553=ADVANCED_FACE('',(#6656),#215,.F.);
#7554=ADVANCED_FACE('',(#6657),#216,.F.);
#7555=ADVANCED_FACE('',(#6658),#217,.F.);
#7556=ADVANCED_FACE('',(#6659),#218,.F.);
#7557=ADVANCED_FACE('',(#6660),#219,.F.);
#7558=ADVANCED_FACE('',(#6661),#220,.F.);
#7559=ADVANCED_FACE('',(#6662),#221,.F.);
#7560=ADVANCED_FACE('',(#6663),#222,.F.);
#7561=ADVANCED_FACE('',(#6664),#223,.F.);
#7562=ADVANCED_FACE('',(#6665),#224,.F.);
#7563=ADVANCED_FACE('',(#6666),#225,.F.);
#7564=ADVANCED_FACE('',(#6667),#226,.F.);
#7565=ADVANCED_FACE('',(#6668),#227,.T.);
#7566=ADVANCED_FACE('',(#6669),#228,.T.);
#7567=ADVANCED_FACE('',(#6670),#229,.T.);
#7568=ADVANCED_FACE('',(#6671),#230,.T.);
#7569=ADVANCED_FACE('',(#6672),#6999,.T.);
#7570=ADVANCED_FACE('',(#6673),#7000,.F.);
#7571=ADVANCED_FACE('',(#6674),#7001,.F.);
#7572=ADVANCED_FACE('',(#6675),#7002,.T.);
#7573=ADVANCED_FACE('',(#6676),#7003,.F.);
#7574=ADVANCED_FACE('',(#6677),#7004,.F.);
#7575=ADVANCED_FACE('',(#6678),#231,.F.);
#7576=ADVANCED_FACE('',(#6679),#232,.F.);
#7577=ADVANCED_FACE('',(#6680),#233,.F.);
#7578=ADVANCED_FACE('',(#6681),#234,.F.);
#7579=ADVANCED_FACE('',(#6682),#235,.T.);
#7580=ADVANCED_FACE('',(#6683),#236,.T.);
#7581=ADVANCED_FACE('',(#6684),#237,.T.);
#7582=ADVANCED_FACE('',(#6685),#238,.T.);
#7583=ADVANCED_FACE('',(#6686),#239,.T.);
#7584=ADVANCED_FACE('',(#6687),#240,.T.);
#7585=ADVANCED_FACE('',(#6688),#241,.T.);
#7586=ADVANCED_FACE('',(#6689),#242,.T.);
#7587=ADVANCED_FACE('',(#6690),#243,.T.);
#7588=ADVANCED_FACE('',(#6691),#244,.T.);
#7589=ADVANCED_FACE('',(#6692),#245,.T.);
#7590=ADVANCED_FACE('',(#6693),#246,.T.);
#7591=ADVANCED_FACE('',(#6694),#247,.T.);
#7592=ADVANCED_FACE('',(#6695),#248,.T.);
#7593=ADVANCED_FACE('',(#6696),#249,.T.);
#7594=ADVANCED_FACE('',(#6697),#250,.T.);
#7595=ADVANCED_FACE('',(#6698),#251,.T.);
#7596=ADVANCED_FACE('',(#6699),#252,.T.);
#7597=ADVANCED_FACE('',(#6700),#253,.T.);
#7598=ADVANCED_FACE('',(#6701),#254,.T.);
#7599=ADVANCED_FACE('',(#6702),#255,.T.);
#7600=ADVANCED_FACE('',(#6703),#256,.T.);
#7601=ADVANCED_FACE('',(#6704),#257,.T.);
#7602=ADVANCED_FACE('',(#6705),#258,.T.);
#7603=ADVANCED_FACE('',(#6706),#7005,.F.);
#7604=ADVANCED_FACE('',(#6707),#7006,.F.);
#7605=ADVANCED_FACE('',(#6708),#7007,.T.);
#7606=ADVANCED_FACE('',(#6709),#7008,.T.);
#7607=ADVANCED_FACE('',(#6710),#7009,.T.);
#7608=ADVANCED_FACE('',(#6711),#7010,.T.);
#7609=ADVANCED_FACE('',(#6712),#7011,.T.);
#7610=ADVANCED_FACE('',(#6713),#7012,.T.);
#7611=ADVANCED_FACE('',(#6714),#7013,.T.);
#7612=ADVANCED_FACE('',(#6715),#7014,.T.);
#7613=ADVANCED_FACE('',(#6716,#6717,#6718,#6719),#7015,.F.);
#7614=ADVANCED_FACE('',(#6720),#7016,.F.);
#7615=ADVANCED_FACE('',(#6721),#7017,.T.);
#7616=ADVANCED_FACE('',(#6722),#7018,.F.);
#7617=ADVANCED_FACE('',(#6723),#7019,.T.);
#7618=ADVANCED_FACE('',(#6724),#7020,.F.);
#7619=ADVANCED_FACE('',(#6725),#7021,.F.);
#7620=ADVANCED_FACE('',(#6726),#7022,.F.);
#7621=ADVANCED_FACE('',(#6727),#7023,.F.);
#7622=ADVANCED_FACE('',(#6728),#7024,.T.);
#7623=ADVANCED_FACE('',(#6729),#7025,.T.);
#7624=ADVANCED_FACE('',(#6730),#7026,.F.);
#7625=ADVANCED_FACE('',(#6731),#7027,.F.);
#7626=ADVANCED_FACE('',(#6732),#7028,.T.);
#7627=ADVANCED_FACE('',(#6733),#7029,.F.);
#7628=ADVANCED_FACE('',(#6734),#7030,.F.);
#7629=ADVANCED_FACE('',(#6735),#7031,.F.);
#7630=ADVANCED_FACE('',(#6736),#7032,.F.);
#7631=ADVANCED_FACE('',(#6737),#7033,.T.);
#7632=ADVANCED_FACE('',(#6738),#7034,.T.);
#7633=ADVANCED_FACE('',(#6739),#7035,.F.);
#7634=ADVANCED_FACE('',(#6740),#7036,.F.);
#7635=ADVANCED_FACE('',(#6741),#7037,.T.);
#7636=ADVANCED_FACE('',(#6742),#7038,.T.);
#7637=ADVANCED_FACE('',(#6743),#7039,.T.);
#7638=ADVANCED_FACE('',(#6744),#7040,.F.);
#7639=ADVANCED_FACE('',(#6745),#7041,.F.);
#7640=ADVANCED_FACE('',(#6746),#7042,.F.);
#7641=ADVANCED_FACE('',(#6747),#7043,.F.);
#7642=ADVANCED_FACE('',(#6748),#7044,.F.);
#7643=ADVANCED_FACE('',(#6749),#7045,.F.);
#7644=ADVANCED_FACE('',(#6750),#7046,.T.);
#7645=ADVANCED_FACE('',(#6751),#7047,.T.);
#7646=ADVANCED_FACE('',(#6752),#7048,.T.);
#7647=ADVANCED_FACE('',(#6753),#7049,.F.);
#7648=ADVANCED_FACE('',(#6754),#7050,.F.);
#7649=ADVANCED_FACE('',(#6755),#7051,.F.);
#7650=ADVANCED_FACE('',(#6756),#7052,.F.);
#7651=ADVANCED_FACE('',(#6757),#7053,.F.);
#7652=ADVANCED_FACE('',(#6758),#7054,.T.);
#7653=ADVANCED_FACE('',(#6759),#7055,.F.);
#7654=ADVANCED_FACE('',(#6760),#7056,.F.);
#7655=ADVANCED_FACE('',(#6761),#7057,.F.);
#7656=ADVANCED_FACE('',(#6762),#7058,.T.);
#7657=ADVANCED_FACE('',(#6763),#7059,.F.);
#7658=ADVANCED_FACE('',(#6764),#7060,.F.);
#7659=ADVANCED_FACE('',(#6765),#7061,.F.);
#7660=ADVANCED_FACE('',(#6766),#7062,.T.);
#7661=ADVANCED_FACE('',(#6767),#7063,.F.);
#7662=ADVANCED_FACE('',(#6768),#7064,.F.);
#7663=ADVANCED_FACE('',(#6769),#7065,.F.);
#7664=ADVANCED_FACE('',(#6770),#7066,.T.);
#7665=ADVANCED_FACE('',(#6771),#7067,.F.);
#7666=ADVANCED_FACE('',(#6772),#7068,.F.);
#7667=ADVANCED_FACE('',(#6773),#7069,.F.);
#7668=ADVANCED_FACE('',(#6774),#7070,.F.);
#7669=ADVANCED_FACE('',(#6775),#7071,.T.);
#7670=ADVANCED_FACE('',(#6776),#7072,.T.);
#7671=ADVANCED_FACE('',(#6777),#7073,.F.);
#7672=ADVANCED_FACE('',(#6778),#7074,.T.);
#7673=ADVANCED_FACE('',(#6779),#7075,.F.);
#7674=ADVANCED_FACE('',(#6780),#7076,.F.);
#7675=ADVANCED_FACE('',(#6781),#7077,.T.);
#7676=ADVANCED_FACE('',(#6782),#7078,.F.);
#7677=ADVANCED_FACE('',(#6783),#7079,.T.);
#7678=ADVANCED_FACE('',(#6784),#7080,.T.);
#7679=ADVANCED_FACE('',(#6785),#7081,.T.);
#7680=ADVANCED_FACE('',(#6786),#7082,.F.);
#7681=ADVANCED_FACE('',(#6787),#7083,.F.);
#7682=ADVANCED_FACE('',(#6788),#7084,.F.);
#7683=ADVANCED_FACE('',(#6789),#7085,.F.);
#7684=ADVANCED_FACE('',(#6790),#7086,.T.);
#7685=ADVANCED_FACE('',(#6791),#7087,.T.);
#7686=ADVANCED_FACE('',(#6792),#7088,.T.);
#7687=ADVANCED_FACE('',(#6793),#7089,.F.);
#7688=ADVANCED_FACE('',(#6794),#7090,.F.);
#7689=ADVANCED_FACE('',(#6795),#7091,.F.);
#7690=ADVANCED_FACE('',(#6796),#7092,.F.);
#7691=ADVANCED_FACE('',(#6797),#7093,.F.);
#7692=ADVANCED_FACE('',(#6798),#7094,.F.);
#7693=ADVANCED_FACE('',(#6799,#6800,#6801),#7095,.T.);
#7694=ADVANCED_FACE('',(#6802),#7096,.T.);
#7695=ADVANCED_FACE('',(#6803,#6804,#6805),#7097,.T.);
#7696=ADVANCED_FACE('',(#6806,#6807),#7098,.T.);
#7697=ADVANCED_FACE('',(#6808,#6809,#6810,#6811,#6812,#6813,#6814,#6815,
#6816,#6817,#6818,#6819,#6820,#6821),#7099,.F.);
#7698=ADVANCED_FACE('',(#6822,#6823),#68,.T.);
#7699=ADVANCED_FACE('',(#6824,#6825),#69,.T.);
#7700=ADVANCED_FACE('',(#6826,#6827),#70,.T.);
#7701=ADVANCED_FACE('',(#6828,#6829),#71,.T.);
#7702=ADVANCED_FACE('',(#6830,#6831),#259,.T.);
#7703=ADVANCED_FACE('',(#6832,#6833),#260,.T.);
#7704=ADVANCED_FACE('',(#6834,#6835),#261,.T.);
#7705=ADVANCED_FACE('',(#6836,#6837),#262,.T.);
#7706=ADVANCED_FACE('',(#6838,#6839),#263,.T.);
#7707=ADVANCED_FACE('',(#6840,#6841),#264,.T.);
#7708=ADVANCED_FACE('',(#6842,#6843),#72,.T.);
#7709=ADVANCED_FACE('',(#6844,#6845),#73,.T.);
#7710=CLOSED_SHELL('',(#7279,#7280,#7281,#7282,#7283,#7284,#7285,#7286,
#7287,#7288,#7289,#7290,#7291,#7292,#7293,#7294,#7295,#7296,#7297,#7298,
#7299,#7300,#7301,#7302,#7303,#7304,#7305,#7306,#7307,#7308,#7309,#7310,
#7311,#7312,#7313,#7314,#7315,#7316,#7317,#7318,#7319,#7320,#7321,#7322,
#7323,#7324,#7325,#7326,#7327,#7328,#7329,#7330,#7331,#7332,#7333,#7334,
#7335,#7336,#7337,#7338,#7339,#7340,#7341,#7342,#7343,#7344,#7345,#7346,
#7347,#7348,#7349,#7350,#7351,#7352,#7353,#7354,#7355,#7356,#7357,#7358,
#7359,#7360,#7361,#7362,#7363,#7364,#7365,#7366,#7367,#7368,#7369,#7370,
#7371,#7372,#7373,#7374,#7375,#7376,#7377,#7378,#7379,#7380,#7381,#7382,
#7383,#7384,#7385,#7386,#7387,#7388,#7389,#7390,#7391,#7392,#7393,#7394,
#7395,#7396,#7397,#7398,#7399,#7400,#7401,#7402,#7403,#7404,#7405,#7406,
#7407,#7408,#7409,#7410,#7411,#7412,#7413,#7414,#7415,#7416,#7417,#7418,
#7419,#7420,#7421,#7422,#7423,#7424,#7425,#7426,#7427,#7428,#7429,#7430,
#7431,#7432,#7433,#7434,#7435,#7436,#7437,#7438,#7439,#7440,#7441,#7442,
#7443,#7444,#7445,#7446,#7447,#7448,#7449,#7450,#7451,#7452,#7453,#7454,
#7455,#7456,#7457,#7458,#7459,#7460,#7461,#7462,#7463,#7464,#7465,#7466,
#7467,#7468,#7469,#7470,#7471,#7472,#7473,#7474,#7475,#7476,#7477,#7478,
#7479,#7480,#7481,#7482,#7483,#7484,#7485,#7486,#7487,#7488,#7489,#7490,
#7491,#7492,#7493,#7494,#7495,#7496,#7497,#7498,#7499,#7500,#7501,#7502,
#7503,#7504,#7505,#7506,#7507,#7508,#7509,#7510,#7511,#7512,#7513,#7514,
#7515,#7516,#7517,#7518,#7519,#7520,#7521,#7522,#7523,#7524,#7525,#7526,
#7527,#7528,#7529,#7530,#7531,#7532,#7533,#7534,#7535,#7536,#7537,#7538,
#7539,#7540,#7541,#7542,#7543,#7544,#7545,#7546,#7547,#7548,#7549,#7550,
#7551,#7552,#7553,#7554,#7555,#7556,#7557,#7558,#7559,#7560,#7561,#7562,
#7563,#7564,#7565,#7566,#7567,#7568,#7569,#7570,#7571,#7572,#7573,#7574,
#7575,#7576,#7577,#7578,#7579,#7580,#7581,#7582,#7583,#7584,#7585,#7586,
#7587,#7588,#7589,#7590,#7591,#7592,#7593,#7594,#7595,#7596,#7597,#7598,
#7599,#7600,#7601,#7602,#7603,#7604,#7605,#7606,#7607,#7608,#7609,#7610,
#7611,#7612,#7613,#7614,#7615,#7616,#7617,#7618,#7619,#7620,#7621,#7622,
#7623,#7624,#7625,#7626,#7627,#7628,#7629,#7630,#7631,#7632,#7633,#7634,
#7635,#7636,#7637,#7638,#7639,#7640,#7641,#7642,#7643,#7644,#7645,#7646,
#7647,#7648,#7649,#7650,#7651,#7652,#7653,#7654,#7655,#7656,#7657,#7658,
#7659,#7660,#7661,#7662,#7663,#7664,#7665,#7666,#7667,#7668,#7669,#7670,
#7671,#7672,#7673,#7674,#7675,#7676,#7677,#7678,#7679,#7680,#7681,#7682,
#7683,#7684,#7685,#7686,#7687,#7688,#7689,#7690,#7691,#7692,#7693,#7694,
#7695,#7696,#7697,#7698,#7699,#7700,#7701,#7702,#7703,#7704,#7705,#7706,
#7707,#7708,#7709));
#7711=STYLED_ITEM('',(#7712),#8781);
#7712=PRESENTATION_STYLE_ASSIGNMENT((#7890));
#7713=PRESENTATION_STYLE_ASSIGNMENT((#7891));
#7714=PRESENTATION_STYLE_ASSIGNMENT((#7892));
#7715=PRESENTATION_STYLE_ASSIGNMENT((#7893));
#7716=PRESENTATION_STYLE_ASSIGNMENT((#7894));
#7717=PRESENTATION_STYLE_ASSIGNMENT((#7895));
#7718=PRESENTATION_STYLE_ASSIGNMENT((#7896));
#7719=PRESENTATION_STYLE_ASSIGNMENT((#7897));
#7720=PRESENTATION_STYLE_ASSIGNMENT((#7898));
#7721=PRESENTATION_STYLE_ASSIGNMENT((#7899));
#7722=PRESENTATION_STYLE_ASSIGNMENT((#7900));
#7723=PRESENTATION_STYLE_ASSIGNMENT((#7901));
#7724=PRESENTATION_STYLE_ASSIGNMENT((#7902));
#7725=PRESENTATION_STYLE_ASSIGNMENT((#7903));
#7726=PRESENTATION_STYLE_ASSIGNMENT((#7904));
#7727=PRESENTATION_STYLE_ASSIGNMENT((#7905));
#7728=PRESENTATION_STYLE_ASSIGNMENT((#7906));
#7729=PRESENTATION_STYLE_ASSIGNMENT((#7907));
#7730=PRESENTATION_STYLE_ASSIGNMENT((#7908));
#7731=PRESENTATION_STYLE_ASSIGNMENT((#7909));
#7732=PRESENTATION_STYLE_ASSIGNMENT((#7910));
#7733=PRESENTATION_STYLE_ASSIGNMENT((#7911));
#7734=PRESENTATION_STYLE_ASSIGNMENT((#7912));
#7735=PRESENTATION_STYLE_ASSIGNMENT((#7913));
#7736=PRESENTATION_STYLE_ASSIGNMENT((#7914));
#7737=PRESENTATION_STYLE_ASSIGNMENT((#7915));
#7738=PRESENTATION_STYLE_ASSIGNMENT((#7916));
#7739=PRESENTATION_STYLE_ASSIGNMENT((#7917));
#7740=PRESENTATION_STYLE_ASSIGNMENT((#7918));
#7741=PRESENTATION_STYLE_ASSIGNMENT((#7919));
#7742=PRESENTATION_STYLE_ASSIGNMENT((#7920));
#7743=PRESENTATION_STYLE_ASSIGNMENT((#7921));
#7744=PRESENTATION_STYLE_ASSIGNMENT((#7922));
#7745=PRESENTATION_STYLE_ASSIGNMENT((#7923));
#7746=PRESENTATION_STYLE_ASSIGNMENT((#7924));
#7747=PRESENTATION_STYLE_ASSIGNMENT((#7925));
#7748=PRESENTATION_STYLE_ASSIGNMENT((#7926));
#7749=PRESENTATION_STYLE_ASSIGNMENT((#7927));
#7750=PRESENTATION_STYLE_ASSIGNMENT((#7928));
#7751=PRESENTATION_STYLE_ASSIGNMENT((#7929));
#7752=PRESENTATION_STYLE_ASSIGNMENT((#7930));
#7753=PRESENTATION_STYLE_ASSIGNMENT((#7931));
#7754=PRESENTATION_STYLE_ASSIGNMENT((#7932));
#7755=PRESENTATION_STYLE_ASSIGNMENT((#7933));
#7756=PRESENTATION_STYLE_ASSIGNMENT((#7934));
#7757=PRESENTATION_STYLE_ASSIGNMENT((#7935));
#7758=PRESENTATION_STYLE_ASSIGNMENT((#7936));
#7759=PRESENTATION_STYLE_ASSIGNMENT((#7937));
#7760=PRESENTATION_STYLE_ASSIGNMENT((#7938));
#7761=PRESENTATION_STYLE_ASSIGNMENT((#7939));
#7762=PRESENTATION_STYLE_ASSIGNMENT((#7940));
#7763=PRESENTATION_STYLE_ASSIGNMENT((#7941));
#7764=PRESENTATION_STYLE_ASSIGNMENT((#7942));
#7765=PRESENTATION_STYLE_ASSIGNMENT((#7943));
#7766=PRESENTATION_STYLE_ASSIGNMENT((#7944));
#7767=PRESENTATION_STYLE_ASSIGNMENT((#7945));
#7768=PRESENTATION_STYLE_ASSIGNMENT((#7946));
#7769=PRESENTATION_STYLE_ASSIGNMENT((#7947));
#7770=PRESENTATION_STYLE_ASSIGNMENT((#7948));
#7771=PRESENTATION_STYLE_ASSIGNMENT((#7949));
#7772=PRESENTATION_STYLE_ASSIGNMENT((#7950));
#7773=PRESENTATION_STYLE_ASSIGNMENT((#7951));
#7774=PRESENTATION_STYLE_ASSIGNMENT((#7952));
#7775=PRESENTATION_STYLE_ASSIGNMENT((#7953));
#7776=PRESENTATION_STYLE_ASSIGNMENT((#7954));
#7777=PRESENTATION_STYLE_ASSIGNMENT((#7955));
#7778=PRESENTATION_STYLE_ASSIGNMENT((#7956));
#7779=PRESENTATION_STYLE_ASSIGNMENT((#7957));
#7780=PRESENTATION_STYLE_ASSIGNMENT((#7958));
#7781=PRESENTATION_STYLE_ASSIGNMENT((#7959));
#7782=PRESENTATION_STYLE_ASSIGNMENT((#7960));
#7783=PRESENTATION_STYLE_ASSIGNMENT((#7961));
#7784=PRESENTATION_STYLE_ASSIGNMENT((#7962));
#7785=PRESENTATION_STYLE_ASSIGNMENT((#7963));
#7786=PRESENTATION_STYLE_ASSIGNMENT((#7964));
#7787=PRESENTATION_STYLE_ASSIGNMENT((#7965));
#7788=PRESENTATION_STYLE_ASSIGNMENT((#7966));
#7789=PRESENTATION_STYLE_ASSIGNMENT((#7967));
#7790=PRESENTATION_STYLE_ASSIGNMENT((#7968));
#7791=PRESENTATION_STYLE_ASSIGNMENT((#7969));
#7792=PRESENTATION_STYLE_ASSIGNMENT((#7970));
#7793=PRESENTATION_STYLE_ASSIGNMENT((#7971));
#7794=PRESENTATION_STYLE_ASSIGNMENT((#7972));
#7795=PRESENTATION_STYLE_ASSIGNMENT((#7973));
#7796=PRESENTATION_STYLE_ASSIGNMENT((#7974));
#7797=PRESENTATION_STYLE_ASSIGNMENT((#7975));
#7798=PRESENTATION_STYLE_ASSIGNMENT((#7976));
#7799=PRESENTATION_STYLE_ASSIGNMENT((#7977));
#7800=PRESENTATION_STYLE_ASSIGNMENT((#7978));
#7801=PRESENTATION_STYLE_ASSIGNMENT((#7979));
#7802=PRESENTATION_STYLE_ASSIGNMENT((#7980));
#7803=PRESENTATION_STYLE_ASSIGNMENT((#7981));
#7804=PRESENTATION_STYLE_ASSIGNMENT((#7982));
#7805=PRESENTATION_STYLE_ASSIGNMENT((#7983));
#7806=PRESENTATION_STYLE_ASSIGNMENT((#7984));
#7807=PRESENTATION_STYLE_ASSIGNMENT((#7985));
#7808=PRESENTATION_STYLE_ASSIGNMENT((#7986));
#7809=PRESENTATION_STYLE_ASSIGNMENT((#7987));
#7810=PRESENTATION_STYLE_ASSIGNMENT((#7988));
#7811=PRESENTATION_STYLE_ASSIGNMENT((#7989));
#7812=PRESENTATION_STYLE_ASSIGNMENT((#7990));
#7813=PRESENTATION_STYLE_ASSIGNMENT((#7991));
#7814=PRESENTATION_STYLE_ASSIGNMENT((#7992));
#7815=PRESENTATION_STYLE_ASSIGNMENT((#7993));
#7816=PRESENTATION_STYLE_ASSIGNMENT((#7994));
#7817=PRESENTATION_STYLE_ASSIGNMENT((#7995));
#7818=PRESENTATION_STYLE_ASSIGNMENT((#7996));
#7819=PRESENTATION_STYLE_ASSIGNMENT((#7997));
#7820=PRESENTATION_STYLE_ASSIGNMENT((#7998));
#7821=PRESENTATION_STYLE_ASSIGNMENT((#7999));
#7822=PRESENTATION_STYLE_ASSIGNMENT((#8000));
#7823=PRESENTATION_STYLE_ASSIGNMENT((#8001));
#7824=PRESENTATION_STYLE_ASSIGNMENT((#8002));
#7825=PRESENTATION_STYLE_ASSIGNMENT((#8003));
#7826=PRESENTATION_STYLE_ASSIGNMENT((#8004));
#7827=PRESENTATION_STYLE_ASSIGNMENT((#8005));
#7828=PRESENTATION_STYLE_ASSIGNMENT((#8006));
#7829=PRESENTATION_STYLE_ASSIGNMENT((#8007));
#7830=PRESENTATION_STYLE_ASSIGNMENT((#8008));
#7831=PRESENTATION_STYLE_ASSIGNMENT((#8009));
#7832=PRESENTATION_STYLE_ASSIGNMENT((#8010));
#7833=PRESENTATION_STYLE_ASSIGNMENT((#8011));
#7834=PRESENTATION_STYLE_ASSIGNMENT((#8012));
#7835=PRESENTATION_STYLE_ASSIGNMENT((#8013));
#7836=PRESENTATION_STYLE_ASSIGNMENT((#8014));
#7837=PRESENTATION_STYLE_ASSIGNMENT((#8015));
#7838=PRESENTATION_STYLE_ASSIGNMENT((#8016));
#7839=PRESENTATION_STYLE_ASSIGNMENT((#8017));
#7840=PRESENTATION_STYLE_ASSIGNMENT((#8018));
#7841=PRESENTATION_STYLE_ASSIGNMENT((#8019));
#7842=PRESENTATION_STYLE_ASSIGNMENT((#8020));
#7843=PRESENTATION_STYLE_ASSIGNMENT((#8021));
#7844=PRESENTATION_STYLE_ASSIGNMENT((#8022));
#7845=PRESENTATION_STYLE_ASSIGNMENT((#8023));
#7846=PRESENTATION_STYLE_ASSIGNMENT((#8024));
#7847=PRESENTATION_STYLE_ASSIGNMENT((#8025));
#7848=PRESENTATION_STYLE_ASSIGNMENT((#8026));
#7849=PRESENTATION_STYLE_ASSIGNMENT((#8027));
#7850=PRESENTATION_STYLE_ASSIGNMENT((#8028));
#7851=PRESENTATION_STYLE_ASSIGNMENT((#8029));
#7852=PRESENTATION_STYLE_ASSIGNMENT((#8030));
#7853=PRESENTATION_STYLE_ASSIGNMENT((#8031));
#7854=PRESENTATION_STYLE_ASSIGNMENT((#8032));
#7855=PRESENTATION_STYLE_ASSIGNMENT((#8033));
#7856=PRESENTATION_STYLE_ASSIGNMENT((#8034));
#7857=PRESENTATION_STYLE_ASSIGNMENT((#8035));
#7858=PRESENTATION_STYLE_ASSIGNMENT((#8036));
#7859=PRESENTATION_STYLE_ASSIGNMENT((#8037));
#7860=PRESENTATION_STYLE_ASSIGNMENT((#8038));
#7861=PRESENTATION_STYLE_ASSIGNMENT((#8039));
#7862=PRESENTATION_STYLE_ASSIGNMENT((#8040));
#7863=PRESENTATION_STYLE_ASSIGNMENT((#8041));
#7864=PRESENTATION_STYLE_ASSIGNMENT((#8042));
#7865=PRESENTATION_STYLE_ASSIGNMENT((#8043));
#7866=PRESENTATION_STYLE_ASSIGNMENT((#8044));
#7867=PRESENTATION_STYLE_ASSIGNMENT((#8045));
#7868=PRESENTATION_STYLE_ASSIGNMENT((#8046));
#7869=PRESENTATION_STYLE_ASSIGNMENT((#8047));
#7870=PRESENTATION_STYLE_ASSIGNMENT((#8048));
#7871=PRESENTATION_STYLE_ASSIGNMENT((#8049));
#7872=PRESENTATION_STYLE_ASSIGNMENT((#8050));
#7873=PRESENTATION_STYLE_ASSIGNMENT((#8051));
#7874=PRESENTATION_STYLE_ASSIGNMENT((#8052));
#7875=PRESENTATION_STYLE_ASSIGNMENT((#8053));
#7876=PRESENTATION_STYLE_ASSIGNMENT((#8054));
#7877=PRESENTATION_STYLE_ASSIGNMENT((#8055));
#7878=PRESENTATION_STYLE_ASSIGNMENT((#8056));
#7879=PRESENTATION_STYLE_ASSIGNMENT((#8057));
#7880=PRESENTATION_STYLE_ASSIGNMENT((#8058));
#7881=PRESENTATION_STYLE_ASSIGNMENT((#8059));
#7882=PRESENTATION_STYLE_ASSIGNMENT((#8060));
#7883=PRESENTATION_STYLE_ASSIGNMENT((#8061));
#7884=PRESENTATION_STYLE_ASSIGNMENT((#8062));
#7885=PRESENTATION_STYLE_ASSIGNMENT((#8063));
#7886=PRESENTATION_STYLE_ASSIGNMENT((#8064));
#7887=PRESENTATION_STYLE_ASSIGNMENT((#8065));
#7888=PRESENTATION_STYLE_ASSIGNMENT((#8066));
#7889=PRESENTATION_STYLE_ASSIGNMENT((#8067));
#7890=SURFACE_STYLE_USAGE(.BOTH.,#8068);
#7891=SURFACE_STYLE_USAGE(.BOTH.,#8069);
#7892=SURFACE_STYLE_USAGE(.BOTH.,#8070);
#7893=SURFACE_STYLE_USAGE(.BOTH.,#8071);
#7894=SURFACE_STYLE_USAGE(.BOTH.,#8072);
#7895=SURFACE_STYLE_USAGE(.BOTH.,#8073);
#7896=SURFACE_STYLE_USAGE(.BOTH.,#8074);
#7897=SURFACE_STYLE_USAGE(.BOTH.,#8075);
#7898=SURFACE_STYLE_USAGE(.BOTH.,#8076);
#7899=SURFACE_STYLE_USAGE(.BOTH.,#8077);
#7900=SURFACE_STYLE_USAGE(.BOTH.,#8078);
#7901=SURFACE_STYLE_USAGE(.BOTH.,#8079);
#7902=SURFACE_STYLE_USAGE(.BOTH.,#8080);
#7903=SURFACE_STYLE_USAGE(.BOTH.,#8081);
#7904=SURFACE_STYLE_USAGE(.BOTH.,#8082);
#7905=SURFACE_STYLE_USAGE(.BOTH.,#8083);
#7906=SURFACE_STYLE_USAGE(.BOTH.,#8084);
#7907=SURFACE_STYLE_USAGE(.BOTH.,#8085);
#7908=SURFACE_STYLE_USAGE(.BOTH.,#8086);
#7909=SURFACE_STYLE_USAGE(.BOTH.,#8087);
#7910=SURFACE_STYLE_USAGE(.BOTH.,#8088);
#7911=SURFACE_STYLE_USAGE(.BOTH.,#8089);
#7912=SURFACE_STYLE_USAGE(.BOTH.,#8090);
#7913=SURFACE_STYLE_USAGE(.BOTH.,#8091);
#7914=SURFACE_STYLE_USAGE(.BOTH.,#8092);
#7915=SURFACE_STYLE_USAGE(.BOTH.,#8093);
#7916=SURFACE_STYLE_USAGE(.BOTH.,#8094);
#7917=SURFACE_STYLE_USAGE(.BOTH.,#8095);
#7918=SURFACE_STYLE_USAGE(.BOTH.,#8096);
#7919=SURFACE_STYLE_USAGE(.BOTH.,#8097);
#7920=SURFACE_STYLE_USAGE(.BOTH.,#8098);
#7921=SURFACE_STYLE_USAGE(.BOTH.,#8099);
#7922=SURFACE_STYLE_USAGE(.BOTH.,#8100);
#7923=SURFACE_STYLE_USAGE(.BOTH.,#8101);
#7924=SURFACE_STYLE_USAGE(.BOTH.,#8102);
#7925=SURFACE_STYLE_USAGE(.BOTH.,#8103);
#7926=SURFACE_STYLE_USAGE(.BOTH.,#8104);
#7927=SURFACE_STYLE_USAGE(.BOTH.,#8105);
#7928=SURFACE_STYLE_USAGE(.BOTH.,#8106);
#7929=SURFACE_STYLE_USAGE(.BOTH.,#8107);
#7930=SURFACE_STYLE_USAGE(.BOTH.,#8108);
#7931=SURFACE_STYLE_USAGE(.BOTH.,#8109);
#7932=SURFACE_STYLE_USAGE(.BOTH.,#8110);
#7933=SURFACE_STYLE_USAGE(.BOTH.,#8111);
#7934=SURFACE_STYLE_USAGE(.BOTH.,#8112);
#7935=SURFACE_STYLE_USAGE(.BOTH.,#8113);
#7936=SURFACE_STYLE_USAGE(.BOTH.,#8114);
#7937=SURFACE_STYLE_USAGE(.BOTH.,#8115);
#7938=SURFACE_STYLE_USAGE(.BOTH.,#8116);
#7939=SURFACE_STYLE_USAGE(.BOTH.,#8117);
#7940=SURFACE_STYLE_USAGE(.BOTH.,#8118);
#7941=SURFACE_STYLE_USAGE(.BOTH.,#8119);
#7942=SURFACE_STYLE_USAGE(.BOTH.,#8120);
#7943=SURFACE_STYLE_USAGE(.BOTH.,#8121);
#7944=SURFACE_STYLE_USAGE(.BOTH.,#8122);
#7945=SURFACE_STYLE_USAGE(.BOTH.,#8123);
#7946=SURFACE_STYLE_USAGE(.BOTH.,#8124);
#7947=SURFACE_STYLE_USAGE(.BOTH.,#8125);
#7948=SURFACE_STYLE_USAGE(.BOTH.,#8126);
#7949=SURFACE_STYLE_USAGE(.BOTH.,#8127);
#7950=SURFACE_STYLE_USAGE(.BOTH.,#8128);
#7951=SURFACE_STYLE_USAGE(.BOTH.,#8129);
#7952=SURFACE_STYLE_USAGE(.BOTH.,#8130);
#7953=SURFACE_STYLE_USAGE(.BOTH.,#8131);
#7954=SURFACE_STYLE_USAGE(.BOTH.,#8132);
#7955=SURFACE_STYLE_USAGE(.BOTH.,#8133);
#7956=SURFACE_STYLE_USAGE(.BOTH.,#8134);
#7957=SURFACE_STYLE_USAGE(.BOTH.,#8135);
#7958=SURFACE_STYLE_USAGE(.BOTH.,#8136);
#7959=SURFACE_STYLE_USAGE(.BOTH.,#8137);
#7960=SURFACE_STYLE_USAGE(.BOTH.,#8138);
#7961=SURFACE_STYLE_USAGE(.BOTH.,#8139);
#7962=SURFACE_STYLE_USAGE(.BOTH.,#8140);
#7963=SURFACE_STYLE_USAGE(.BOTH.,#8141);
#7964=SURFACE_STYLE_USAGE(.BOTH.,#8142);
#7965=SURFACE_STYLE_USAGE(.BOTH.,#8143);
#7966=SURFACE_STYLE_USAGE(.BOTH.,#8144);
#7967=SURFACE_STYLE_USAGE(.BOTH.,#8145);
#7968=SURFACE_STYLE_USAGE(.BOTH.,#8146);
#7969=SURFACE_STYLE_USAGE(.BOTH.,#8147);
#7970=SURFACE_STYLE_USAGE(.BOTH.,#8148);
#7971=SURFACE_STYLE_USAGE(.BOTH.,#8149);
#7972=SURFACE_STYLE_USAGE(.BOTH.,#8150);
#7973=SURFACE_STYLE_USAGE(.BOTH.,#8151);
#7974=SURFACE_STYLE_USAGE(.BOTH.,#8152);
#7975=SURFACE_STYLE_USAGE(.BOTH.,#8153);
#7976=SURFACE_STYLE_USAGE(.BOTH.,#8154);
#7977=SURFACE_STYLE_USAGE(.BOTH.,#8155);
#7978=SURFACE_STYLE_USAGE(.BOTH.,#8156);
#7979=SURFACE_STYLE_USAGE(.BOTH.,#8157);
#7980=SURFACE_STYLE_USAGE(.BOTH.,#8158);
#7981=SURFACE_STYLE_USAGE(.BOTH.,#8159);
#7982=SURFACE_STYLE_USAGE(.BOTH.,#8160);
#7983=SURFACE_STYLE_USAGE(.BOTH.,#8161);
#7984=SURFACE_STYLE_USAGE(.BOTH.,#8162);
#7985=SURFACE_STYLE_USAGE(.BOTH.,#8163);
#7986=SURFACE_STYLE_USAGE(.BOTH.,#8164);
#7987=SURFACE_STYLE_USAGE(.BOTH.,#8165);
#7988=SURFACE_STYLE_USAGE(.BOTH.,#8166);
#7989=SURFACE_STYLE_USAGE(.BOTH.,#8167);
#7990=SURFACE_STYLE_USAGE(.BOTH.,#8168);
#7991=SURFACE_STYLE_USAGE(.BOTH.,#8169);
#7992=SURFACE_STYLE_USAGE(.BOTH.,#8170);
#7993=SURFACE_STYLE_USAGE(.BOTH.,#8171);
#7994=SURFACE_STYLE_USAGE(.BOTH.,#8172);
#7995=SURFACE_STYLE_USAGE(.BOTH.,#8173);
#7996=SURFACE_STYLE_USAGE(.BOTH.,#8174);
#7997=SURFACE_STYLE_USAGE(.BOTH.,#8175);
#7998=SURFACE_STYLE_USAGE(.BOTH.,#8176);
#7999=SURFACE_STYLE_USAGE(.BOTH.,#8177);
#8000=SURFACE_STYLE_USAGE(.BOTH.,#8178);
#8001=SURFACE_STYLE_USAGE(.BOTH.,#8179);
#8002=SURFACE_STYLE_USAGE(.BOTH.,#8180);
#8003=SURFACE_STYLE_USAGE(.BOTH.,#8181);
#8004=SURFACE_STYLE_USAGE(.BOTH.,#8182);
#8005=SURFACE_STYLE_USAGE(.BOTH.,#8183);
#8006=SURFACE_STYLE_USAGE(.BOTH.,#8184);
#8007=SURFACE_STYLE_USAGE(.BOTH.,#8185);
#8008=SURFACE_STYLE_USAGE(.BOTH.,#8186);
#8009=SURFACE_STYLE_USAGE(.BOTH.,#8187);
#8010=SURFACE_STYLE_USAGE(.BOTH.,#8188);
#8011=SURFACE_STYLE_USAGE(.BOTH.,#8189);
#8012=SURFACE_STYLE_USAGE(.BOTH.,#8190);
#8013=SURFACE_STYLE_USAGE(.BOTH.,#8191);
#8014=SURFACE_STYLE_USAGE(.BOTH.,#8192);
#8015=SURFACE_STYLE_USAGE(.BOTH.,#8193);
#8016=SURFACE_STYLE_USAGE(.BOTH.,#8194);
#8017=SURFACE_STYLE_USAGE(.BOTH.,#8195);
#8018=SURFACE_STYLE_USAGE(.BOTH.,#8196);
#8019=SURFACE_STYLE_USAGE(.BOTH.,#8197);
#8020=SURFACE_STYLE_USAGE(.BOTH.,#8198);
#8021=SURFACE_STYLE_USAGE(.BOTH.,#8199);
#8022=SURFACE_STYLE_USAGE(.BOTH.,#8200);
#8023=SURFACE_STYLE_USAGE(.BOTH.,#8201);
#8024=SURFACE_STYLE_USAGE(.BOTH.,#8202);
#8025=SURFACE_STYLE_USAGE(.BOTH.,#8203);
#8026=SURFACE_STYLE_USAGE(.BOTH.,#8204);
#8027=SURFACE_STYLE_USAGE(.BOTH.,#8205);
#8028=SURFACE_STYLE_USAGE(.BOTH.,#8206);
#8029=SURFACE_STYLE_USAGE(.BOTH.,#8207);
#8030=SURFACE_STYLE_USAGE(.BOTH.,#8208);
#8031=SURFACE_STYLE_USAGE(.BOTH.,#8209);
#8032=SURFACE_STYLE_USAGE(.BOTH.,#8210);
#8033=SURFACE_STYLE_USAGE(.BOTH.,#8211);
#8034=SURFACE_STYLE_USAGE(.BOTH.,#8212);
#8035=SURFACE_STYLE_USAGE(.BOTH.,#8213);
#8036=SURFACE_STYLE_USAGE(.BOTH.,#8214);
#8037=SURFACE_STYLE_USAGE(.BOTH.,#8215);
#8038=SURFACE_STYLE_USAGE(.BOTH.,#8216);
#8039=SURFACE_STYLE_USAGE(.BOTH.,#8217);
#8040=SURFACE_STYLE_USAGE(.BOTH.,#8218);
#8041=SURFACE_STYLE_USAGE(.BOTH.,#8219);
#8042=SURFACE_STYLE_USAGE(.BOTH.,#8220);
#8043=SURFACE_STYLE_USAGE(.BOTH.,#8221);
#8044=SURFACE_STYLE_USAGE(.BOTH.,#8222);
#8045=SURFACE_STYLE_USAGE(.BOTH.,#8223);
#8046=SURFACE_STYLE_USAGE(.BOTH.,#8224);
#8047=SURFACE_STYLE_USAGE(.BOTH.,#8225);
#8048=SURFACE_STYLE_USAGE(.BOTH.,#8226);
#8049=SURFACE_STYLE_USAGE(.BOTH.,#8227);
#8050=SURFACE_STYLE_USAGE(.BOTH.,#8228);
#8051=SURFACE_STYLE_USAGE(.BOTH.,#8229);
#8052=SURFACE_STYLE_USAGE(.BOTH.,#8230);
#8053=SURFACE_STYLE_USAGE(.BOTH.,#8231);
#8054=SURFACE_STYLE_USAGE(.BOTH.,#8232);
#8055=SURFACE_STYLE_USAGE(.BOTH.,#8233);
#8056=SURFACE_STYLE_USAGE(.BOTH.,#8234);
#8057=SURFACE_STYLE_USAGE(.BOTH.,#8235);
#8058=SURFACE_STYLE_USAGE(.BOTH.,#8236);
#8059=SURFACE_STYLE_USAGE(.BOTH.,#8237);
#8060=SURFACE_STYLE_USAGE(.BOTH.,#8238);
#8061=SURFACE_STYLE_USAGE(.BOTH.,#8239);
#8062=SURFACE_STYLE_USAGE(.BOTH.,#8240);
#8063=SURFACE_STYLE_USAGE(.BOTH.,#8241);
#8064=SURFACE_STYLE_USAGE(.BOTH.,#8242);
#8065=SURFACE_STYLE_USAGE(.BOTH.,#8243);
#8066=SURFACE_STYLE_USAGE(.BOTH.,#8244);
#8067=SURFACE_STYLE_USAGE(.BOTH.,#8245);
#8068=SURFACE_SIDE_STYLE('',(#8246));
#8069=SURFACE_SIDE_STYLE('',(#8247));
#8070=SURFACE_SIDE_STYLE('',(#8248));
#8071=SURFACE_SIDE_STYLE('',(#8249));
#8072=SURFACE_SIDE_STYLE('',(#8250));
#8073=SURFACE_SIDE_STYLE('',(#8251));
#8074=SURFACE_SIDE_STYLE('',(#8252));
#8075=SURFACE_SIDE_STYLE('',(#8253));
#8076=SURFACE_SIDE_STYLE('',(#8254));
#8077=SURFACE_SIDE_STYLE('',(#8255));
#8078=SURFACE_SIDE_STYLE('',(#8256));
#8079=SURFACE_SIDE_STYLE('',(#8257));
#8080=SURFACE_SIDE_STYLE('',(#8258));
#8081=SURFACE_SIDE_STYLE('',(#8259));
#8082=SURFACE_SIDE_STYLE('',(#8260));
#8083=SURFACE_SIDE_STYLE('',(#8261));
#8084=SURFACE_SIDE_STYLE('',(#8262));
#8085=SURFACE_SIDE_STYLE('',(#8263));
#8086=SURFACE_SIDE_STYLE('',(#8264));
#8087=SURFACE_SIDE_STYLE('',(#8265));
#8088=SURFACE_SIDE_STYLE('',(#8266));
#8089=SURFACE_SIDE_STYLE('',(#8267));
#8090=SURFACE_SIDE_STYLE('',(#8268));
#8091=SURFACE_SIDE_STYLE('',(#8269));
#8092=SURFACE_SIDE_STYLE('',(#8270));
#8093=SURFACE_SIDE_STYLE('',(#8271));
#8094=SURFACE_SIDE_STYLE('',(#8272));
#8095=SURFACE_SIDE_STYLE('',(#8273));
#8096=SURFACE_SIDE_STYLE('',(#8274));
#8097=SURFACE_SIDE_STYLE('',(#8275));
#8098=SURFACE_SIDE_STYLE('',(#8276));
#8099=SURFACE_SIDE_STYLE('',(#8277));
#8100=SURFACE_SIDE_STYLE('',(#8278));
#8101=SURFACE_SIDE_STYLE('',(#8279));
#8102=SURFACE_SIDE_STYLE('',(#8280));
#8103=SURFACE_SIDE_STYLE('',(#8281));
#8104=SURFACE_SIDE_STYLE('',(#8282));
#8105=SURFACE_SIDE_STYLE('',(#8283));
#8106=SURFACE_SIDE_STYLE('',(#8284));
#8107=SURFACE_SIDE_STYLE('',(#8285));
#8108=SURFACE_SIDE_STYLE('',(#8286));
#8109=SURFACE_SIDE_STYLE('',(#8287));
#8110=SURFACE_SIDE_STYLE('',(#8288));
#8111=SURFACE_SIDE_STYLE('',(#8289));
#8112=SURFACE_SIDE_STYLE('',(#8290));
#8113=SURFACE_SIDE_STYLE('',(#8291));
#8114=SURFACE_SIDE_STYLE('',(#8292));
#8115=SURFACE_SIDE_STYLE('',(#8293));
#8116=SURFACE_SIDE_STYLE('',(#8294));
#8117=SURFACE_SIDE_STYLE('',(#8295));
#8118=SURFACE_SIDE_STYLE('',(#8296));
#8119=SURFACE_SIDE_STYLE('',(#8297));
#8120=SURFACE_SIDE_STYLE('',(#8298));
#8121=SURFACE_SIDE_STYLE('',(#8299));
#8122=SURFACE_SIDE_STYLE('',(#8300));
#8123=SURFACE_SIDE_STYLE('',(#8301));
#8124=SURFACE_SIDE_STYLE('',(#8302));
#8125=SURFACE_SIDE_STYLE('',(#8303));
#8126=SURFACE_SIDE_STYLE('',(#8304));
#8127=SURFACE_SIDE_STYLE('',(#8305));
#8128=SURFACE_SIDE_STYLE('',(#8306));
#8129=SURFACE_SIDE_STYLE('',(#8307));
#8130=SURFACE_SIDE_STYLE('',(#8308));
#8131=SURFACE_SIDE_STYLE('',(#8309));
#8132=SURFACE_SIDE_STYLE('',(#8310));
#8133=SURFACE_SIDE_STYLE('',(#8311));
#8134=SURFACE_SIDE_STYLE('',(#8312));
#8135=SURFACE_SIDE_STYLE('',(#8313));
#8136=SURFACE_SIDE_STYLE('',(#8314));
#8137=SURFACE_SIDE_STYLE('',(#8315));
#8138=SURFACE_SIDE_STYLE('',(#8316));
#8139=SURFACE_SIDE_STYLE('',(#8317));
#8140=SURFACE_SIDE_STYLE('',(#8318));
#8141=SURFACE_SIDE_STYLE('',(#8319));
#8142=SURFACE_SIDE_STYLE('',(#8320));
#8143=SURFACE_SIDE_STYLE('',(#8321));
#8144=SURFACE_SIDE_STYLE('',(#8322));
#8145=SURFACE_SIDE_STYLE('',(#8323));
#8146=SURFACE_SIDE_STYLE('',(#8324));
#8147=SURFACE_SIDE_STYLE('',(#8325));
#8148=SURFACE_SIDE_STYLE('',(#8326));
#8149=SURFACE_SIDE_STYLE('',(#8327));
#8150=SURFACE_SIDE_STYLE('',(#8328));
#8151=SURFACE_SIDE_STYLE('',(#8329));
#8152=SURFACE_SIDE_STYLE('',(#8330));
#8153=SURFACE_SIDE_STYLE('',(#8331));
#8154=SURFACE_SIDE_STYLE('',(#8332));
#8155=SURFACE_SIDE_STYLE('',(#8333));
#8156=SURFACE_SIDE_STYLE('',(#8334));
#8157=SURFACE_SIDE_STYLE('',(#8335));
#8158=SURFACE_SIDE_STYLE('',(#8336));
#8159=SURFACE_SIDE_STYLE('',(#8337));
#8160=SURFACE_SIDE_STYLE('',(#8338));
#8161=SURFACE_SIDE_STYLE('',(#8339));
#8162=SURFACE_SIDE_STYLE('',(#8340));
#8163=SURFACE_SIDE_STYLE('',(#8341));
#8164=SURFACE_SIDE_STYLE('',(#8342));
#8165=SURFACE_SIDE_STYLE('',(#8343));
#8166=SURFACE_SIDE_STYLE('',(#8344));
#8167=SURFACE_SIDE_STYLE('',(#8345));
#8168=SURFACE_SIDE_STYLE('',(#8346));
#8169=SURFACE_SIDE_STYLE('',(#8347));
#8170=SURFACE_SIDE_STYLE('',(#8348));
#8171=SURFACE_SIDE_STYLE('',(#8349));
#8172=SURFACE_SIDE_STYLE('',(#8350));
#8173=SURFACE_SIDE_STYLE('',(#8351));
#8174=SURFACE_SIDE_STYLE('',(#8352));
#8175=SURFACE_SIDE_STYLE('',(#8353));
#8176=SURFACE_SIDE_STYLE('',(#8354));
#8177=SURFACE_SIDE_STYLE('',(#8355));
#8178=SURFACE_SIDE_STYLE('',(#8356));
#8179=SURFACE_SIDE_STYLE('',(#8357));
#8180=SURFACE_SIDE_STYLE('',(#8358));
#8181=SURFACE_SIDE_STYLE('',(#8359));
#8182=SURFACE_SIDE_STYLE('',(#8360));
#8183=SURFACE_SIDE_STYLE('',(#8361));
#8184=SURFACE_SIDE_STYLE('',(#8362));
#8185=SURFACE_SIDE_STYLE('',(#8363));
#8186=SURFACE_SIDE_STYLE('',(#8364));
#8187=SURFACE_SIDE_STYLE('',(#8365));
#8188=SURFACE_SIDE_STYLE('',(#8366));
#8189=SURFACE_SIDE_STYLE('',(#8367));
#8190=SURFACE_SIDE_STYLE('',(#8368));
#8191=SURFACE_SIDE_STYLE('',(#8369));
#8192=SURFACE_SIDE_STYLE('',(#8370));
#8193=SURFACE_SIDE_STYLE('',(#8371));
#8194=SURFACE_SIDE_STYLE('',(#8372));
#8195=SURFACE_SIDE_STYLE('',(#8373));
#8196=SURFACE_SIDE_STYLE('',(#8374));
#8197=SURFACE_SIDE_STYLE('',(#8375));
#8198=SURFACE_SIDE_STYLE('',(#8376));
#8199=SURFACE_SIDE_STYLE('',(#8377));
#8200=SURFACE_SIDE_STYLE('',(#8378));
#8201=SURFACE_SIDE_STYLE('',(#8379));
#8202=SURFACE_SIDE_STYLE('',(#8380));
#8203=SURFACE_SIDE_STYLE('',(#8381));
#8204=SURFACE_SIDE_STYLE('',(#8382));
#8205=SURFACE_SIDE_STYLE('',(#8383));
#8206=SURFACE_SIDE_STYLE('',(#8384));
#8207=SURFACE_SIDE_STYLE('',(#8385));
#8208=SURFACE_SIDE_STYLE('',(#8386));
#8209=SURFACE_SIDE_STYLE('',(#8387));
#8210=SURFACE_SIDE_STYLE('',(#8388));
#8211=SURFACE_SIDE_STYLE('',(#8389));
#8212=SURFACE_SIDE_STYLE('',(#8390));
#8213=SURFACE_SIDE_STYLE('',(#8391));
#8214=SURFACE_SIDE_STYLE('',(#8392));
#8215=SURFACE_SIDE_STYLE('',(#8393));
#8216=SURFACE_SIDE_STYLE('',(#8394));
#8217=SURFACE_SIDE_STYLE('',(#8395));
#8218=SURFACE_SIDE_STYLE('',(#8396));
#8219=SURFACE_SIDE_STYLE('',(#8397));
#8220=SURFACE_SIDE_STYLE('',(#8398));
#8221=SURFACE_SIDE_STYLE('',(#8399));
#8222=SURFACE_SIDE_STYLE('',(#8400));
#8223=SURFACE_SIDE_STYLE('',(#8401));
#8224=SURFACE_SIDE_STYLE('',(#8402));
#8225=SURFACE_SIDE_STYLE('',(#8403));
#8226=SURFACE_SIDE_STYLE('',(#8404));
#8227=SURFACE_SIDE_STYLE('',(#8405));
#8228=SURFACE_SIDE_STYLE('',(#8406));
#8229=SURFACE_SIDE_STYLE('',(#8407));
#8230=SURFACE_SIDE_STYLE('',(#8408));
#8231=SURFACE_SIDE_STYLE('',(#8409));
#8232=SURFACE_SIDE_STYLE('',(#8410));
#8233=SURFACE_SIDE_STYLE('',(#8411));
#8234=SURFACE_SIDE_STYLE('',(#8412));
#8235=SURFACE_SIDE_STYLE('',(#8413));
#8236=SURFACE_SIDE_STYLE('',(#8414));
#8237=SURFACE_SIDE_STYLE('',(#8415));
#8238=SURFACE_SIDE_STYLE('',(#8416));
#8239=SURFACE_SIDE_STYLE('',(#8417));
#8240=SURFACE_SIDE_STYLE('',(#8418));
#8241=SURFACE_SIDE_STYLE('',(#8419));
#8242=SURFACE_SIDE_STYLE('',(#8420));
#8243=SURFACE_SIDE_STYLE('',(#8421));
#8244=SURFACE_SIDE_STYLE('',(#8422));
#8245=SURFACE_SIDE_STYLE('',(#8423));
#8246=SURFACE_STYLE_FILL_AREA(#8424);
#8247=SURFACE_STYLE_FILL_AREA(#8425);
#8248=SURFACE_STYLE_FILL_AREA(#8426);
#8249=SURFACE_STYLE_FILL_AREA(#8427);
#8250=SURFACE_STYLE_FILL_AREA(#8428);
#8251=SURFACE_STYLE_FILL_AREA(#8429);
#8252=SURFACE_STYLE_FILL_AREA(#8430);
#8253=SURFACE_STYLE_FILL_AREA(#8431);
#8254=SURFACE_STYLE_FILL_AREA(#8432);
#8255=SURFACE_STYLE_FILL_AREA(#8433);
#8256=SURFACE_STYLE_FILL_AREA(#8434);
#8257=SURFACE_STYLE_FILL_AREA(#8435);
#8258=SURFACE_STYLE_FILL_AREA(#8436);
#8259=SURFACE_STYLE_FILL_AREA(#8437);
#8260=SURFACE_STYLE_FILL_AREA(#8438);
#8261=SURFACE_STYLE_FILL_AREA(#8439);
#8262=SURFACE_STYLE_FILL_AREA(#8440);
#8263=SURFACE_STYLE_FILL_AREA(#8441);
#8264=SURFACE_STYLE_FILL_AREA(#8442);
#8265=SURFACE_STYLE_FILL_AREA(#8443);
#8266=SURFACE_STYLE_FILL_AREA(#8444);
#8267=SURFACE_STYLE_FILL_AREA(#8445);
#8268=SURFACE_STYLE_FILL_AREA(#8446);
#8269=SURFACE_STYLE_FILL_AREA(#8447);
#8270=SURFACE_STYLE_FILL_AREA(#8448);
#8271=SURFACE_STYLE_FILL_AREA(#8449);
#8272=SURFACE_STYLE_FILL_AREA(#8450);
#8273=SURFACE_STYLE_FILL_AREA(#8451);
#8274=SURFACE_STYLE_FILL_AREA(#8452);
#8275=SURFACE_STYLE_FILL_AREA(#8453);
#8276=SURFACE_STYLE_FILL_AREA(#8454);
#8277=SURFACE_STYLE_FILL_AREA(#8455);
#8278=SURFACE_STYLE_FILL_AREA(#8456);
#8279=SURFACE_STYLE_FILL_AREA(#8457);
#8280=SURFACE_STYLE_FILL_AREA(#8458);
#8281=SURFACE_STYLE_FILL_AREA(#8459);
#8282=SURFACE_STYLE_FILL_AREA(#8460);
#8283=SURFACE_STYLE_FILL_AREA(#8461);
#8284=SURFACE_STYLE_FILL_AREA(#8462);
#8285=SURFACE_STYLE_FILL_AREA(#8463);
#8286=SURFACE_STYLE_FILL_AREA(#8464);
#8287=SURFACE_STYLE_FILL_AREA(#8465);
#8288=SURFACE_STYLE_FILL_AREA(#8466);
#8289=SURFACE_STYLE_FILL_AREA(#8467);
#8290=SURFACE_STYLE_FILL_AREA(#8468);
#8291=SURFACE_STYLE_FILL_AREA(#8469);
#8292=SURFACE_STYLE_FILL_AREA(#8470);
#8293=SURFACE_STYLE_FILL_AREA(#8471);
#8294=SURFACE_STYLE_FILL_AREA(#8472);
#8295=SURFACE_STYLE_FILL_AREA(#8473);
#8296=SURFACE_STYLE_FILL_AREA(#8474);
#8297=SURFACE_STYLE_FILL_AREA(#8475);
#8298=SURFACE_STYLE_FILL_AREA(#8476);
#8299=SURFACE_STYLE_FILL_AREA(#8477);
#8300=SURFACE_STYLE_FILL_AREA(#8478);
#8301=SURFACE_STYLE_FILL_AREA(#8479);
#8302=SURFACE_STYLE_FILL_AREA(#8480);
#8303=SURFACE_STYLE_FILL_AREA(#8481);
#8304=SURFACE_STYLE_FILL_AREA(#8482);
#8305=SURFACE_STYLE_FILL_AREA(#8483);
#8306=SURFACE_STYLE_FILL_AREA(#8484);
#8307=SURFACE_STYLE_FILL_AREA(#8485);
#8308=SURFACE_STYLE_FILL_AREA(#8486);
#8309=SURFACE_STYLE_FILL_AREA(#8487);
#8310=SURFACE_STYLE_FILL_AREA(#8488);
#8311=SURFACE_STYLE_FILL_AREA(#8489);
#8312=SURFACE_STYLE_FILL_AREA(#8490);
#8313=SURFACE_STYLE_FILL_AREA(#8491);
#8314=SURFACE_STYLE_FILL_AREA(#8492);
#8315=SURFACE_STYLE_FILL_AREA(#8493);
#8316=SURFACE_STYLE_FILL_AREA(#8494);
#8317=SURFACE_STYLE_FILL_AREA(#8495);
#8318=SURFACE_STYLE_FILL_AREA(#8496);
#8319=SURFACE_STYLE_FILL_AREA(#8497);
#8320=SURFACE_STYLE_FILL_AREA(#8498);
#8321=SURFACE_STYLE_FILL_AREA(#8499);
#8322=SURFACE_STYLE_FILL_AREA(#8500);
#8323=SURFACE_STYLE_FILL_AREA(#8501);
#8324=SURFACE_STYLE_FILL_AREA(#8502);
#8325=SURFACE_STYLE_FILL_AREA(#8503);
#8326=SURFACE_STYLE_FILL_AREA(#8504);
#8327=SURFACE_STYLE_FILL_AREA(#8505);
#8328=SURFACE_STYLE_FILL_AREA(#8506);
#8329=SURFACE_STYLE_FILL_AREA(#8507);
#8330=SURFACE_STYLE_FILL_AREA(#8508);
#8331=SURFACE_STYLE_FILL_AREA(#8509);
#8332=SURFACE_STYLE_FILL_AREA(#8510);
#8333=SURFACE_STYLE_FILL_AREA(#8511);
#8334=SURFACE_STYLE_FILL_AREA(#8512);
#8335=SURFACE_STYLE_FILL_AREA(#8513);
#8336=SURFACE_STYLE_FILL_AREA(#8514);
#8337=SURFACE_STYLE_FILL_AREA(#8515);
#8338=SURFACE_STYLE_FILL_AREA(#8516);
#8339=SURFACE_STYLE_FILL_AREA(#8517);
#8340=SURFACE_STYLE_FILL_AREA(#8518);
#8341=SURFACE_STYLE_FILL_AREA(#8519);
#8342=SURFACE_STYLE_FILL_AREA(#8520);
#8343=SURFACE_STYLE_FILL_AREA(#8521);
#8344=SURFACE_STYLE_FILL_AREA(#8522);
#8345=SURFACE_STYLE_FILL_AREA(#8523);
#8346=SURFACE_STYLE_FILL_AREA(#8524);
#8347=SURFACE_STYLE_FILL_AREA(#8525);
#8348=SURFACE_STYLE_FILL_AREA(#8526);
#8349=SURFACE_STYLE_FILL_AREA(#8527);
#8350=SURFACE_STYLE_FILL_AREA(#8528);
#8351=SURFACE_STYLE_FILL_AREA(#8529);
#8352=SURFACE_STYLE_FILL_AREA(#8530);
#8353=SURFACE_STYLE_FILL_AREA(#8531);
#8354=SURFACE_STYLE_FILL_AREA(#8532);
#8355=SURFACE_STYLE_FILL_AREA(#8533);
#8356=SURFACE_STYLE_FILL_AREA(#8534);
#8357=SURFACE_STYLE_FILL_AREA(#8535);
#8358=SURFACE_STYLE_FILL_AREA(#8536);
#8359=SURFACE_STYLE_FILL_AREA(#8537);
#8360=SURFACE_STYLE_FILL_AREA(#8538);
#8361=SURFACE_STYLE_FILL_AREA(#8539);
#8362=SURFACE_STYLE_FILL_AREA(#8540);
#8363=SURFACE_STYLE_FILL_AREA(#8541);
#8364=SURFACE_STYLE_FILL_AREA(#8542);
#8365=SURFACE_STYLE_FILL_AREA(#8543);
#8366=SURFACE_STYLE_FILL_AREA(#8544);
#8367=SURFACE_STYLE_FILL_AREA(#8545);
#8368=SURFACE_STYLE_FILL_AREA(#8546);
#8369=SURFACE_STYLE_FILL_AREA(#8547);
#8370=SURFACE_STYLE_FILL_AREA(#8548);
#8371=SURFACE_STYLE_FILL_AREA(#8549);
#8372=SURFACE_STYLE_FILL_AREA(#8550);
#8373=SURFACE_STYLE_FILL_AREA(#8551);
#8374=SURFACE_STYLE_FILL_AREA(#8552);
#8375=SURFACE_STYLE_FILL_AREA(#8553);
#8376=SURFACE_STYLE_FILL_AREA(#8554);
#8377=SURFACE_STYLE_FILL_AREA(#8555);
#8378=SURFACE_STYLE_FILL_AREA(#8556);
#8379=SURFACE_STYLE_FILL_AREA(#8557);
#8380=SURFACE_STYLE_FILL_AREA(#8558);
#8381=SURFACE_STYLE_FILL_AREA(#8559);
#8382=SURFACE_STYLE_FILL_AREA(#8560);
#8383=SURFACE_STYLE_FILL_AREA(#8561);
#8384=SURFACE_STYLE_FILL_AREA(#8562);
#8385=SURFACE_STYLE_FILL_AREA(#8563);
#8386=SURFACE_STYLE_FILL_AREA(#8564);
#8387=SURFACE_STYLE_FILL_AREA(#8565);
#8388=SURFACE_STYLE_FILL_AREA(#8566);
#8389=SURFACE_STYLE_FILL_AREA(#8567);
#8390=SURFACE_STYLE_FILL_AREA(#8568);
#8391=SURFACE_STYLE_FILL_AREA(#8569);
#8392=SURFACE_STYLE_FILL_AREA(#8570);
#8393=SURFACE_STYLE_FILL_AREA(#8571);
#8394=SURFACE_STYLE_FILL_AREA(#8572);
#8395=SURFACE_STYLE_FILL_AREA(#8573);
#8396=SURFACE_STYLE_FILL_AREA(#8574);
#8397=SURFACE_STYLE_FILL_AREA(#8575);
#8398=SURFACE_STYLE_FILL_AREA(#8576);
#8399=SURFACE_STYLE_FILL_AREA(#8577);
#8400=SURFACE_STYLE_FILL_AREA(#8578);
#8401=SURFACE_STYLE_FILL_AREA(#8579);
#8402=SURFACE_STYLE_FILL_AREA(#8580);
#8403=SURFACE_STYLE_FILL_AREA(#8581);
#8404=SURFACE_STYLE_FILL_AREA(#8582);
#8405=SURFACE_STYLE_FILL_AREA(#8583);
#8406=SURFACE_STYLE_FILL_AREA(#8584);
#8407=SURFACE_STYLE_FILL_AREA(#8585);
#8408=SURFACE_STYLE_FILL_AREA(#8586);
#8409=SURFACE_STYLE_FILL_AREA(#8587);
#8410=SURFACE_STYLE_FILL_AREA(#8588);
#8411=SURFACE_STYLE_FILL_AREA(#8589);
#8412=SURFACE_STYLE_FILL_AREA(#8590);
#8413=SURFACE_STYLE_FILL_AREA(#8591);
#8414=SURFACE_STYLE_FILL_AREA(#8592);
#8415=SURFACE_STYLE_FILL_AREA(#8593);
#8416=SURFACE_STYLE_FILL_AREA(#8594);
#8417=SURFACE_STYLE_FILL_AREA(#8595);
#8418=SURFACE_STYLE_FILL_AREA(#8596);
#8419=SURFACE_STYLE_FILL_AREA(#8597);
#8420=SURFACE_STYLE_FILL_AREA(#8598);
#8421=SURFACE_STYLE_FILL_AREA(#8599);
#8422=SURFACE_STYLE_FILL_AREA(#8600);
#8423=SURFACE_STYLE_FILL_AREA(#8601);
#8424=FILL_AREA_STYLE('',(#8602));
#8425=FILL_AREA_STYLE('',(#8603));
#8426=FILL_AREA_STYLE('',(#8604));
#8427=FILL_AREA_STYLE('',(#8605));
#8428=FILL_AREA_STYLE('',(#8606));
#8429=FILL_AREA_STYLE('',(#8607));
#8430=FILL_AREA_STYLE('',(#8608));
#8431=FILL_AREA_STYLE('',(#8609));
#8432=FILL_AREA_STYLE('',(#8610));
#8433=FILL_AREA_STYLE('',(#8611));
#8434=FILL_AREA_STYLE('',(#8612));
#8435=FILL_AREA_STYLE('',(#8613));
#8436=FILL_AREA_STYLE('',(#8614));
#8437=FILL_AREA_STYLE('',(#8615));
#8438=FILL_AREA_STYLE('',(#8616));
#8439=FILL_AREA_STYLE('',(#8617));
#8440=FILL_AREA_STYLE('',(#8618));
#8441=FILL_AREA_STYLE('',(#8619));
#8442=FILL_AREA_STYLE('',(#8620));
#8443=FILL_AREA_STYLE('',(#8621));
#8444=FILL_AREA_STYLE('',(#8622));
#8445=FILL_AREA_STYLE('',(#8623));
#8446=FILL_AREA_STYLE('',(#8624));
#8447=FILL_AREA_STYLE('',(#8625));
#8448=FILL_AREA_STYLE('',(#8626));
#8449=FILL_AREA_STYLE('',(#8627));
#8450=FILL_AREA_STYLE('',(#8628));
#8451=FILL_AREA_STYLE('',(#8629));
#8452=FILL_AREA_STYLE('',(#8630));
#8453=FILL_AREA_STYLE('',(#8631));
#8454=FILL_AREA_STYLE('',(#8632));
#8455=FILL_AREA_STYLE('',(#8633));
#8456=FILL_AREA_STYLE('',(#8634));
#8457=FILL_AREA_STYLE('',(#8635));
#8458=FILL_AREA_STYLE('',(#8636));
#8459=FILL_AREA_STYLE('',(#8637));
#8460=FILL_AREA_STYLE('',(#8638));
#8461=FILL_AREA_STYLE('',(#8639));
#8462=FILL_AREA_STYLE('',(#8640));
#8463=FILL_AREA_STYLE('',(#8641));
#8464=FILL_AREA_STYLE('',(#8642));
#8465=FILL_AREA_STYLE('',(#8643));
#8466=FILL_AREA_STYLE('',(#8644));
#8467=FILL_AREA_STYLE('',(#8645));
#8468=FILL_AREA_STYLE('',(#8646));
#8469=FILL_AREA_STYLE('',(#8647));
#8470=FILL_AREA_STYLE('',(#8648));
#8471=FILL_AREA_STYLE('',(#8649));
#8472=FILL_AREA_STYLE('',(#8650));
#8473=FILL_AREA_STYLE('',(#8651));
#8474=FILL_AREA_STYLE('',(#8652));
#8475=FILL_AREA_STYLE('',(#8653));
#8476=FILL_AREA_STYLE('',(#8654));
#8477=FILL_AREA_STYLE('',(#8655));
#8478=FILL_AREA_STYLE('',(#8656));
#8479=FILL_AREA_STYLE('',(#8657));
#8480=FILL_AREA_STYLE('',(#8658));
#8481=FILL_AREA_STYLE('',(#8659));
#8482=FILL_AREA_STYLE('',(#8660));
#8483=FILL_AREA_STYLE('',(#8661));
#8484=FILL_AREA_STYLE('',(#8662));
#8485=FILL_AREA_STYLE('',(#8663));
#8486=FILL_AREA_STYLE('',(#8664));
#8487=FILL_AREA_STYLE('',(#8665));
#8488=FILL_AREA_STYLE('',(#8666));
#8489=FILL_AREA_STYLE('',(#8667));
#8490=FILL_AREA_STYLE('',(#8668));
#8491=FILL_AREA_STYLE('',(#8669));
#8492=FILL_AREA_STYLE('',(#8670));
#8493=FILL_AREA_STYLE('',(#8671));
#8494=FILL_AREA_STYLE('',(#8672));
#8495=FILL_AREA_STYLE('',(#8673));
#8496=FILL_AREA_STYLE('',(#8674));
#8497=FILL_AREA_STYLE('',(#8675));
#8498=FILL_AREA_STYLE('',(#8676));
#8499=FILL_AREA_STYLE('',(#8677));
#8500=FILL_AREA_STYLE('',(#8678));
#8501=FILL_AREA_STYLE('',(#8679));
#8502=FILL_AREA_STYLE('',(#8680));
#8503=FILL_AREA_STYLE('',(#8681));
#8504=FILL_AREA_STYLE('',(#8682));
#8505=FILL_AREA_STYLE('',(#8683));
#8506=FILL_AREA_STYLE('',(#8684));
#8507=FILL_AREA_STYLE('',(#8685));
#8508=FILL_AREA_STYLE('',(#8686));
#8509=FILL_AREA_STYLE('',(#8687));
#8510=FILL_AREA_STYLE('',(#8688));
#8511=FILL_AREA_STYLE('',(#8689));
#8512=FILL_AREA_STYLE('',(#8690));
#8513=FILL_AREA_STYLE('',(#8691));
#8514=FILL_AREA_STYLE('',(#8692));
#8515=FILL_AREA_STYLE('',(#8693));
#8516=FILL_AREA_STYLE('',(#8694));
#8517=FILL_AREA_STYLE('',(#8695));
#8518=FILL_AREA_STYLE('',(#8696));
#8519=FILL_AREA_STYLE('',(#8697));
#8520=FILL_AREA_STYLE('',(#8698));
#8521=FILL_AREA_STYLE('',(#8699));
#8522=FILL_AREA_STYLE('',(#8700));
#8523=FILL_AREA_STYLE('',(#8701));
#8524=FILL_AREA_STYLE('',(#8702));
#8525=FILL_AREA_STYLE('',(#8703));
#8526=FILL_AREA_STYLE('',(#8704));
#8527=FILL_AREA_STYLE('',(#8705));
#8528=FILL_AREA_STYLE('',(#8706));
#8529=FILL_AREA_STYLE('',(#8707));
#8530=FILL_AREA_STYLE('',(#8708));
#8531=FILL_AREA_STYLE('',(#8709));
#8532=FILL_AREA_STYLE('',(#8710));
#8533=FILL_AREA_STYLE('',(#8711));
#8534=FILL_AREA_STYLE('',(#8712));
#8535=FILL_AREA_STYLE('',(#8713));
#8536=FILL_AREA_STYLE('',(#8714));
#8537=FILL_AREA_STYLE('',(#8715));
#8538=FILL_AREA_STYLE('',(#8716));
#8539=FILL_AREA_STYLE('',(#8717));
#8540=FILL_AREA_STYLE('',(#8718));
#8541=FILL_AREA_STYLE('',(#8719));
#8542=FILL_AREA_STYLE('',(#8720));
#8543=FILL_AREA_STYLE('',(#8721));
#8544=FILL_AREA_STYLE('',(#8722));
#8545=FILL_AREA_STYLE('',(#8723));
#8546=FILL_AREA_STYLE('',(#8724));
#8547=FILL_AREA_STYLE('',(#8725));
#8548=FILL_AREA_STYLE('',(#8726));
#8549=FILL_AREA_STYLE('',(#8727));
#8550=FILL_AREA_STYLE('',(#8728));
#8551=FILL_AREA_STYLE('',(#8729));
#8552=FILL_AREA_STYLE('',(#8730));
#8553=FILL_AREA_STYLE('',(#8731));
#8554=FILL_AREA_STYLE('',(#8732));
#8555=FILL_AREA_STYLE('',(#8733));
#8556=FILL_AREA_STYLE('',(#8734));
#8557=FILL_AREA_STYLE('',(#8735));
#8558=FILL_AREA_STYLE('',(#8736));
#8559=FILL_AREA_STYLE('',(#8737));
#8560=FILL_AREA_STYLE('',(#8738));
#8561=FILL_AREA_STYLE('',(#8739));
#8562=FILL_AREA_STYLE('',(#8740));
#8563=FILL_AREA_STYLE('',(#8741));
#8564=FILL_AREA_STYLE('',(#8742));
#8565=FILL_AREA_STYLE('',(#8743));
#8566=FILL_AREA_STYLE('',(#8744));
#8567=FILL_AREA_STYLE('',(#8745));
#8568=FILL_AREA_STYLE('',(#8746));
#8569=FILL_AREA_STYLE('',(#8747));
#8570=FILL_AREA_STYLE('',(#8748));
#8571=FILL_AREA_STYLE('',(#8749));
#8572=FILL_AREA_STYLE('',(#8750));
#8573=FILL_AREA_STYLE('',(#8751));
#8574=FILL_AREA_STYLE('',(#8752));
#8575=FILL_AREA_STYLE('',(#8753));
#8576=FILL_AREA_STYLE('',(#8754));
#8577=FILL_AREA_STYLE('',(#8755));
#8578=FILL_AREA_STYLE('',(#8756));
#8579=FILL_AREA_STYLE('',(#8757));
#8580=FILL_AREA_STYLE('',(#8758));
#8581=FILL_AREA_STYLE('',(#8759));
#8582=FILL_AREA_STYLE('',(#8760));
#8583=FILL_AREA_STYLE('',(#8761));
#8584=FILL_AREA_STYLE('',(#8762));
#8585=FILL_AREA_STYLE('',(#8763));
#8586=FILL_AREA_STYLE('',(#8764));
#8587=FILL_AREA_STYLE('',(#8765));
#8588=FILL_AREA_STYLE('',(#8766));
#8589=FILL_AREA_STYLE('',(#8767));
#8590=FILL_AREA_STYLE('',(#8768));
#8591=FILL_AREA_STYLE('',(#8769));
#8592=FILL_AREA_STYLE('',(#8770));
#8593=FILL_AREA_STYLE('',(#8771));
#8594=FILL_AREA_STYLE('',(#8772));
#8595=FILL_AREA_STYLE('',(#8773));
#8596=FILL_AREA_STYLE('',(#8774));
#8597=FILL_AREA_STYLE('',(#8775));
#8598=FILL_AREA_STYLE('',(#8776));
#8599=FILL_AREA_STYLE('',(#8777));
#8600=FILL_AREA_STYLE('',(#8778));
#8601=FILL_AREA_STYLE('',(#8779));
#8602=FILL_AREA_STYLE_COLOUR('',#8780);
#8603=FILL_AREA_STYLE_COLOUR('',#7277);
#8604=FILL_AREA_STYLE_COLOUR('',#7277);
#8605=FILL_AREA_STYLE_COLOUR('',#7277);
#8606=FILL_AREA_STYLE_COLOUR('',#7277);
#8607=FILL_AREA_STYLE_COLOUR('',#7277);
#8608=FILL_AREA_STYLE_COLOUR('',#7277);
#8609=FILL_AREA_STYLE_COLOUR('',#7277);
#8610=FILL_AREA_STYLE_COLOUR('',#7278);
#8611=FILL_AREA_STYLE_COLOUR('',#7277);
#8612=FILL_AREA_STYLE_COLOUR('',#7277);
#8613=FILL_AREA_STYLE_COLOUR('',#7277);
#8614=FILL_AREA_STYLE_COLOUR('',#7277);
#8615=FILL_AREA_STYLE_COLOUR('',#7277);
#8616=FILL_AREA_STYLE_COLOUR('',#7277);
#8617=FILL_AREA_STYLE_COLOUR('',#7277);
#8618=FILL_AREA_STYLE_COLOUR('',#7277);
#8619=FILL_AREA_STYLE_COLOUR('',#7277);
#8620=FILL_AREA_STYLE_COLOUR('',#7277);
#8621=FILL_AREA_STYLE_COLOUR('',#7277);
#8622=FILL_AREA_STYLE_COLOUR('',#7277);
#8623=FILL_AREA_STYLE_COLOUR('',#7277);
#8624=FILL_AREA_STYLE_COLOUR('',#7277);
#8625=FILL_AREA_STYLE_COLOUR('',#7277);
#8626=FILL_AREA_STYLE_COLOUR('',#7277);
#8627=FILL_AREA_STYLE_COLOUR('',#7277);
#8628=FILL_AREA_STYLE_COLOUR('',#7277);
#8629=FILL_AREA_STYLE_COLOUR('',#7277);
#8630=FILL_AREA_STYLE_COLOUR('',#7277);
#8631=FILL_AREA_STYLE_COLOUR('',#7278);
#8632=FILL_AREA_STYLE_COLOUR('',#7278);
#8633=FILL_AREA_STYLE_COLOUR('',#7278);
#8634=FILL_AREA_STYLE_COLOUR('',#7278);
#8635=FILL_AREA_STYLE_COLOUR('',#7278);
#8636=FILL_AREA_STYLE_COLOUR('',#7278);
#8637=FILL_AREA_STYLE_COLOUR('',#7278);
#8638=FILL_AREA_STYLE_COLOUR('',#7278);
#8639=FILL_AREA_STYLE_COLOUR('',#7278);
#8640=FILL_AREA_STYLE_COLOUR('',#7278);
#8641=FILL_AREA_STYLE_COLOUR('',#7278);
#8642=FILL_AREA_STYLE_COLOUR('',#7278);
#8643=FILL_AREA_STYLE_COLOUR('',#7278);
#8644=FILL_AREA_STYLE_COLOUR('',#7278);
#8645=FILL_AREA_STYLE_COLOUR('',#7278);
#8646=FILL_AREA_STYLE_COLOUR('',#7278);
#8647=FILL_AREA_STYLE_COLOUR('',#7278);
#8648=FILL_AREA_STYLE_COLOUR('',#7278);
#8649=FILL_AREA_STYLE_COLOUR('',#7278);
#8650=FILL_AREA_STYLE_COLOUR('',#7278);
#8651=FILL_AREA_STYLE_COLOUR('',#7278);
#8652=FILL_AREA_STYLE_COLOUR('',#7278);
#8653=FILL_AREA_STYLE_COLOUR('',#7278);
#8654=FILL_AREA_STYLE_COLOUR('',#7278);
#8655=FILL_AREA_STYLE_COLOUR('',#7278);
#8656=FILL_AREA_STYLE_COLOUR('',#7278);
#8657=FILL_AREA_STYLE_COLOUR('',#7278);
#8658=FILL_AREA_STYLE_COLOUR('',#7278);
#8659=FILL_AREA_STYLE_COLOUR('',#7278);
#8660=FILL_AREA_STYLE_COLOUR('',#7278);
#8661=FILL_AREA_STYLE_COLOUR('',#7278);
#8662=FILL_AREA_STYLE_COLOUR('',#7278);
#8663=FILL_AREA_STYLE_COLOUR('',#7278);
#8664=FILL_AREA_STYLE_COLOUR('',#7278);
#8665=FILL_AREA_STYLE_COLOUR('',#7278);
#8666=FILL_AREA_STYLE_COLOUR('',#7278);
#8667=FILL_AREA_STYLE_COLOUR('',#7278);
#8668=FILL_AREA_STYLE_COLOUR('',#7278);
#8669=FILL_AREA_STYLE_COLOUR('',#7278);
#8670=FILL_AREA_STYLE_COLOUR('',#7278);
#8671=FILL_AREA_STYLE_COLOUR('',#7278);
#8672=FILL_AREA_STYLE_COLOUR('',#7278);
#8673=FILL_AREA_STYLE_COLOUR('',#7278);
#8674=FILL_AREA_STYLE_COLOUR('',#7278);
#8675=FILL_AREA_STYLE_COLOUR('',#7278);
#8676=FILL_AREA_STYLE_COLOUR('',#7278);
#8677=FILL_AREA_STYLE_COLOUR('',#7278);
#8678=FILL_AREA_STYLE_COLOUR('',#7278);
#8679=FILL_AREA_STYLE_COLOUR('',#7278);
#8680=FILL_AREA_STYLE_COLOUR('',#7278);
#8681=FILL_AREA_STYLE_COLOUR('',#7278);
#8682=FILL_AREA_STYLE_COLOUR('',#7278);
#8683=FILL_AREA_STYLE_COLOUR('',#7278);
#8684=FILL_AREA_STYLE_COLOUR('',#7278);
#8685=FILL_AREA_STYLE_COLOUR('',#7278);
#8686=FILL_AREA_STYLE_COLOUR('',#7278);
#8687=FILL_AREA_STYLE_COLOUR('',#7278);
#8688=FILL_AREA_STYLE_COLOUR('',#7278);
#8689=FILL_AREA_STYLE_COLOUR('',#7278);
#8690=FILL_AREA_STYLE_COLOUR('',#7278);
#8691=FILL_AREA_STYLE_COLOUR('',#7278);
#8692=FILL_AREA_STYLE_COLOUR('',#7278);
#8693=FILL_AREA_STYLE_COLOUR('',#7278);
#8694=FILL_AREA_STYLE_COLOUR('',#7278);
#8695=FILL_AREA_STYLE_COLOUR('',#7278);
#8696=FILL_AREA_STYLE_COLOUR('',#7278);
#8697=FILL_AREA_STYLE_COLOUR('',#7278);
#8698=FILL_AREA_STYLE_COLOUR('',#7278);
#8699=FILL_AREA_STYLE_COLOUR('',#7278);
#8700=FILL_AREA_STYLE_COLOUR('',#7278);
#8701=FILL_AREA_STYLE_COLOUR('',#7278);
#8702=FILL_AREA_STYLE_COLOUR('',#7278);
#8703=FILL_AREA_STYLE_COLOUR('',#7278);
#8704=FILL_AREA_STYLE_COLOUR('',#7278);
#8705=FILL_AREA_STYLE_COLOUR('',#7278);
#8706=FILL_AREA_STYLE_COLOUR('',#7278);
#8707=FILL_AREA_STYLE_COLOUR('',#7278);
#8708=FILL_AREA_STYLE_COLOUR('',#7278);
#8709=FILL_AREA_STYLE_COLOUR('',#7278);
#8710=FILL_AREA_STYLE_COLOUR('',#7278);
#8711=FILL_AREA_STYLE_COLOUR('',#7278);
#8712=FILL_AREA_STYLE_COLOUR('',#7278);
#8713=FILL_AREA_STYLE_COLOUR('',#7278);
#8714=FILL_AREA_STYLE_COLOUR('',#7278);
#8715=FILL_AREA_STYLE_COLOUR('',#7278);
#8716=FILL_AREA_STYLE_COLOUR('',#7278);
#8717=FILL_AREA_STYLE_COLOUR('',#7278);
#8718=FILL_AREA_STYLE_COLOUR('',#7278);
#8719=FILL_AREA_STYLE_COLOUR('',#7278);
#8720=FILL_AREA_STYLE_COLOUR('',#7278);
#8721=FILL_AREA_STYLE_COLOUR('',#7278);
#8722=FILL_AREA_STYLE_COLOUR('',#7277);
#8723=FILL_AREA_STYLE_COLOUR('',#7277);
#8724=FILL_AREA_STYLE_COLOUR('',#7277);
#8725=FILL_AREA_STYLE_COLOUR('',#7277);
#8726=FILL_AREA_STYLE_COLOUR('',#7277);
#8727=FILL_AREA_STYLE_COLOUR('',#7277);
#8728=FILL_AREA_STYLE_COLOUR('',#7277);
#8729=FILL_AREA_STYLE_COLOUR('',#7277);
#8730=FILL_AREA_STYLE_COLOUR('',#7277);
#8731=FILL_AREA_STYLE_COLOUR('',#7277);
#8732=FILL_AREA_STYLE_COLOUR('',#7277);
#8733=FILL_AREA_STYLE_COLOUR('',#7277);
#8734=FILL_AREA_STYLE_COLOUR('',#7277);
#8735=FILL_AREA_STYLE_COLOUR('',#7277);
#8736=FILL_AREA_STYLE_COLOUR('',#7277);
#8737=FILL_AREA_STYLE_COLOUR('',#7277);
#8738=FILL_AREA_STYLE_COLOUR('',#7278);
#8739=FILL_AREA_STYLE_COLOUR('',#7278);
#8740=FILL_AREA_STYLE_COLOUR('',#7278);
#8741=FILL_AREA_STYLE_COLOUR('',#7278);
#8742=FILL_AREA_STYLE_COLOUR('',#7278);
#8743=FILL_AREA_STYLE_COLOUR('',#7278);
#8744=FILL_AREA_STYLE_COLOUR('',#7278);
#8745=FILL_AREA_STYLE_COLOUR('',#7278);
#8746=FILL_AREA_STYLE_COLOUR('',#7278);
#8747=FILL_AREA_STYLE_COLOUR('',#7278);
#8748=FILL_AREA_STYLE_COLOUR('',#7278);
#8749=FILL_AREA_STYLE_COLOUR('',#7278);
#8750=FILL_AREA_STYLE_COLOUR('',#7278);
#8751=FILL_AREA_STYLE_COLOUR('',#7278);
#8752=FILL_AREA_STYLE_COLOUR('',#7277);
#8753=FILL_AREA_STYLE_COLOUR('',#7277);
#8754=FILL_AREA_STYLE_COLOUR('',#7278);
#8755=FILL_AREA_STYLE_COLOUR('',#7278);
#8756=FILL_AREA_STYLE_COLOUR('',#7278);
#8757=FILL_AREA_STYLE_COLOUR('',#7278);
#8758=FILL_AREA_STYLE_COLOUR('',#7278);
#8759=FILL_AREA_STYLE_COLOUR('',#7277);
#8760=FILL_AREA_STYLE_COLOUR('',#7277);
#8761=FILL_AREA_STYLE_COLOUR('',#7277);
#8762=FILL_AREA_STYLE_COLOUR('',#7277);
#8763=FILL_AREA_STYLE_COLOUR('',#7277);
#8764=FILL_AREA_STYLE_COLOUR('',#7277);
#8765=FILL_AREA_STYLE_COLOUR('',#7277);
#8766=FILL_AREA_STYLE_COLOUR('',#7277);
#8767=FILL_AREA_STYLE_COLOUR('',#7277);
#8768=FILL_AREA_STYLE_COLOUR('',#7277);
#8769=FILL_AREA_STYLE_COLOUR('',#7277);
#8770=FILL_AREA_STYLE_COLOUR('',#7277);
#8771=FILL_AREA_STYLE_COLOUR('',#7277);
#8772=FILL_AREA_STYLE_COLOUR('',#7277);
#8773=FILL_AREA_STYLE_COLOUR('',#7277);
#8774=FILL_AREA_STYLE_COLOUR('',#7277);
#8775=FILL_AREA_STYLE_COLOUR('',#7277);
#8776=FILL_AREA_STYLE_COLOUR('',#7278);
#8777=FILL_AREA_STYLE_COLOUR('',#7277);
#8778=FILL_AREA_STYLE_COLOUR('',#7278);
#8779=FILL_AREA_STYLE_COLOUR('',#7278);
#8780=DRAUGHTING_PRE_DEFINED_COLOUR('white');
#8781=MANIFOLD_SOLID_BREP(
'SW-SMD_4P-L6.1-W6.1-P4.50-LS8.7-TL~SW-SMD_4P-L6.1-W6.1-H8-P4.50-LS8.5
~ZDjc',#7710);
#8782=SHAPE_DEFINITION_REPRESENTATION(#14359,#8783);
#8783=SHAPE_REPRESENTATION(
'SW-SMD_4P-L6.1-W6.1-P4.50-LS8.7-TL~SW-SMD_4P-L6.1-W6.1-H8-P4.50-LS8.5
~ZDjc',(#8784),#14354);
#8784=AXIS2_PLACEMENT_3D('',#11080,#9292,#9293);
#8785=AXIS2_PLACEMENT_3D('',#11081,#9294,#9295);
#8786=AXIS2_PLACEMENT_3D('',#11209,#9301,#9302);
#8787=AXIS2_PLACEMENT_3D('',#11213,#9305,#9306);
#8788=AXIS2_PLACEMENT_3D('',#11214,#9307,#9308);
#8789=AXIS2_PLACEMENT_3D('',#11216,#9309,#9310);
#8790=AXIS2_PLACEMENT_3D('',#11217,#9311,#9312);
#8791=AXIS2_PLACEMENT_3D('',#11218,#9313,#9314);
#8792=AXIS2_PLACEMENT_3D('',#11220,#9315,#9316);
#8793=AXIS2_PLACEMENT_3D('',#11240,#9318,#9319);
#8794=AXIS2_PLACEMENT_3D('',#11263,#9323,#9324);
#8795=AXIS2_PLACEMENT_3D('',#11264,#9325,#9326);
#8796=AXIS2_PLACEMENT_3D('',#11266,#9327,#9328);
#8797=AXIS2_PLACEMENT_3D('',#11267,#9329,#9330);
#8798=AXIS2_PLACEMENT_3D('',#11328,#9336,#9337);
#8799=AXIS2_PLACEMENT_3D('',#11329,#9338,#9339);
#8800=AXIS2_PLACEMENT_3D('',#11331,#9340,#9341);
#8801=AXIS2_PLACEMENT_3D('',#11389,#9345,#9346);
#8802=AXIS2_PLACEMENT_3D('',#11395,#9350,#9351);
#8803=AXIS2_PLACEMENT_3D('',#11401,#9355,#9356);
#8804=AXIS2_PLACEMENT_3D('',#11407,#9360,#9361);
#8805=AXIS2_PLACEMENT_3D('',#11411,#9364,#9365);
#8806=AXIS2_PLACEMENT_3D('',#11412,#9366,#9367);
#8807=AXIS2_PLACEMENT_3D('',#11414,#9368,#9369);
#8808=AXIS2_PLACEMENT_3D('',#11446,#9370,#9371);
#8809=AXIS2_PLACEMENT_3D('',#11447,#9372,#9373);
#8810=AXIS2_PLACEMENT_3D('',#11449,#9374,#9375);
#8811=AXIS2_PLACEMENT_3D('',#11450,#9376,#9377);
#8812=AXIS2_PLACEMENT_3D('',#11451,#9378,#9379);
#8813=AXIS2_PLACEMENT_3D('',#11453,#9380,#9381);
#8814=AXIS2_PLACEMENT_3D('',#11454,#9382,#9383);
#8815=AXIS2_PLACEMENT_3D('',#11455,#9384,#9385);
#8816=AXIS2_PLACEMENT_3D('',#11457,#9386,#9387);
#8817=AXIS2_PLACEMENT_3D('',#11588,#9394,#9395);
#8818=AXIS2_PLACEMENT_3D('',#11589,#9396,#9397);
#8819=AXIS2_PLACEMENT_3D('',#11608,#9402,#9403);
#8820=AXIS2_PLACEMENT_3D('',#11628,#9408,#9409);
#8821=AXIS2_PLACEMENT_3D('',#11646,#9413,#9414);
#8822=AXIS2_PLACEMENT_3D('',#11650,#9417,#9418);
#8823=AXIS2_PLACEMENT_3D('',#11652,#9420,#9421);
#8824=AXIS2_PLACEMENT_3D('',#11661,#9426,#9427);
#8825=AXIS2_PLACEMENT_3D('',#11667,#9431,#9432);
#8826=AXIS2_PLACEMENT_3D('',#11673,#9436,#9437);
#8827=AXIS2_PLACEMENT_3D('',#11679,#9441,#9442);
#8828=AXIS2_PLACEMENT_3D('',#11685,#9446,#9447);
#8829=AXIS2_PLACEMENT_3D('',#11691,#9451,#9452);
#8830=AXIS2_PLACEMENT_3D('',#11697,#9456,#9457);
#8831=AXIS2_PLACEMENT_3D('',#11700,#9460,#9461);
#8832=AXIS2_PLACEMENT_3D('',#11701,#9462,#9463);
#8833=AXIS2_PLACEMENT_3D('',#11818,#9472,#9473);
#8834=AXIS2_PLACEMENT_3D('',#11822,#9476,#9477);
#8835=AXIS2_PLACEMENT_3D('',#11826,#9480,#9481);
#8836=AXIS2_PLACEMENT_3D('',#11828,#9483,#9484);
#8837=AXIS2_PLACEMENT_3D('',#11837,#9489,#9490);
#8838=AXIS2_PLACEMENT_3D('',#11919,#9498,#9499);
#8839=AXIS2_PLACEMENT_3D('',#11922,#9502,#9503);
#8840=AXIS2_PLACEMENT_3D('',#11923,#9504,#9505);
#8841=AXIS2_PLACEMENT_3D('',#11948,#9518,#9519);
#8842=AXIS2_PLACEMENT_3D('',#11954,#9523,#9524);
#8843=AXIS2_PLACEMENT_3D('',#11958,#9527,#9528);
#8844=AXIS2_PLACEMENT_3D('',#11962,#9531,#9532);
#8845=AXIS2_PLACEMENT_3D('',#11966,#9535,#9536);
#8846=AXIS2_PLACEMENT_3D('',#11970,#9539,#9540);
#8847=AXIS2_PLACEMENT_3D('',#11974,#9543,#9544);
#8848=AXIS2_PLACEMENT_3D('',#11978,#9547,#9548);
#8849=AXIS2_PLACEMENT_3D('',#11982,#9551,#9552);
#8850=AXIS2_PLACEMENT_3D('',#11986,#9555,#9556);
#8851=AXIS2_PLACEMENT_3D('',#11990,#9559,#9560);
#8852=AXIS2_PLACEMENT_3D('',#11994,#9563,#9564);
#8853=AXIS2_PLACEMENT_3D('',#11996,#9566,#9567);
#8854=AXIS2_PLACEMENT_3D('',#12021,#9577,#9578);
#8855=AXIS2_PLACEMENT_3D('',#12025,#9580,#9581);
#8856=AXIS2_PLACEMENT_3D('',#12033,#9583,#9584);
#8857=AXIS2_PLACEMENT_3D('',#12051,#9588,#9589);
#8858=AXIS2_PLACEMENT_3D('',#12052,#9590,#9591);
#8859=AXIS2_PLACEMENT_3D('',#12053,#9592,#9593);
#8860=AXIS2_PLACEMENT_3D('',#12055,#9595,#9596);
#8861=AXIS2_PLACEMENT_3D('',#12056,#9597,#9598);
#8862=AXIS2_PLACEMENT_3D('',#12071,#9600,#9601);
#8863=AXIS2_PLACEMENT_3D('',#12075,#9604,#9605);
#8864=AXIS2_PLACEMENT_3D('',#12079,#9608,#9609);
#8865=AXIS2_PLACEMENT_3D('',#12083,#9612,#9613);
#8866=AXIS2_PLACEMENT_3D('',#12087,#9616,#9617);
#8867=AXIS2_PLACEMENT_3D('',#12091,#9620,#9621);
#8868=AXIS2_PLACEMENT_3D('',#12095,#9624,#9625);
#8869=AXIS2_PLACEMENT_3D('',#12099,#9628,#9629);
#8870=AXIS2_PLACEMENT_3D('',#12103,#9632,#9633);
#8871=AXIS2_PLACEMENT_3D('',#12105,#9635,#9636);
#8872=AXIS2_PLACEMENT_3D('',#12106,#9637,#9638);
#8873=AXIS2_PLACEMENT_3D('',#12121,#9640,#9641);
#8874=AXIS2_PLACEMENT_3D('',#12123,#9642,#9643);
#8875=AXIS2_PLACEMENT_3D('',#12125,#9644,#9645);
#8876=AXIS2_PLACEMENT_3D('',#12137,#9646,#9647);
#8877=AXIS2_PLACEMENT_3D('',#12147,#9648,#9649);
#8878=AXIS2_PLACEMENT_3D('',#12151,#9651,#9652);
#8879=AXIS2_PLACEMENT_3D('',#12161,#9653,#9654);
#8880=AXIS2_PLACEMENT_3D('',#12163,#9655,#9656);
#8881=AXIS2_PLACEMENT_3D('',#12165,#9657,#9658);
#8882=AXIS2_PLACEMENT_3D('',#12221,#9661,#9662);
#8883=AXIS2_PLACEMENT_3D('',#12222,#9663,#9664);
#8884=AXIS2_PLACEMENT_3D('',#12223,#9665,#9666);
#8885=AXIS2_PLACEMENT_3D('',#12224,#9667,#9668);
#8886=AXIS2_PLACEMENT_3D('',#12225,#9669,#9670);
#8887=AXIS2_PLACEMENT_3D('',#12226,#9671,#9672);
#8888=AXIS2_PLACEMENT_3D('',#12242,#9673,#9674);
#8889=AXIS2_PLACEMENT_3D('',#12243,#9675,#9676);
#8890=AXIS2_PLACEMENT_3D('',#12244,#9677,#9678);
#8891=AXIS2_PLACEMENT_3D('',#12246,#9680,#9681);
#8892=AXIS2_PLACEMENT_3D('',#12247,#9682,#9683);
#8893=AXIS2_PLACEMENT_3D('',#12271,#9684,#9685);
#8894=AXIS2_PLACEMENT_3D('',#12272,#9686,#9687);
#8895=AXIS2_PLACEMENT_3D('',#12299,#9689,#9690);
#8896=AXIS2_PLACEMENT_3D('',#12300,#9691,#9692);
#8897=AXIS2_PLACEMENT_3D('',#12301,#9693,#9694);
#8898=AXIS2_PLACEMENT_3D('',#12302,#9695,#9696);
#8899=AXIS2_PLACEMENT_3D('',#12303,#9697,#9698);
#8900=AXIS2_PLACEMENT_3D('',#12304,#9699,#9700);
#8901=AXIS2_PLACEMENT_3D('',#12333,#9703,#9704);
#8902=AXIS2_PLACEMENT_3D('',#12335,#9706,#9707);
#8903=AXIS2_PLACEMENT_3D('',#12336,#9708,#9709);
#8904=AXIS2_PLACEMENT_3D('',#12337,#9710,#9711);
#8905=AXIS2_PLACEMENT_3D('',#12372,#9714,#9715);
#8906=AXIS2_PLACEMENT_3D('',#12378,#9719,#9720);
#8907=AXIS2_PLACEMENT_3D('',#12486,#9730,#9731);
#8908=AXIS2_PLACEMENT_3D('',#12492,#9735,#9736);
#8909=AXIS2_PLACEMENT_3D('',#12498,#9740,#9741);
#8910=AXIS2_PLACEMENT_3D('',#12504,#9745,#9746);
#8911=AXIS2_PLACEMENT_3D('',#12510,#9750,#9751);
#8912=AXIS2_PLACEMENT_3D('',#12511,#9752,#9753);
#8913=AXIS2_PLACEMENT_3D('',#12513,#9754,#9755);
#8914=AXIS2_PLACEMENT_3D('',#12573,#9760,#9761);
#8915=AXIS2_PLACEMENT_3D('',#12596,#9765,#9766);
#8916=AXIS2_PLACEMENT_3D('',#12597,#9767,#9768);
#8917=AXIS2_PLACEMENT_3D('',#12599,#9769,#9770);
#8918=AXIS2_PLACEMENT_3D('',#12600,#9771,#9772);
#8919=AXIS2_PLACEMENT_3D('',#12622,#9776,#9777);
#8920=AXIS2_PLACEMENT_3D('',#12623,#9778,#9779);
#8921=AXIS2_PLACEMENT_3D('',#12648,#9792,#9793);
#8922=AXIS2_PLACEMENT_3D('',#12654,#9797,#9798);
#8923=AXIS2_PLACEMENT_3D('',#12658,#9801,#9802);
#8924=AXIS2_PLACEMENT_3D('',#12662,#9805,#9806);
#8925=AXIS2_PLACEMENT_3D('',#12666,#9809,#9810);
#8926=AXIS2_PLACEMENT_3D('',#12670,#9813,#9814);
#8927=AXIS2_PLACEMENT_3D('',#12674,#9817,#9818);
#8928=AXIS2_PLACEMENT_3D('',#12678,#9821,#9822);
#8929=AXIS2_PLACEMENT_3D('',#12682,#9825,#9826);
#8930=AXIS2_PLACEMENT_3D('',#12686,#9829,#9830);
#8931=AXIS2_PLACEMENT_3D('',#12690,#9833,#9834);
#8932=AXIS2_PLACEMENT_3D('',#12694,#9837,#9838);
#8933=AXIS2_PLACEMENT_3D('',#12696,#9840,#9841);
#8934=AXIS2_PLACEMENT_3D('',#12715,#9846,#9847);
#8935=AXIS2_PLACEMENT_3D('',#12735,#9852,#9853);
#8936=AXIS2_PLACEMENT_3D('',#12753,#9857,#9858);
#8937=AXIS2_PLACEMENT_3D('',#12757,#9861,#9862);
#8938=AXIS2_PLACEMENT_3D('',#12759,#9864,#9865);
#8939=AXIS2_PLACEMENT_3D('',#12768,#9870,#9871);
#8940=AXIS2_PLACEMENT_3D('',#12774,#9875,#9876);
#8941=AXIS2_PLACEMENT_3D('',#12780,#9880,#9881);
#8942=AXIS2_PLACEMENT_3D('',#12786,#9885,#9886);
#8943=AXIS2_PLACEMENT_3D('',#12792,#9890,#9891);
#8944=AXIS2_PLACEMENT_3D('',#12798,#9895,#9896);
#8945=AXIS2_PLACEMENT_3D('',#12804,#9900,#9901);
#8946=AXIS2_PLACEMENT_3D('',#12807,#9904,#9905);
#8947=AXIS2_PLACEMENT_3D('',#12808,#9906,#9907);
#8948=AXIS2_PLACEMENT_3D('',#12925,#9916,#9917);
#8949=AXIS2_PLACEMENT_3D('',#12929,#9920,#9921);
#8950=AXIS2_PLACEMENT_3D('',#12933,#9924,#9925);
#8951=AXIS2_PLACEMENT_3D('',#12935,#9927,#9928);
#8952=AXIS2_PLACEMENT_3D('',#12944,#9933,#9934);
#8953=AXIS2_PLACEMENT_3D('',#13026,#9942,#9943);
#8954=AXIS2_PLACEMENT_3D('',#13029,#9946,#9947);
#8955=AXIS2_PLACEMENT_3D('',#13030,#9948,#9949);
#8956=AXIS2_PLACEMENT_3D('',#13055,#9962,#9963);
#8957=AXIS2_PLACEMENT_3D('',#13061,#9967,#9968);
#8958=AXIS2_PLACEMENT_3D('',#13065,#9971,#9972);
#8959=AXIS2_PLACEMENT_3D('',#13069,#9975,#9976);
#8960=AXIS2_PLACEMENT_3D('',#13073,#9979,#9980);
#8961=AXIS2_PLACEMENT_3D('',#13077,#9983,#9984);
#8962=AXIS2_PLACEMENT_3D('',#13081,#9987,#9988);
#8963=AXIS2_PLACEMENT_3D('',#13085,#9991,#9992);
#8964=AXIS2_PLACEMENT_3D('',#13089,#9995,#9996);
#8965=AXIS2_PLACEMENT_3D('',#13093,#9999,#10000);
#8966=AXIS2_PLACEMENT_3D('',#13097,#10003,#10004);
#8967=AXIS2_PLACEMENT_3D('',#13101,#10007,#10008);
#8968=AXIS2_PLACEMENT_3D('',#13103,#10010,#10011);
#8969=AXIS2_PLACEMENT_3D('',#13122,#10013,#10014);
#8970=AXIS2_PLACEMENT_3D('',#13134,#10015,#10016);
#8971=AXIS2_PLACEMENT_3D('',#13148,#10018,#10019);
#8972=AXIS2_PLACEMENT_3D('',#13203,#10022,#10023);
#8973=AXIS2_PLACEMENT_3D('',#13204,#10024,#10025);
#8974=AXIS2_PLACEMENT_3D('',#13233,#10028,#10029);
#8975=AXIS2_PLACEMENT_3D('',#13235,#10031,#10032);
#8976=AXIS2_PLACEMENT_3D('',#13236,#10033,#10034);
#8977=AXIS2_PLACEMENT_3D('',#13263,#10036,#10037);
#8978=AXIS2_PLACEMENT_3D('',#13264,#10038,#10039);
#8979=AXIS2_PLACEMENT_3D('',#13293,#10042,#10043);
#8980=AXIS2_PLACEMENT_3D('',#13309,#10046,#10047);
#8981=AXIS2_PLACEMENT_3D('',#13322,#10054,#10055);
#8982=AXIS2_PLACEMENT_3D('',#13328,#10059,#10060);
#8983=AXIS2_PLACEMENT_3D('',#13332,#10063,#10064);
#8984=AXIS2_PLACEMENT_3D('',#13336,#10067,#10068);
#8985=AXIS2_PLACEMENT_3D('',#13340,#10071,#10072);
#8986=AXIS2_PLACEMENT_3D('',#13344,#10075,#10076);
#8987=AXIS2_PLACEMENT_3D('',#13346,#10078,#10079);
#8988=AXIS2_PLACEMENT_3D('',#13347,#10080,#10081);
#8989=AXIS2_PLACEMENT_3D('',#13349,#10082,#10083);
#8990=AXIS2_PLACEMENT_3D('',#13350,#10084,#10085);
#8991=AXIS2_PLACEMENT_3D('',#13352,#10086,#10087);
#8992=AXIS2_PLACEMENT_3D('',#13354,#10088,#10089);
#8993=AXIS2_PLACEMENT_3D('',#13363,#10094,#10095);
#8994=AXIS2_PLACEMENT_3D('',#13372,#10100,#10101);
#8995=AXIS2_PLACEMENT_3D('',#13376,#10104,#10105);
#8996=AXIS2_PLACEMENT_3D('',#13377,#10106,#10107);
#8997=AXIS2_PLACEMENT_3D('',#13379,#10108,#10109);
#8998=AXIS2_PLACEMENT_3D('',#13388,#10114,#10115);
#8999=AXIS2_PLACEMENT_3D('',#13397,#10120,#10121);
#9000=AXIS2_PLACEMENT_3D('',#13401,#10124,#10125);
#9001=AXIS2_PLACEMENT_3D('',#13402,#10126,#10127);
#9002=AXIS2_PLACEMENT_3D('',#13404,#10128,#10129);
#9003=AXIS2_PLACEMENT_3D('',#13413,#10134,#10135);
#9004=AXIS2_PLACEMENT_3D('',#13422,#10140,#10141);
#9005=AXIS2_PLACEMENT_3D('',#13426,#10144,#10145);
#9006=AXIS2_PLACEMENT_3D('',#13427,#10146,#10147);
#9007=AXIS2_PLACEMENT_3D('',#13429,#10148,#10149);
#9008=AXIS2_PLACEMENT_3D('',#13438,#10154,#10155);
#9009=AXIS2_PLACEMENT_3D('',#13447,#10160,#10161);
#9010=AXIS2_PLACEMENT_3D('',#13451,#10164,#10165);
#9011=AXIS2_PLACEMENT_3D('',#13452,#10166,#10167);
#9012=AXIS2_PLACEMENT_3D('',#13454,#10168,#10169);
#9013=AXIS2_PLACEMENT_3D('',#13455,#10170,#10171);
#9014=AXIS2_PLACEMENT_3D('',#13456,#10172,#10173);
#9015=AXIS2_PLACEMENT_3D('',#13457,#10174,#10175);
#9016=AXIS2_PLACEMENT_3D('',#13458,#10176,#10177);
#9017=AXIS2_PLACEMENT_3D('',#13459,#10178,#10179);
#9018=AXIS2_PLACEMENT_3D('',#13460,#10180,#10181);
#9019=AXIS2_PLACEMENT_3D('',#13461,#10182,#10183);
#9020=AXIS2_PLACEMENT_3D('',#13462,#10184,#10185);
#9021=AXIS2_PLACEMENT_3D('',#13463,#10186,#10187);
#9022=AXIS2_PLACEMENT_3D('',#13465,#10188,#10189);
#9023=AXIS2_PLACEMENT_3D('',#13466,#10190,#10191);
#9024=AXIS2_PLACEMENT_3D('',#13468,#10192,#10193);
#9025=AXIS2_PLACEMENT_3D('',#13469,#10194,#10195);
#9026=AXIS2_PLACEMENT_3D('',#13471,#10196,#10197);
#9027=AXIS2_PLACEMENT_3D('',#13472,#10198,#10199);
#9028=AXIS2_PLACEMENT_3D('',#13474,#10200,#10201);
#9029=AXIS2_PLACEMENT_3D('',#13485,#10208,#10209);
#9030=AXIS2_PLACEMENT_3D('',#13495,#10215,#10216);
#9031=AXIS2_PLACEMENT_3D('',#13508,#10223,#10224);
#9032=AXIS2_PLACEMENT_3D('',#13521,#10231,#10232);
#9033=AXIS2_PLACEMENT_3D('',#13531,#10238,#10239);
#9034=AXIS2_PLACEMENT_3D('',#13536,#10244,#10245);
#9035=AXIS2_PLACEMENT_3D('',#13539,#10248,#10249);
#9036=AXIS2_PLACEMENT_3D('',#13542,#10252,#10253);
#9037=AXIS2_PLACEMENT_3D('',#13543,#10254,#10255);
#9038=AXIS2_PLACEMENT_3D('',#13546,#10256,#10257);
#9039=AXIS2_PLACEMENT_3D('',#13548,#10258,#10259);
#9040=AXIS2_PLACEMENT_3D('',#13550,#10260,#10261);
#9041=AXIS2_PLACEMENT_3D('',#13551,#10262,#10263);
#9042=AXIS2_PLACEMENT_3D('',#13552,#10264,#10265);
#9043=AXIS2_PLACEMENT_3D('',#13557,#10268,#10269);
#9044=AXIS2_PLACEMENT_3D('',#13558,#10270,#10271);
#9045=AXIS2_PLACEMENT_3D('',#13563,#10274,#10275);
#9046=AXIS2_PLACEMENT_3D('',#13564,#10276,#10277);
#9047=AXIS2_PLACEMENT_3D('',#13567,#10278,#10279);
#9048=AXIS2_PLACEMENT_3D('',#13568,#10280,#10281);
#9049=AXIS2_PLACEMENT_3D('',#13569,#10282,#10283);
#9050=AXIS2_PLACEMENT_3D('',#13570,#10284,#10285);
#9051=AXIS2_PLACEMENT_3D('',#13573,#10286,#10287);
#9052=AXIS2_PLACEMENT_3D('',#13574,#10288,#10289);
#9053=AXIS2_PLACEMENT_3D('',#13575,#10290,#10291);
#9054=AXIS2_PLACEMENT_3D('',#13576,#10292,#10293);
#9055=AXIS2_PLACEMENT_3D('',#13581,#10296,#10297);
#9056=AXIS2_PLACEMENT_3D('',#13582,#10298,#10299);
#9057=AXIS2_PLACEMENT_3D('',#13587,#10302,#10303);
#9058=AXIS2_PLACEMENT_3D('',#13588,#10304,#10305);
#9059=AXIS2_PLACEMENT_3D('',#13589,#10306,#10307);
#9060=AXIS2_PLACEMENT_3D('',#13590,#10308,#10309);
#9061=AXIS2_PLACEMENT_3D('',#13591,#10310,#10311);
#9062=AXIS2_PLACEMENT_3D('',#13596,#10313,#10314);
#9063=AXIS2_PLACEMENT_3D('',#13599,#10316,#10317);
#9064=AXIS2_PLACEMENT_3D('',#13600,#10318,#10319);
#9065=AXIS2_PLACEMENT_3D('',#13605,#10322,#10323);
#9066=AXIS2_PLACEMENT_3D('',#13606,#10324,#10325);
#9067=AXIS2_PLACEMENT_3D('',#13611,#10328,#10329);
#9068=AXIS2_PLACEMENT_3D('',#13612,#10330,#10331);
#9069=AXIS2_PLACEMENT_3D('',#13617,#10334,#10335);
#9070=AXIS2_PLACEMENT_3D('',#13618,#10336,#10337);
#9071=AXIS2_PLACEMENT_3D('',#13623,#10340,#10341);
#9072=AXIS2_PLACEMENT_3D('',#13624,#10342,#10343);
#9073=AXIS2_PLACEMENT_3D('',#13629,#10346,#10347);
#9074=AXIS2_PLACEMENT_3D('',#13630,#10348,#10349);
#9075=AXIS2_PLACEMENT_3D('',#13635,#10352,#10353);
#9076=AXIS2_PLACEMENT_3D('',#13636,#10354,#10355);
#9077=AXIS2_PLACEMENT_3D('',#13641,#10358,#10359);
#9078=AXIS2_PLACEMENT_3D('',#13642,#10360,#10361);
#9079=AXIS2_PLACEMENT_3D('',#13647,#10364,#10365);
#9080=AXIS2_PLACEMENT_3D('',#13648,#10366,#10367);
#9081=AXIS2_PLACEMENT_3D('',#13653,#10370,#10371);
#9082=AXIS2_PLACEMENT_3D('',#13654,#10372,#10373);
#9083=AXIS2_PLACEMENT_3D('',#13659,#10376,#10377);
#9084=AXIS2_PLACEMENT_3D('',#13662,#10380,#10381);
#9085=AXIS2_PLACEMENT_3D('',#13663,#10382,#10383);
#9086=AXIS2_PLACEMENT_3D('',#13668,#10385,#10386);
#9087=AXIS2_PLACEMENT_3D('',#13671,#10388,#10389);
#9088=AXIS2_PLACEMENT_3D('',#13672,#10390,#10391);
#9089=AXIS2_PLACEMENT_3D('',#13677,#10394,#10395);
#9090=AXIS2_PLACEMENT_3D('',#13678,#10396,#10397);
#9091=AXIS2_PLACEMENT_3D('',#13683,#10400,#10401);
#9092=AXIS2_PLACEMENT_3D('',#13684,#10402,#10403);
#9093=AXIS2_PLACEMENT_3D('',#13689,#10406,#10407);
#9094=AXIS2_PLACEMENT_3D('',#13690,#10408,#10409);
#9095=AXIS2_PLACEMENT_3D('',#13695,#10412,#10413);
#9096=AXIS2_PLACEMENT_3D('',#13696,#10414,#10415);
#9097=AXIS2_PLACEMENT_3D('',#13701,#10418,#10419);
#9098=AXIS2_PLACEMENT_3D('',#13702,#10420,#10421);
#9099=AXIS2_PLACEMENT_3D('',#13707,#10424,#10425);
#9100=AXIS2_PLACEMENT_3D('',#13708,#10426,#10427);
#9101=AXIS2_PLACEMENT_3D('',#13713,#10430,#10431);
#9102=AXIS2_PLACEMENT_3D('',#13714,#10432,#10433);
#9103=AXIS2_PLACEMENT_3D('',#13719,#10436,#10437);
#9104=AXIS2_PLACEMENT_3D('',#13720,#10438,#10439);
#9105=AXIS2_PLACEMENT_3D('',#13725,#10442,#10443);
#9106=AXIS2_PLACEMENT_3D('',#13726,#10444,#10445);
#9107=AXIS2_PLACEMENT_3D('',#13731,#10448,#10449);
#9108=AXIS2_PLACEMENT_3D('',#13734,#10452,#10453);
#9109=AXIS2_PLACEMENT_3D('',#13735,#10454,#10455);
#9110=AXIS2_PLACEMENT_3D('',#13740,#10457,#10458);
#9111=AXIS2_PLACEMENT_3D('',#13743,#10460,#10461);
#9112=AXIS2_PLACEMENT_3D('',#13744,#10462,#10463);
#9113=AXIS2_PLACEMENT_3D('',#13749,#10466,#10467);
#9114=AXIS2_PLACEMENT_3D('',#13750,#10468,#10469);
#9115=AXIS2_PLACEMENT_3D('',#13755,#10472,#10473);
#9116=AXIS2_PLACEMENT_3D('',#13758,#10476,#10477);
#9117=AXIS2_PLACEMENT_3D('',#13767,#10482,#10483);
#9118=AXIS2_PLACEMENT_3D('',#13773,#10487,#10488);
#9119=AXIS2_PLACEMENT_3D('',#13779,#10492,#10493);
#9120=AXIS2_PLACEMENT_3D('',#13788,#10498,#10499);
#9121=AXIS2_PLACEMENT_3D('',#13794,#10503,#10504);
#9122=AXIS2_PLACEMENT_3D('',#13800,#10508,#10509);
#9123=AXIS2_PLACEMENT_3D('',#13805,#10512,#10513);
#9124=AXIS2_PLACEMENT_3D('',#13806,#10514,#10515);
#9125=AXIS2_PLACEMENT_3D('',#13811,#10518,#10519);
#9126=AXIS2_PLACEMENT_3D('',#13812,#10520,#10521);
#9127=AXIS2_PLACEMENT_3D('',#13817,#10524,#10525);
#9128=AXIS2_PLACEMENT_3D('',#13818,#10526,#10527);
#9129=AXIS2_PLACEMENT_3D('',#13823,#10530,#10531);
#9130=AXIS2_PLACEMENT_3D('',#13824,#10532,#10533);
#9131=AXIS2_PLACEMENT_3D('',#13825,#10534,#10535);
#9132=AXIS2_PLACEMENT_3D('',#13830,#10537,#10538);
#9133=AXIS2_PLACEMENT_3D('',#13833,#10540,#10541);
#9134=AXIS2_PLACEMENT_3D('',#13834,#10542,#10543);
#9135=AXIS2_PLACEMENT_3D('',#13839,#10546,#10547);
#9136=AXIS2_PLACEMENT_3D('',#13840,#10548,#10549);
#9137=AXIS2_PLACEMENT_3D('',#13845,#10552,#10553);
#9138=AXIS2_PLACEMENT_3D('',#13846,#10554,#10555);
#9139=AXIS2_PLACEMENT_3D('',#13851,#10558,#10559);
#9140=AXIS2_PLACEMENT_3D('',#13852,#10560,#10561);
#9141=AXIS2_PLACEMENT_3D('',#13857,#10564,#10565);
#9142=AXIS2_PLACEMENT_3D('',#13858,#10566,#10567);
#9143=AXIS2_PLACEMENT_3D('',#13863,#10570,#10571);
#9144=AXIS2_PLACEMENT_3D('',#13864,#10572,#10573);
#9145=AXIS2_PLACEMENT_3D('',#13869,#10576,#10577);
#9146=AXIS2_PLACEMENT_3D('',#13870,#10578,#10579);
#9147=AXIS2_PLACEMENT_3D('',#13875,#10582,#10583);
#9148=AXIS2_PLACEMENT_3D('',#13876,#10584,#10585);
#9149=AXIS2_PLACEMENT_3D('',#13881,#10588,#10589);
#9150=AXIS2_PLACEMENT_3D('',#13882,#10590,#10591);
#9151=AXIS2_PLACEMENT_3D('',#13887,#10594,#10595);
#9152=AXIS2_PLACEMENT_3D('',#13888,#10596,#10597);
#9153=AXIS2_PLACEMENT_3D('',#13893,#10600,#10601);
#9154=AXIS2_PLACEMENT_3D('',#13896,#10604,#10605);
#9155=AXIS2_PLACEMENT_3D('',#13897,#10606,#10607);
#9156=AXIS2_PLACEMENT_3D('',#13902,#10609,#10610);
#9157=AXIS2_PLACEMENT_3D('',#13905,#10612,#10613);
#9158=AXIS2_PLACEMENT_3D('',#13906,#10614,#10615);
#9159=AXIS2_PLACEMENT_3D('',#13911,#10618,#10619);
#9160=AXIS2_PLACEMENT_3D('',#13912,#10620,#10621);
#9161=AXIS2_PLACEMENT_3D('',#13917,#10624,#10625);
#9162=AXIS2_PLACEMENT_3D('',#13918,#10626,#10627);
#9163=AXIS2_PLACEMENT_3D('',#13923,#10630,#10631);
#9164=AXIS2_PLACEMENT_3D('',#13924,#10632,#10633);
#9165=AXIS2_PLACEMENT_3D('',#13929,#10636,#10637);
#9166=AXIS2_PLACEMENT_3D('',#13930,#10638,#10639);
#9167=AXIS2_PLACEMENT_3D('',#13935,#10642,#10643);
#9168=AXIS2_PLACEMENT_3D('',#13936,#10644,#10645);
#9169=AXIS2_PLACEMENT_3D('',#13941,#10648,#10649);
#9170=AXIS2_PLACEMENT_3D('',#13942,#10650,#10651);
#9171=AXIS2_PLACEMENT_3D('',#13947,#10654,#10655);
#9172=AXIS2_PLACEMENT_3D('',#13948,#10656,#10657);
#9173=AXIS2_PLACEMENT_3D('',#13953,#10660,#10661);
#9174=AXIS2_PLACEMENT_3D('',#13954,#10662,#10663);
#9175=AXIS2_PLACEMENT_3D('',#13959,#10666,#10667);
#9176=AXIS2_PLACEMENT_3D('',#13960,#10668,#10669);
#9177=AXIS2_PLACEMENT_3D('',#13965,#10672,#10673);
#9178=AXIS2_PLACEMENT_3D('',#13968,#10676,#10677);
#9179=AXIS2_PLACEMENT_3D('',#13970,#10679,#10680);
#9180=AXIS2_PLACEMENT_3D('',#13972,#10682,#10683);
#9181=AXIS2_PLACEMENT_3D('',#13975,#10686,#10687);
#9182=AXIS2_PLACEMENT_3D('',#13978,#10690,#10691);
#9183=AXIS2_PLACEMENT_3D('',#13981,#10694,#10695);
#9184=AXIS2_PLACEMENT_3D('',#13984,#10698,#10699);
#9185=AXIS2_PLACEMENT_3D('',#13987,#10702,#10703);
#9186=AXIS2_PLACEMENT_3D('',#13990,#10706,#10707);
#9187=AXIS2_PLACEMENT_3D('',#13993,#10710,#10711);
#9188=AXIS2_PLACEMENT_3D('',#13996,#10714,#10715);
#9189=AXIS2_PLACEMENT_3D('',#13997,#10716,#10717);
#9190=AXIS2_PLACEMENT_3D('',#14000,#10720,#10721);
#9191=AXIS2_PLACEMENT_3D('',#14003,#10724,#10725);
#9192=AXIS2_PLACEMENT_3D('',#14020,#10734,#10735);
#9193=AXIS2_PLACEMENT_3D('',#14037,#10744,#10745);
#9194=AXIS2_PLACEMENT_3D('',#14040,#10748,#10749);
#9195=AXIS2_PLACEMENT_3D('',#14042,#10751,#10752);
#9196=AXIS2_PLACEMENT_3D('',#14044,#10754,#10755);
#9197=AXIS2_PLACEMENT_3D('',#14046,#10757,#10758);
#9198=AXIS2_PLACEMENT_3D('',#14049,#10761,#10762);
#9199=AXIS2_PLACEMENT_3D('',#14051,#10764,#10765);
#9200=AXIS2_PLACEMENT_3D('',#14052,#10766,#10767);
#9201=AXIS2_PLACEMENT_3D('',#14069,#10776,#10777);
#9202=AXIS2_PLACEMENT_3D('',#14086,#10786,#10787);
#9203=AXIS2_PLACEMENT_3D('',#14089,#10790,#10791);
#9204=AXIS2_PLACEMENT_3D('',#14091,#10793,#10794);
#9205=AXIS2_PLACEMENT_3D('',#14093,#10796,#10797);
#9206=AXIS2_PLACEMENT_3D('',#14095,#10799,#10800);
#9207=AXIS2_PLACEMENT_3D('',#14098,#10803,#10804);
#9208=AXIS2_PLACEMENT_3D('',#14100,#10806,#10807);
#9209=AXIS2_PLACEMENT_3D('',#14101,#10808,#10809);
#9210=AXIS2_PLACEMENT_3D('',#14118,#10818,#10819);
#9211=AXIS2_PLACEMENT_3D('',#14135,#10828,#10829);
#9212=AXIS2_PLACEMENT_3D('',#14138,#10832,#10833);
#9213=AXIS2_PLACEMENT_3D('',#14140,#10835,#10836);
#9214=AXIS2_PLACEMENT_3D('',#14143,#10839,#10840);
#9215=AXIS2_PLACEMENT_3D('',#14145,#10842,#10843);
#9216=AXIS2_PLACEMENT_3D('',#14147,#10845,#10846);
#9217=AXIS2_PLACEMENT_3D('',#14149,#10848,#10849);
#9218=AXIS2_PLACEMENT_3D('',#14150,#10850,#10851);
#9219=AXIS2_PLACEMENT_3D('',#14167,#10860,#10861);
#9220=AXIS2_PLACEMENT_3D('',#14184,#10870,#10871);
#9221=AXIS2_PLACEMENT_3D('',#14187,#10874,#10875);
#9222=AXIS2_PLACEMENT_3D('',#14189,#10877,#10878);
#9223=AXIS2_PLACEMENT_3D('',#14192,#10881,#10882);
#9224=AXIS2_PLACEMENT_3D('',#14194,#10884,#10885);
#9225=AXIS2_PLACEMENT_3D('',#14196,#10887,#10888);
#9226=AXIS2_PLACEMENT_3D('',#14198,#10890,#10891);
#9227=AXIS2_PLACEMENT_3D('',#14199,#10892,#10893);
#9228=AXIS2_PLACEMENT_3D('',#14208,#10898,#10899);
#9229=AXIS2_PLACEMENT_3D('',#14213,#10903,#10904);
#9230=AXIS2_PLACEMENT_3D('',#14217,#10907,#10908);
#9231=AXIS2_PLACEMENT_3D('',#14220,#10911,#10912);
#9232=AXIS2_PLACEMENT_3D('',#14229,#10917,#10918);
#9233=AXIS2_PLACEMENT_3D('',#14234,#10922,#10923);
#9234=AXIS2_PLACEMENT_3D('',#14238,#10926,#10927);
#9235=AXIS2_PLACEMENT_3D('',#14241,#10930,#10931);
#9236=AXIS2_PLACEMENT_3D('',#14250,#10936,#10937);
#9237=AXIS2_PLACEMENT_3D('',#14255,#10941,#10942);
#9238=AXIS2_PLACEMENT_3D('',#14259,#10945,#10946);
#9239=AXIS2_PLACEMENT_3D('',#14262,#10949,#10950);
#9240=AXIS2_PLACEMENT_3D('',#14271,#10955,#10956);
#9241=AXIS2_PLACEMENT_3D('',#14276,#10960,#10961);
#9242=AXIS2_PLACEMENT_3D('',#14280,#10964,#10965);
#9243=AXIS2_PLACEMENT_3D('',#14283,#10968,#10969);
#9244=AXIS2_PLACEMENT_3D('',#14284,#10970,#10971);
#9245=AXIS2_PLACEMENT_3D('',#14285,#10972,#10973);
#9246=AXIS2_PLACEMENT_3D('',#14287,#10975,#10976);
#9247=AXIS2_PLACEMENT_3D('',#14288,#10977,#10978);
#9248=AXIS2_PLACEMENT_3D('',#14289,#10979,#10980);
#9249=AXIS2_PLACEMENT_3D('',#14290,#10981,#10982);
#9250=AXIS2_PLACEMENT_3D('',#14291,#10983,#10984);
#9251=AXIS2_PLACEMENT_3D('',#14292,#10985,#10986);
#9252=AXIS2_PLACEMENT_3D('',#14294,#10988,#10989);
#9253=AXIS2_PLACEMENT_3D('',#14295,#10990,#10991);
#9254=AXIS2_PLACEMENT_3D('',#14297,#10993,#10994);
#9255=AXIS2_PLACEMENT_3D('',#14298,#10995,#10996);
#9256=AXIS2_PLACEMENT_3D('',#14300,#10998,#10999);
#9257=AXIS2_PLACEMENT_3D('',#14301,#11000,#11001);
#9258=AXIS2_PLACEMENT_3D('',#14302,#11002,#11003);
#9259=AXIS2_PLACEMENT_3D('',#14303,#11004,#11005);
#9260=AXIS2_PLACEMENT_3D('',#14306,#11008,#11009);
#9261=AXIS2_PLACEMENT_3D('',#14309,#11012,#11013);
#9262=AXIS2_PLACEMENT_3D('',#14312,#11016,#11017);
#9263=AXIS2_PLACEMENT_3D('',#14313,#11018,#11019);
#9264=AXIS2_PLACEMENT_3D('',#14314,#11020,#11021);
#9265=AXIS2_PLACEMENT_3D('',#14315,#11022,#11023);
#9266=AXIS2_PLACEMENT_3D('',#14316,#11024,#11025);
#9267=AXIS2_PLACEMENT_3D('',#14317,#11026,#11027);
#9268=AXIS2_PLACEMENT_3D('',#14318,#11028,#11029);
#9269=AXIS2_PLACEMENT_3D('',#14321,#11032,#11033);
#9270=AXIS2_PLACEMENT_3D('',#14323,#11035,#11036);
#9271=AXIS2_PLACEMENT_3D('',#14325,#11038,#11039);
#9272=AXIS2_PLACEMENT_3D('',#14326,#11040,#11041);
#9273=AXIS2_PLACEMENT_3D('',#14328,#11042,#11043);
#9274=AXIS2_PLACEMENT_3D('',#14329,#11044,#11045);
#9275=AXIS2_PLACEMENT_3D('',#14330,#11046,#11047);
#9276=AXIS2_PLACEMENT_3D('',#14332,#11048,#11049);
#9277=AXIS2_PLACEMENT_3D('',#14333,#11050,#11051);
#9278=AXIS2_PLACEMENT_3D('',#14335,#11052,#11053);
#9279=AXIS2_PLACEMENT_3D('',#14336,#11054,#11055);
#9280=AXIS2_PLACEMENT_3D('',#14338,#11056,#11057);
#9281=AXIS2_PLACEMENT_3D('',#14339,#11058,#11059);
#9282=AXIS2_PLACEMENT_3D('',#14341,#11060,#11061);
#9283=AXIS2_PLACEMENT_3D('',#14342,#11062,#11063);
#9284=AXIS2_PLACEMENT_3D('',#14343,#11064,#11065);
#9285=AXIS2_PLACEMENT_3D('',#14344,#11066,#11067);
#9286=AXIS2_PLACEMENT_3D('',#14345,#11068,#11069);
#9287=AXIS2_PLACEMENT_3D('',#14346,#11070,#11071);
#9288=AXIS2_PLACEMENT_3D('',#14348,#11072,#11073);
#9289=AXIS2_PLACEMENT_3D('',#14349,#11074,#11075);
#9290=AXIS2_PLACEMENT_3D('',#14351,#11076,#11077);
#9291=AXIS2_PLACEMENT_3D('',#14352,#11078,#11079);
#9292=DIRECTION('',(0.,0.,1.));
#9293=DIRECTION('',(1.,0.,0.));
#9294=DIRECTION('',(0.,-1.,0.));
#9295=DIRECTION('',(0.,0.,-1.));
#9296=DIRECTION('',(0.,-1.,0.));
#9297=DIRECTION('',(0.,-1.,0.));
#9298=DIRECTION('',(0.,-1.,0.));
#9299=DIRECTION('',(0.,-1.,0.));
#9300=DIRECTION('',(0.,-1.,0.));
#9301=DIRECTION('',(0.,0.,1.));
#9302=DIRECTION('',(1.,0.,0.));
#9303=DIRECTION('',(-1.,0.,0.));
#9304=DIRECTION('',(-1.,0.,5.598717010404E-15));
#9305=DIRECTION('',(0.,1.,0.));
#9306=DIRECTION('',(0.,0.,1.));
#9307=DIRECTION('',(0.,1.,0.));
#9308=DIRECTION('',(0.,0.,1.));
#9309=DIRECTION('',(0.,1.,0.));
#9310=DIRECTION('',(0.,0.,1.));
#9311=DIRECTION('',(0.,1.,0.));
#9312=DIRECTION('',(0.,0.,1.));
#9313=DIRECTION('',(0.,1.,0.));
#9314=DIRECTION('',(0.,0.,1.));
#9315=DIRECTION('',(0.,1.,0.));
#9316=DIRECTION('',(0.,0.,1.));
#9317=DIRECTION('',(0.,-1.,0.));
#9318=DIRECTION('',(0.,0.,-1.));
#9319=DIRECTION('',(-1.,0.,0.));
#9320=DIRECTION('',(1.,0.,0.));
#9321=DIRECTION('',(1.,0.,0.));
#9322=DIRECTION('',(0.,-1.,0.));
#9323=DIRECTION('',(0.,-1.,0.));
#9324=DIRECTION('',(0.,0.,-1.));
#9325=DIRECTION('',(0.,-1.,0.));
#9326=DIRECTION('',(0.,0.,-1.));
#9327=DIRECTION('',(0.,-1.,0.));
#9328=DIRECTION('',(0.,0.,-1.));
#9329=DIRECTION('',(0.,0.,1.));
#9330=DIRECTION('',(1.,0.,0.));
#9331=DIRECTION('',(-1.,0.,0.));
#9332=DIRECTION('',(-1.,0.,0.));
#9333=DIRECTION('',(0.,-1.,0.));
#9334=DIRECTION('',(0.,-1.,0.));
#9335=DIRECTION('',(0.,-1.,0.));
#9336=DIRECTION('',(0.,-1.,0.));
#9337=DIRECTION('',(0.,0.,-1.));
#9338=DIRECTION('',(0.,-1.,0.));
#9339=DIRECTION('',(0.,0.,-1.));
#9340=DIRECTION('',(0.,-1.,0.));
#9341=DIRECTION('',(0.,0.,-1.));
#9342=DIRECTION('',(0.,-1.,0.));
#9343=DIRECTION('',(0.,-1.,0.));
#9344=DIRECTION('',(0.,-1.,0.));
#9345=DIRECTION('',(-0.463018065386878,0.,-0.886348842795766));
#9346=DIRECTION('',(-0.886348842795766,0.,0.463018065386878));
#9347=DIRECTION('',(0.886348842795766,0.,-0.463018065386878));
#9348=DIRECTION('',(0.886348842795766,0.,-0.463018065386878));
#9349=DIRECTION('',(0.,-1.,0.));
#9350=DIRECTION('',(0.863187758941128,0.,-0.504883048650075));
#9351=DIRECTION('',(-0.504883048650075,0.,-0.863187758941128));
#9352=DIRECTION('',(0.504883048650075,0.,0.863187758941128));
#9353=DIRECTION('',(0.504883048650075,0.,0.863187758941128));
#9354=DIRECTION('',(0.,-1.,0.));
#9355=DIRECTION('',(0.467307306754854,0.,0.884094950247724));
#9356=DIRECTION('',(0.884094950247724,0.,-0.467307306754854));
#9357=DIRECTION('',(-0.884094950247724,0.,0.467307306754854));
#9358=DIRECTION('',(-0.884094950247724,0.,0.467307306754854));
#9359=DIRECTION('',(0.,-1.,0.));
#9360=DIRECTION('',(1.,0.,0.));
#9361=DIRECTION('',(0.,0.,-1.));
#9362=DIRECTION('',(0.,0.,1.));
#9363=DIRECTION('',(0.,0.,1.));
#9364=DIRECTION('',(0.,1.,0.));
#9365=DIRECTION('',(0.,0.,1.));
#9366=DIRECTION('',(0.,1.,0.));
#9367=DIRECTION('',(0.,0.,1.));
#9368=DIRECTION('',(0.,1.,0.));
#9369=DIRECTION('',(0.,0.,1.));
#9370=DIRECTION('',(0.,1.,0.));
#9371=DIRECTION('',(0.,0.,1.));
#9372=DIRECTION('',(0.,1.,0.));
#9373=DIRECTION('',(0.,0.,1.));
#9374=DIRECTION('',(0.,1.,0.));
#9375=DIRECTION('',(0.,0.,1.));
#9376=DIRECTION('',(0.,1.,0.));
#9377=DIRECTION('',(0.,0.,1.));
#9378=DIRECTION('',(0.,1.,0.));
#9379=DIRECTION('',(0.,0.,1.));
#9380=DIRECTION('',(0.,1.,0.));
#9381=DIRECTION('',(0.,0.,1.));
#9382=DIRECTION('',(0.,1.,0.));
#9383=DIRECTION('',(0.,0.,1.));
#9384=DIRECTION('',(0.,1.,0.));
#9385=DIRECTION('',(0.,0.,1.));
#9386=DIRECTION('',(0.,1.,0.));
#9387=DIRECTION('',(0.,0.,1.));
#9388=DIRECTION('',(0.,-1.,0.));
#9389=DIRECTION('',(0.,-1.,0.));
#9390=DIRECTION('',(0.,-1.,0.));
#9391=DIRECTION('',(0.,-1.,0.));
#9392=DIRECTION('',(0.,-1.,0.));
#9393=DIRECTION('',(0.,-1.,0.));
#9394=DIRECTION('',(0.,-1.,0.));
#9395=DIRECTION('',(0.,0.,-1.));
#9396=DIRECTION('',(0.,-1.,0.));
#9397=DIRECTION('',(0.,0.,-1.));
#9398=DIRECTION('',(-1.,0.,6.285817926991E-15));
#9399=DIRECTION('',(0.341603830689971,0.,0.93984404177392));
#9400=DIRECTION('',(1.,0.,0.));
#9401=DIRECTION('',(0.338535034295869,0.,-0.940953787682634));
#9402=DIRECTION('',(-0.940953787676098,0.,-0.338535034314035));
#9403=DIRECTION('',(-0.338535034314035,0.,0.940953787676098));
#9404=DIRECTION('',(0.,-1.,0.));
#9405=DIRECTION('',(0.338535034295869,0.,-0.940953787682634));
#9406=DIRECTION('',(0.,-1.,0.));
#9407=DIRECTION('',(0.,-1.,0.));
#9408=DIRECTION('',(0.,0.,-1.));
#9409=DIRECTION('',(-1.,0.,0.));
#9410=DIRECTION('',(0.,-1.,0.));
#9411=DIRECTION('',(1.,0.,0.));
#9412=DIRECTION('',(0.,-1.,0.));
#9413=DIRECTION('',(0.93984404177392,0.,-0.341603830689971));
#9414=DIRECTION('',(-0.341603830689971,0.,-0.93984404177392));
#9415=DIRECTION('',(0.,-1.,0.));
#9416=DIRECTION('',(0.341603830689971,0.,0.93984404177392));
#9417=DIRECTION('',(0.,0.,1.));
#9418=DIRECTION('',(1.,0.,0.));
#9419=DIRECTION('',(-1.,0.,6.285817926991E-15));
#9420=DIRECTION('',(0.,0.,1.));
#9421=DIRECTION('',(1.,0.,0.));
#9422=DIRECTION('',(-1.,0.,1.479082247035E-14));
#9423=DIRECTION('',(0.,-1.,0.));
#9424=DIRECTION('',(-1.,0.,1.479082247035E-14));
#9425=DIRECTION('',(0.,-1.,0.));
#9426=DIRECTION('',(-0.936975345954473,0.,0.349395479469176));
#9427=DIRECTION('',(0.349395479469176,0.,0.936975345954473));
#9428=DIRECTION('',(-0.349395479497032,0.,-0.936975345944086));
#9429=DIRECTION('',(-0.349395479497032,0.,-0.936975345944086));
#9430=DIRECTION('',(0.,-1.,0.));
#9431=DIRECTION('',(0.,0.,1.));
#9432=DIRECTION('',(1.,0.,0.));
#9433=DIRECTION('',(-1.,0.,5.066469575242E-15));
#9434=DIRECTION('',(-1.,0.,5.066469575242E-15));
#9435=DIRECTION('',(0.,-1.,0.));
#9436=DIRECTION('',(0.943445233079843,0.,0.331528418357945));
#9437=DIRECTION('',(0.331528418357945,0.,-0.943445233079843));
#9438=DIRECTION('',(-0.331528418357945,0.,0.943445233079843));
#9439=DIRECTION('',(-0.331528418357945,0.,0.943445233079843));
#9440=DIRECTION('',(0.,-1.,0.));
#9441=DIRECTION('',(0.,0.,1.));
#9442=DIRECTION('',(1.,0.,0.));
#9443=DIRECTION('',(-1.,0.,0.));
#9444=DIRECTION('',(-1.,0.,0.));
#9445=DIRECTION('',(0.,-1.,0.));
#9446=DIRECTION('',(-0.934510438741738,0.,-0.3559357243699));
#9447=DIRECTION('',(-0.3559357243699,0.,0.934510438741738));
#9448=DIRECTION('',(0.3559357243699,0.,-0.934510438741738));
#9449=DIRECTION('',(0.3559357243699,0.,-0.934510438741738));
#9450=DIRECTION('',(0.,-1.,0.));
#9451=DIRECTION('',(0.,0.,-1.));
#9452=DIRECTION('',(-1.,0.,0.));
#9453=DIRECTION('',(1.,0.,-1.528384988471E-14));
#9454=DIRECTION('',(1.,0.,-1.528384988471E-14));
#9455=DIRECTION('',(0.,-1.,0.));
#9456=DIRECTION('',(0.934510438743987,0.,-0.355935724363995));
#9457=DIRECTION('',(-0.355935724363995,0.,-0.934510438743987));
#9458=DIRECTION('',(0.355935724363995,0.,0.934510438743987));
#9459=DIRECTION('',(0.355935724363995,0.,0.934510438743987));
#9460=DIRECTION('',(0.,-1.,0.));
#9461=DIRECTION('',(0.,0.,-1.));
#9462=DIRECTION('',(0.,-1.,0.));
#9463=DIRECTION('',(0.,0.,-1.));
#9464=DIRECTION('',(1.,0.,0.));
#9465=DIRECTION('',(-4.104747482484E-15,0.,-1.));
#9466=DIRECTION('',(-1.,0.,0.));
#9467=DIRECTION('',(0.,-1.,0.));
#9468=DIRECTION('',(0.,-1.,0.));
#9469=DIRECTION('',(0.,-1.,0.));
#9470=DIRECTION('',(0.,-1.,0.));
#9471=DIRECTION('',(0.,-1.,0.));
#9472=DIRECTION('',(0.,0.,-1.));
#9473=DIRECTION('',(-1.,0.,0.));
#9474=DIRECTION('',(0.,-1.,0.));
#9475=DIRECTION('',(-1.,0.,0.));
#9476=DIRECTION('',(-1.,0.,0.));
#9477=DIRECTION('',(0.,0.,1.));
#9478=DIRECTION('',(0.,-1.,0.));
#9479=DIRECTION('',(-4.104747482484E-15,0.,-1.));
#9480=DIRECTION('',(0.,0.,1.));
#9481=DIRECTION('',(1.,0.,0.));
#9482=DIRECTION('',(1.,0.,0.));
#9483=DIRECTION('',(-1.,0.,0.));
#9484=DIRECTION('',(0.,0.,1.));
#9485=DIRECTION('',(-3.164600819836E-15,0.,-1.));
#9486=DIRECTION('',(0.,-1.,0.));
#9487=DIRECTION('',(-3.164600819836E-15,0.,-1.));
#9488=DIRECTION('',(0.,-1.,0.));
#9489=DIRECTION('',(0.,0.,-1.));
#9490=DIRECTION('',(-1.,0.,0.));
#9491=DIRECTION('',(1.,0.,-7.395411234999E-15));
#9492=DIRECTION('',(1.,0.,-7.395411234999E-15));
#9493=DIRECTION('',(0.,-1.,0.));
#9494=DIRECTION('',(0.,-1.,0.));
#9495=DIRECTION('',(0.,-1.,0.));
#9496=DIRECTION('',(0.,-1.,0.));
#9497=DIRECTION('',(0.,-1.,0.));
#9498=DIRECTION('',(0.,0.,1.));
#9499=DIRECTION('',(1.,0.,0.));
#9500=DIRECTION('',(-1.,0.,0.));
#9501=DIRECTION('',(-1.,0.,0.));
#9502=DIRECTION('',(0.,1.,0.));
#9503=DIRECTION('',(0.,0.,1.));
#9504=DIRECTION('',(0.,-1.,0.));
#9505=DIRECTION('',(0.,0.,-1.));
#9506=DIRECTION('',(0.,0.,1.));
#9507=DIRECTION('',(1.,0.,-5.16152528966E-15));
#9508=DIRECTION('',(3.135744277417E-15,0.,1.));
#9509=DIRECTION('',(-1.,0.,5.899413108109E-15));
#9510=DIRECTION('',(9.211248814947E-15,0.,1.));
#9511=DIRECTION('',(1.,0.,-5.899413108109E-15));
#9512=DIRECTION('',(3.29603791455E-15,0.,1.));
#9513=DIRECTION('',(-1.,0.,5.465747641191E-15));
#9514=DIRECTION('',(0.,0.,1.));
#9515=DIRECTION('',(1.,0.,-4.095920068553E-15));
#9516=DIRECTION('',(-3.164600819836E-15,0.,-1.));
#9517=DIRECTION('',(-1.,0.,3.922661092259E-15));
#9518=DIRECTION('',(0.,0.,1.));
#9519=DIRECTION('',(1.,0.,0.));
#9520=DIRECTION('',(-1.,0.,3.922661092259E-15));
#9521=DIRECTION('',(0.,-1.,0.));
#9522=DIRECTION('',(0.,-1.,0.));
#9523=DIRECTION('',(-1.,0.,0.));
#9524=DIRECTION('',(0.,0.,1.));
#9525=DIRECTION('',(-3.164600819836E-15,0.,-1.));
#9526=DIRECTION('',(0.,-1.,0.));
#9527=DIRECTION('',(0.,0.,-1.));
#9528=DIRECTION('',(-1.,0.,0.));
#9529=DIRECTION('',(1.,0.,-4.095920068553E-15));
#9530=DIRECTION('',(0.,-1.,0.));
#9531=DIRECTION('',(1.,0.,0.));
#9532=DIRECTION('',(0.,0.,-1.));
#9533=DIRECTION('',(0.,0.,1.));
#9534=DIRECTION('',(0.,-1.,0.));
#9535=DIRECTION('',(0.,0.,1.));
#9536=DIRECTION('',(1.,0.,0.));
#9537=DIRECTION('',(-1.,0.,5.465747641191E-15));
#9538=DIRECTION('',(0.,-1.,0.));
#9539=DIRECTION('',(1.,0.,0.));
#9540=DIRECTION('',(0.,0.,-1.));
#9541=DIRECTION('',(3.29603791455E-15,0.,1.));
#9542=DIRECTION('',(0.,-1.,0.));
#9543=DIRECTION('',(0.,0.,-1.));
#9544=DIRECTION('',(-1.,0.,0.));
#9545=DIRECTION('',(1.,0.,-5.899413108109E-15));
#9546=DIRECTION('',(0.,-1.,0.));
#9547=DIRECTION('',(1.,0.,0.));
#9548=DIRECTION('',(0.,0.,-1.));
#9549=DIRECTION('',(9.211248814947E-15,0.,1.));
#9550=DIRECTION('',(0.,-1.,0.));
#9551=DIRECTION('',(0.,0.,1.));
#9552=DIRECTION('',(1.,0.,0.));
#9553=DIRECTION('',(-1.,0.,5.899413108109E-15));
#9554=DIRECTION('',(0.,-1.,0.));
#9555=DIRECTION('',(1.,0.,0.));
#9556=DIRECTION('',(0.,0.,-1.));
#9557=DIRECTION('',(3.135744277417E-15,0.,1.));
#9558=DIRECTION('',(0.,-1.,0.));
#9559=DIRECTION('',(0.,0.,-1.));
#9560=DIRECTION('',(-1.,0.,0.));
#9561=DIRECTION('',(1.,0.,-5.16152528966E-15));
#9562=DIRECTION('',(0.,-1.,0.));
#9563=DIRECTION('',(1.,0.,0.));
#9564=DIRECTION('',(0.,0.,-1.));
#9565=DIRECTION('',(0.,0.,1.));
#9566=DIRECTION('',(0.,1.,0.));
#9567=DIRECTION('',(0.,0.,1.));
#9568=DIRECTION('',(1.,0.,0.));
#9569=DIRECTION('',(0.340917796218937,0.,-0.940093110399828));
#9570=DIRECTION('',(0.256068512784362,0.,-0.966658635072591));
#9571=DIRECTION('',(1.,0.,0.));
#9572=DIRECTION('',(0.252421897188036,0.,0.967617272386139));
#9573=DIRECTION('',(0.328346164813084,0.,0.944557460429242));
#9574=DIRECTION('',(1.,0.,0.));
#9575=DIRECTION('',(-0.365858921668963,0.,-0.930670322635907));
#9576=DIRECTION('',(0.389758265065169,0.,-0.920917203017399));
#9577=DIRECTION('',(0.,-1.,0.));
#9578=DIRECTION('',(0.,0.,-1.));
#9579=DIRECTION('',(-9.464769424239E-15,0.,-1.));
#9580=DIRECTION('',(0.,1.,0.));
#9581=DIRECTION('',(0.,0.,1.));
#9582=DIRECTION('',(-0.366797678951053,0.,0.930300737781133));
#9583=DIRECTION('',(0.930300737781133,0.,0.366797678951053));
#9584=DIRECTION('',(0.366797678951053,0.,-0.930300737781133));
#9585=DIRECTION('',(-0.366797678951053,0.,0.930300737781133));
#9586=DIRECTION('',(0.,-1.,0.));
#9587=DIRECTION('',(0.,-1.,0.));
#9588=DIRECTION('',(0.,1.,0.));
#9589=DIRECTION('',(0.,0.,1.));
#9590=DIRECTION('',(0.,1.,0.));
#9591=DIRECTION('',(0.,0.,1.));
#9592=DIRECTION('',(-1.,0.,0.));
#9593=DIRECTION('',(0.,0.,1.));
#9594=DIRECTION('',(-9.464769424239E-15,0.,-1.));
#9595=DIRECTION('',(0.,-1.,0.));
#9596=DIRECTION('',(0.,0.,-1.));
#9597=DIRECTION('',(0.,-1.,0.));
#9598=DIRECTION('',(0.,0.,-1.));
#9599=DIRECTION('',(0.,-1.,0.));
#9600=DIRECTION('',(-0.920917203017399,0.,-0.389758265065169));
#9601=DIRECTION('',(-0.389758265065169,0.,0.920917203017399));
#9602=DIRECTION('',(0.389758265065169,0.,-0.920917203017399));
#9603=DIRECTION('',(0.,-1.,0.));
#9604=DIRECTION('',(-0.930670322635907,0.,0.365858921668963));
#9605=DIRECTION('',(0.365858921668963,0.,0.930670322635907));
#9606=DIRECTION('',(-0.365858921668963,0.,-0.930670322635907));
#9607=DIRECTION('',(0.,-1.,0.));
#9608=DIRECTION('',(0.,0.,-1.));
#9609=DIRECTION('',(-1.,0.,0.));
#9610=DIRECTION('',(1.,0.,0.));
#9611=DIRECTION('',(0.,-1.,0.));
#9612=DIRECTION('',(0.944557460429242,0.,-0.328346164813084));
#9613=DIRECTION('',(-0.328346164813084,0.,-0.944557460429242));
#9614=DIRECTION('',(0.328346164813084,0.,0.944557460429242));
#9615=DIRECTION('',(0.,-1.,0.));
#9616=DIRECTION('',(0.967617272386139,0.,-0.252421897188036));
#9617=DIRECTION('',(-0.252421897188036,0.,-0.967617272386139));
#9618=DIRECTION('',(0.252421897188036,0.,0.967617272386139));
#9619=DIRECTION('',(0.,-1.,0.));
#9620=DIRECTION('',(0.,0.,-1.));
#9621=DIRECTION('',(-1.,0.,0.));
#9622=DIRECTION('',(1.,0.,0.));
#9623=DIRECTION('',(0.,-1.,0.));
#9624=DIRECTION('',(-0.966658635072591,0.,-0.256068512784362));
#9625=DIRECTION('',(-0.256068512784362,0.,0.966658635072591));
#9626=DIRECTION('',(-0.256068512784362,0.,0.966658635072591));
#9627=DIRECTION('',(0.,-1.,0.));
#9628=DIRECTION('',(-0.940093110399828,0.,-0.340917796218937));
#9629=DIRECTION('',(-0.340917796218937,0.,0.940093110399828));
#9630=DIRECTION('',(0.340917796218937,0.,-0.940093110399828));
#9631=DIRECTION('',(0.,-1.,0.));
#9632=DIRECTION('',(0.,0.,-1.));
#9633=DIRECTION('',(-1.,0.,0.));
#9634=DIRECTION('',(1.,0.,0.));
#9635=DIRECTION('',(0.,-1.,0.));
#9636=DIRECTION('',(0.,0.,-1.));
#9637=DIRECTION('',(0.,-1.,0.));
#9638=DIRECTION('',(0.,0.,-1.));
#9639=DIRECTION('',(0.,0.,-1.));
#9640=DIRECTION('',(0.,1.,0.));
#9641=DIRECTION('',(0.,0.,1.));
#9642=DIRECTION('',(0.,1.,0.));
#9643=DIRECTION('',(0.,0.,1.));
#9644=DIRECTION('',(0.,1.,0.));
#9645=DIRECTION('',(0.,0.,1.));
#9646=DIRECTION('',(0.,-1.,0.));
#9647=DIRECTION('',(0.,0.,-1.));
#9648=DIRECTION('',(0.,-1.,0.));
#9649=DIRECTION('',(0.,0.,-1.));
#9650=DIRECTION('',(0.,0.,1.));
#9651=DIRECTION('',(0.,1.,0.));
#9652=DIRECTION('',(0.,0.,1.));
#9653=DIRECTION('',(0.,1.,0.));
#9654=DIRECTION('',(0.,0.,1.));
#9655=DIRECTION('',(0.,1.,0.));
#9656=DIRECTION('',(0.,0.,1.));
#9657=DIRECTION('',(0.,1.,0.));
#9658=DIRECTION('',(0.,0.,1.));
#9659=DIRECTION('',(0.,-1.,0.));
#9660=DIRECTION('',(0.,-1.,0.));
#9661=DIRECTION('',(0.,1.,0.));
#9662=DIRECTION('',(0.547802596920885,0.,-0.836607622967143));
#9663=DIRECTION('',(0.,1.,0.));
#9664=DIRECTION('',(0.,0.,1.));
#9665=DIRECTION('',(0.,1.,0.));
#9666=DIRECTION('',(0.,0.,1.));
#9667=DIRECTION('',(0.,1.,0.));
#9668=DIRECTION('',(0.,0.,1.));
#9669=DIRECTION('',(0.,1.,0.));
#9670=DIRECTION('',(0.,0.,1.));
#9671=DIRECTION('',(0.,1.,0.));
#9672=DIRECTION('',(0.,0.,1.));
#9673=DIRECTION('',(0.,1.,0.));
#9674=DIRECTION('',(0.,0.,1.));
#9675=DIRECTION('',(0.,1.,0.));
#9676=DIRECTION('',(0.,0.,1.));
#9677=DIRECTION('',(1.,0.,0.));
#9678=DIRECTION('',(0.,0.,-1.));
#9679=DIRECTION('',(0.,0.,1.));
#9680=DIRECTION('',(0.,-1.,0.));
#9681=DIRECTION('',(0.,0.,-1.));
#9682=DIRECTION('',(0.,-1.,0.));
#9683=DIRECTION('',(0.,0.,-1.));
#9684=DIRECTION('',(0.,-1.,0.));
#9685=DIRECTION('',(0.,0.,-1.));
#9686=DIRECTION('',(0.,-1.,0.));
#9687=DIRECTION('',(0.,0.,-1.));
#9688=DIRECTION('',(0.,-1.,0.));
#9689=DIRECTION('',(0.,1.,0.));
#9690=DIRECTION('',(-0.518824237041612,0.,0.854880933848796));
#9691=DIRECTION('',(0.,1.,0.));
#9692=DIRECTION('',(0.,0.,1.));
#9693=DIRECTION('',(0.,1.,0.));
#9694=DIRECTION('',(0.,0.,1.));
#9695=DIRECTION('',(0.,1.,0.));
#9696=DIRECTION('',(0.,0.,1.));
#9697=DIRECTION('',(0.,1.,0.));
#9698=DIRECTION('',(0.,0.,1.));
#9699=DIRECTION('',(0.,1.,0.));
#9700=DIRECTION('',(0.,0.,1.));
#9701=DIRECTION('',(0.,-1.,0.));
#9702=DIRECTION('',(0.,-1.,0.));
#9703=DIRECTION('',(-1.,0.,0.));
#9704=DIRECTION('',(0.,0.,1.));
#9705=DIRECTION('',(0.,0.,-1.));
#9706=DIRECTION('',(0.,-1.,0.));
#9707=DIRECTION('',(0.,0.,-1.));
#9708=DIRECTION('',(0.,-1.,0.));
#9709=DIRECTION('',(0.,0.,-1.));
#9710=DIRECTION('',(0.,-1.,0.));
#9711=DIRECTION('',(0.,0.,-1.));
#9712=DIRECTION('',(0.,0.,1.));
#9713=DIRECTION('',(0.99106836629976,0.,-0.133354764893968));
#9714=DIRECTION('',(-0.133354764893968,0.,-0.99106836629976));
#9715=DIRECTION('',(-0.99106836629976,0.,0.133354764893968));
#9716=DIRECTION('',(0.,-1.,0.));
#9717=DIRECTION('',(0.99106836629976,0.,-0.133354764893968));
#9718=DIRECTION('',(0.,-1.,0.));
#9719=DIRECTION('',(-1.,0.,0.));
#9720=DIRECTION('',(0.,0.,1.));
#9721=DIRECTION('',(0.,-1.,0.));
#9722=DIRECTION('',(0.,0.,1.));
#9723=DIRECTION('',(0.,-1.,0.));
#9724=DIRECTION('',(0.,-1.,0.));
#9725=DIRECTION('',(0.,-1.,0.));
#9726=DIRECTION('',(0.,-1.,0.));
#9727=DIRECTION('',(0.,-1.,0.));
#9728=DIRECTION('',(0.,-1.,0.));
#9729=DIRECTION('',(0.,-1.,0.));
#9730=DIRECTION('',(1.,0.,0.));
#9731=DIRECTION('',(0.,0.,-1.));
#9732=DIRECTION('',(2.295127624645E-15,0.,1.));
#9733=DIRECTION('',(2.295127624645E-15,0.,1.));
#9734=DIRECTION('',(0.,-1.,0.));
#9735=DIRECTION('',(0.,0.,1.));
#9736=DIRECTION('',(1.,0.,0.));
#9737=DIRECTION('',(-1.,0.,0.));
#9738=DIRECTION('',(-1.,0.,0.));
#9739=DIRECTION('',(0.,-1.,0.));
#9740=DIRECTION('',(-1.,0.,0.));
#9741=DIRECTION('',(0.,0.,1.));
#9742=DIRECTION('',(0.,0.,-1.));
#9743=DIRECTION('',(0.,0.,-1.));
#9744=DIRECTION('',(0.,-1.,0.));
#9745=DIRECTION('',(0.,0.,1.));
#9746=DIRECTION('',(1.,0.,0.));
#9747=DIRECTION('',(-1.,0.,0.));
#9748=DIRECTION('',(-1.,0.,0.));
#9749=DIRECTION('',(0.,1.,0.));
#9750=DIRECTION('',(0.,1.,0.));
#9751=DIRECTION('',(0.,0.,1.));
#9752=DIRECTION('',(0.,1.,0.));
#9753=DIRECTION('',(0.,0.,1.));
#9754=DIRECTION('',(0.,1.,0.));
#9755=DIRECTION('',(0.,0.,1.));
#9756=DIRECTION('',(0.,-1.,0.));
#9757=DIRECTION('',(0.,-1.,0.));
#9758=DIRECTION('',(0.,-1.,0.));
#9759=DIRECTION('',(0.,-1.,0.));
#9760=DIRECTION('',(-0.138741688482024,0.,-0.99032860398817));
#9761=DIRECTION('',(-0.99032860398817,0.,0.138741688482024));
#9762=DIRECTION('',(0.99032860398817,0.,-0.138741688482024));
#9763=DIRECTION('',(0.99032860398817,0.,-0.138741688482024));
#9764=DIRECTION('',(0.,-1.,0.));
#9765=DIRECTION('',(0.,-1.,0.));
#9766=DIRECTION('',(0.,0.,-1.));
#9767=DIRECTION('',(0.,-1.,0.));
#9768=DIRECTION('',(0.,0.,-1.));
#9769=DIRECTION('',(0.,-1.,0.));
#9770=DIRECTION('',(0.,0.,-1.));
#9771=DIRECTION('',(-1.,0.,0.));
#9772=DIRECTION('',(0.,0.,1.));
#9773=DIRECTION('',(-8.669410648966E-15,0.,-1.));
#9774=DIRECTION('',(-8.669410648966E-15,0.,-1.));
#9775=DIRECTION('',(0.,-1.,0.));
#9776=DIRECTION('',(0.,1.,0.));
#9777=DIRECTION('',(0.,0.,1.));
#9778=DIRECTION('',(0.,-1.,0.));
#9779=DIRECTION('',(0.,0.,-1.));
#9780=DIRECTION('',(0.,0.,1.));
#9781=DIRECTION('',(1.,0.,-5.161525289618E-15));
#9782=DIRECTION('',(3.135744277417E-15,0.,1.));
#9783=DIRECTION('',(-1.,0.,0.));
#9784=DIRECTION('',(9.211248814947E-15,0.,1.));
#9785=DIRECTION('',(1.,0.,0.));
#9786=DIRECTION('',(3.29603791455E-15,0.,1.));
#9787=DIRECTION('',(-1.,0.,5.465747641143E-15));
#9788=DIRECTION('',(0.,0.,1.));
#9789=DIRECTION('',(1.,0.,-4.095920068553E-15));
#9790=DIRECTION('',(-3.164600819836E-15,0.,-1.));
#9791=DIRECTION('',(-1.,0.,3.922661092259E-15));
#9792=DIRECTION('',(0.,0.,1.));
#9793=DIRECTION('',(1.,0.,0.));
#9794=DIRECTION('',(-1.,0.,3.922661092259E-15));
#9795=DIRECTION('',(0.,-1.,0.));
#9796=DIRECTION('',(0.,-1.,0.));
#9797=DIRECTION('',(-1.,0.,0.));
#9798=DIRECTION('',(0.,0.,1.));
#9799=DIRECTION('',(-3.164600819836E-15,0.,-1.));
#9800=DIRECTION('',(0.,-1.,0.));
#9801=DIRECTION('',(0.,0.,-1.));
#9802=DIRECTION('',(-1.,0.,0.));
#9803=DIRECTION('',(1.,0.,-4.095920068553E-15));
#9804=DIRECTION('',(0.,-1.,0.));
#9805=DIRECTION('',(1.,0.,0.));
#9806=DIRECTION('',(0.,0.,-1.));
#9807=DIRECTION('',(0.,0.,1.));
#9808=DIRECTION('',(0.,-1.,0.));
#9809=DIRECTION('',(0.,0.,1.));
#9810=DIRECTION('',(1.,0.,0.));
#9811=DIRECTION('',(-1.,0.,5.465747641143E-15));
#9812=DIRECTION('',(0.,-1.,0.));
#9813=DIRECTION('',(1.,0.,0.));
#9814=DIRECTION('',(0.,0.,-1.));
#9815=DIRECTION('',(3.29603791455E-15,0.,1.));
#9816=DIRECTION('',(0.,-1.,0.));
#9817=DIRECTION('',(0.,0.,-1.));
#9818=DIRECTION('',(-1.,0.,0.));
#9819=DIRECTION('',(1.,0.,0.));
#9820=DIRECTION('',(0.,-1.,0.));
#9821=DIRECTION('',(1.,0.,0.));
#9822=DIRECTION('',(0.,0.,-1.));
#9823=DIRECTION('',(9.211248814947E-15,0.,1.));
#9824=DIRECTION('',(0.,-1.,0.));
#9825=DIRECTION('',(0.,0.,1.));
#9826=DIRECTION('',(1.,0.,0.));
#9827=DIRECTION('',(-1.,0.,0.));
#9828=DIRECTION('',(0.,-1.,0.));
#9829=DIRECTION('',(1.,0.,0.));
#9830=DIRECTION('',(0.,0.,-1.));
#9831=DIRECTION('',(3.135744277417E-15,0.,1.));
#9832=DIRECTION('',(0.,-1.,0.));
#9833=DIRECTION('',(0.,0.,-1.));
#9834=DIRECTION('',(-1.,0.,0.));
#9835=DIRECTION('',(1.,0.,-5.161525289618E-15));
#9836=DIRECTION('',(0.,-1.,0.));
#9837=DIRECTION('',(1.,0.,0.));
#9838=DIRECTION('',(0.,0.,-1.));
#9839=DIRECTION('',(0.,0.,1.));
#9840=DIRECTION('',(0.,-1.,0.));
#9841=DIRECTION('',(0.,0.,-1.));
#9842=DIRECTION('',(-1.,0.,0.));
#9843=DIRECTION('',(0.341603830681942,0.,0.939844041776838));
#9844=DIRECTION('',(1.,0.,0.));
#9845=DIRECTION('',(0.338535034314035,0.,-0.940953787676098));
#9846=DIRECTION('',(-0.940953787676098,0.,-0.338535034314035));
#9847=DIRECTION('',(-0.338535034314035,0.,0.940953787676098));
#9848=DIRECTION('',(0.,-1.,0.));
#9849=DIRECTION('',(0.338535034314035,0.,-0.940953787676098));
#9850=DIRECTION('',(0.,-1.,0.));
#9851=DIRECTION('',(0.,-1.,0.));
#9852=DIRECTION('',(0.,0.,-1.));
#9853=DIRECTION('',(-1.,0.,0.));
#9854=DIRECTION('',(0.,-1.,0.));
#9855=DIRECTION('',(1.,0.,0.));
#9856=DIRECTION('',(0.,-1.,0.));
#9857=DIRECTION('',(0.939844041776838,0.,-0.341603830681942));
#9858=DIRECTION('',(-0.341603830681942,0.,-0.939844041776838));
#9859=DIRECTION('',(0.,-1.,0.));
#9860=DIRECTION('',(0.341603830681942,0.,0.939844041776838));
#9861=DIRECTION('',(0.,0.,1.));
#9862=DIRECTION('',(1.,0.,0.));
#9863=DIRECTION('',(-1.,0.,0.));
#9864=DIRECTION('',(0.,0.,1.));
#9865=DIRECTION('',(1.,0.,0.));
#9866=DIRECTION('',(-1.,0.,0.));
#9867=DIRECTION('',(0.,-1.,0.));
#9868=DIRECTION('',(-1.,0.,0.));
#9869=DIRECTION('',(0.,-1.,0.));
#9870=DIRECTION('',(-0.936975345954473,0.,0.349395479469176));
#9871=DIRECTION('',(0.349395479469176,0.,0.936975345954473));
#9872=DIRECTION('',(-0.349395479469176,0.,-0.936975345954473));
#9873=DIRECTION('',(-0.349395479469176,0.,-0.936975345954473));
#9874=DIRECTION('',(0.,-1.,0.));
#9875=DIRECTION('',(0.,0.,1.));
#9876=DIRECTION('',(1.,0.,0.));
#9877=DIRECTION('',(-1.,0.,0.));
#9878=DIRECTION('',(-1.,0.,0.));
#9879=DIRECTION('',(0.,-1.,0.));
#9880=DIRECTION('',(0.943445233082565,0.,0.331528418350198));
#9881=DIRECTION('',(0.331528418350198,0.,-0.943445233082565));
#9882=DIRECTION('',(-0.331528418350198,0.,0.943445233082565));
#9883=DIRECTION('',(-0.331528418350198,0.,0.943445233082565));
#9884=DIRECTION('',(0.,-1.,0.));
#9885=DIRECTION('',(0.,0.,1.));
#9886=DIRECTION('',(1.,0.,0.));
#9887=DIRECTION('',(-1.,0.,0.));
#9888=DIRECTION('',(-1.,0.,0.));
#9889=DIRECTION('',(0.,-1.,0.));
#9890=DIRECTION('',(-0.934510438743987,0.,-0.355935724363995));
#9891=DIRECTION('',(-0.355935724363995,0.,0.934510438743987));
#9892=DIRECTION('',(0.355935724363995,0.,-0.934510438743987));
#9893=DIRECTION('',(0.355935724363995,0.,-0.934510438743987));
#9894=DIRECTION('',(0.,-1.,0.));
#9895=DIRECTION('',(0.,0.,-1.));
#9896=DIRECTION('',(-1.,0.,0.));
#9897=DIRECTION('',(1.,0.,0.));
#9898=DIRECTION('',(1.,0.,0.));
#9899=DIRECTION('',(0.,-1.,0.));
#9900=DIRECTION('',(0.934510438741738,0.,-0.3559357243699));
#9901=DIRECTION('',(-0.3559357243699,0.,-0.934510438741738));
#9902=DIRECTION('',(0.3559357243699,0.,0.934510438741738));
#9903=DIRECTION('',(0.3559357243699,0.,0.934510438741738));
#9904=DIRECTION('',(0.,-1.,0.));
#9905=DIRECTION('',(0.,0.,-1.));
#9906=DIRECTION('',(0.,-1.,0.));
#9907=DIRECTION('',(0.,0.,-1.));
#9908=DIRECTION('',(1.,0.,0.));
#9909=DIRECTION('',(-4.104747482483E-15,0.,-1.));
#9910=DIRECTION('',(-1.,0.,0.));
#9911=DIRECTION('',(0.,-1.,0.));
#9912=DIRECTION('',(0.,-1.,0.));
#9913=DIRECTION('',(0.,-1.,0.));
#9914=DIRECTION('',(0.,-1.,0.));
#9915=DIRECTION('',(0.,-1.,0.));
#9916=DIRECTION('',(0.,0.,-1.));
#9917=DIRECTION('',(-1.,0.,0.));
#9918=DIRECTION('',(0.,-1.,0.));
#9919=DIRECTION('',(-1.,0.,0.));
#9920=DIRECTION('',(-1.,0.,0.));
#9921=DIRECTION('',(0.,0.,1.));
#9922=DIRECTION('',(0.,-1.,0.));
#9923=DIRECTION('',(-4.104747482483E-15,0.,-1.));
#9924=DIRECTION('',(0.,0.,1.));
#9925=DIRECTION('',(1.,0.,0.));
#9926=DIRECTION('',(1.,0.,0.));
#9927=DIRECTION('',(-1.,0.,0.));
#9928=DIRECTION('',(0.,0.,1.));
#9929=DIRECTION('',(-3.164600819836E-15,0.,-1.));
#9930=DIRECTION('',(0.,-1.,0.));
#9931=DIRECTION('',(-3.164600819836E-15,0.,-1.));
#9932=DIRECTION('',(0.,-1.,0.));
#9933=DIRECTION('',(0.,0.,-1.));
#9934=DIRECTION('',(-1.,0.,0.));
#9935=DIRECTION('',(1.,0.,0.));
#9936=DIRECTION('',(1.,0.,0.));
#9937=DIRECTION('',(0.,-1.,0.));
#9938=DIRECTION('',(0.,-1.,0.));
#9939=DIRECTION('',(0.,-1.,0.));
#9940=DIRECTION('',(0.,-1.,0.));
#9941=DIRECTION('',(0.,-1.,0.));
#9942=DIRECTION('',(0.,0.,1.));
#9943=DIRECTION('',(1.,0.,0.));
#9944=DIRECTION('',(-1.,0.,0.));
#9945=DIRECTION('',(-1.,0.,0.));
#9946=DIRECTION('',(0.,1.,0.));
#9947=DIRECTION('',(0.,0.,1.));
#9948=DIRECTION('',(0.,-1.,0.));
#9949=DIRECTION('',(0.,0.,-1.));
#9950=DIRECTION('',(0.,0.,1.));
#9951=DIRECTION('',(1.,0.,-5.16152528966E-15));
#9952=DIRECTION('',(6.271488554834E-15,0.,1.));
#9953=DIRECTION('',(-1.,0.,5.899413108053E-15));
#9954=DIRECTION('',(0.,0.,1.));
#9955=DIRECTION('',(1.,0.,-5.899413108053E-15));
#9956=DIRECTION('',(3.29603791455E-15,0.,1.));
#9957=DIRECTION('',(-1.,0.,0.));
#9958=DIRECTION('',(0.,0.,1.));
#9959=DIRECTION('',(1.,0.,-4.095920068553E-15));
#9960=DIRECTION('',(-3.164600819836E-15,0.,-1.));
#9961=DIRECTION('',(-1.,0.,3.922661092284E-15));
#9962=DIRECTION('',(0.,0.,1.));
#9963=DIRECTION('',(1.,0.,0.));
#9964=DIRECTION('',(-1.,0.,3.922661092284E-15));
#9965=DIRECTION('',(0.,-1.,0.));
#9966=DIRECTION('',(0.,-1.,0.));
#9967=DIRECTION('',(-1.,0.,0.));
#9968=DIRECTION('',(0.,0.,1.));
#9969=DIRECTION('',(-3.164600819836E-15,0.,-1.));
#9970=DIRECTION('',(0.,-1.,0.));
#9971=DIRECTION('',(0.,0.,-1.));
#9972=DIRECTION('',(-1.,0.,0.));
#9973=DIRECTION('',(1.,0.,-4.095920068553E-15));
#9974=DIRECTION('',(0.,-1.,0.));
#9975=DIRECTION('',(1.,0.,0.));
#9976=DIRECTION('',(0.,0.,-1.));
#9977=DIRECTION('',(0.,0.,1.));
#9978=DIRECTION('',(0.,-1.,0.));
#9979=DIRECTION('',(0.,0.,1.));
#9980=DIRECTION('',(1.,0.,0.));
#9981=DIRECTION('',(-1.,0.,0.));
#9982=DIRECTION('',(0.,-1.,0.));
#9983=DIRECTION('',(1.,0.,0.));
#9984=DIRECTION('',(0.,0.,-1.));
#9985=DIRECTION('',(3.29603791455E-15,0.,1.));
#9986=DIRECTION('',(0.,-1.,0.));
#9987=DIRECTION('',(0.,0.,-1.));
#9988=DIRECTION('',(-1.,0.,0.));
#9989=DIRECTION('',(1.,0.,-5.899413108053E-15));
#9990=DIRECTION('',(0.,-1.,0.));
#9991=DIRECTION('',(1.,0.,0.));
#9992=DIRECTION('',(0.,0.,-1.));
#9993=DIRECTION('',(0.,0.,1.));
#9994=DIRECTION('',(0.,-1.,0.));
#9995=DIRECTION('',(0.,0.,1.));
#9996=DIRECTION('',(1.,0.,0.));
#9997=DIRECTION('',(-1.,0.,5.899413108053E-15));
#9998=DIRECTION('',(0.,-1.,0.));
#9999=DIRECTION('',(1.,0.,0.));
#10000=DIRECTION('',(0.,0.,-1.));
#10001=DIRECTION('',(6.271488554834E-15,0.,1.));
#10002=DIRECTION('',(0.,-1.,0.));
#10003=DIRECTION('',(0.,0.,-1.));
#10004=DIRECTION('',(-1.,0.,0.));
#10005=DIRECTION('',(1.,0.,-5.16152528966E-15));
#10006=DIRECTION('',(0.,-1.,0.));
#10007=DIRECTION('',(1.,0.,0.));
#10008=DIRECTION('',(0.,0.,-1.));
#10009=DIRECTION('',(0.,0.,1.));
#10010=DIRECTION('',(0.,1.,0.));
#10011=DIRECTION('',(0.,0.,1.));
#10012=DIRECTION('',(8.526114605349E-15,0.,1.));
#10013=DIRECTION('',(0.,-1.,0.));
#10014=DIRECTION('',(0.,0.,-1.));
#10015=DIRECTION('',(0.,-1.,0.));
#10016=DIRECTION('',(0.,0.,-1.));
#10017=DIRECTION('',(0.,0.,1.));
#10018=DIRECTION('',(0.,1.,0.));
#10019=DIRECTION('',(0.,0.,1.));
#10020=DIRECTION('',(0.,-1.,0.));
#10021=DIRECTION('',(0.,-1.,0.));
#10022=DIRECTION('',(0.,1.,0.));
#10023=DIRECTION('',(0.933154036473815,0.,0.359476764496158));
#10024=DIRECTION('',(0.,1.,0.));
#10025=DIRECTION('',(0.,0.,1.));
#10026=DIRECTION('',(0.,-1.,0.));
#10027=DIRECTION('',(0.,-1.,0.));
#10028=DIRECTION('',(1.,0.,0.));
#10029=DIRECTION('',(0.,0.,-1.));
#10030=DIRECTION('',(0.,0.,1.));
#10031=DIRECTION('',(0.,-1.,0.));
#10032=DIRECTION('',(0.,0.,-1.));
#10033=DIRECTION('',(0.,-1.,0.));
#10034=DIRECTION('',(0.,0.,-1.));
#10035=DIRECTION('',(0.,-1.,0.));
#10036=DIRECTION('',(0.,-1.,0.));
#10037=DIRECTION('',(0.940475270190539,0.,-0.339862128163809));
#10038=DIRECTION('',(0.,-1.,0.));
#10039=DIRECTION('',(0.,0.,-1.));
#10040=DIRECTION('',(0.,-1.,0.));
#10041=DIRECTION('',(0.,-1.,0.));
#10042=DIRECTION('',(1.,0.,0.));
#10043=DIRECTION('',(0.,0.,-1.));
#10044=DIRECTION('',(8.526114605349E-15,0.,1.));
#10045=DIRECTION('',(0.,-1.,0.));
#10046=DIRECTION('',(0.,-1.,0.));
#10047=DIRECTION('',(0.,0.,-1.));
#10048=DIRECTION('',(0.,0.,1.));
#10049=DIRECTION('',(1.,0.,0.));
#10050=DIRECTION('',(3.57181719769E-15,0.,1.));
#10051=DIRECTION('',(1.,0.,0.));
#10052=DIRECTION('',(-3.164600819836E-15,0.,-1.));
#10053=DIRECTION('',(-1.,0.,4.000619940904E-15));
#10054=DIRECTION('',(0.,0.,1.));
#10055=DIRECTION('',(1.,0.,0.));
#10056=DIRECTION('',(-1.,0.,4.000619940904E-15));
#10057=DIRECTION('',(0.,-1.,0.));
#10058=DIRECTION('',(0.,-1.,0.));
#10059=DIRECTION('',(-1.,0.,0.));
#10060=DIRECTION('',(0.,0.,1.));
#10061=DIRECTION('',(-3.164600819836E-15,0.,-1.));
#10062=DIRECTION('',(0.,-1.,0.));
#10063=DIRECTION('',(0.,0.,-1.));
#10064=DIRECTION('',(-1.,0.,0.));
#10065=DIRECTION('',(1.,0.,0.));
#10066=DIRECTION('',(0.,-1.,0.));
#10067=DIRECTION('',(1.,0.,0.));
#10068=DIRECTION('',(0.,0.,-1.));
#10069=DIRECTION('',(3.57181719769E-15,0.,1.));
#10070=DIRECTION('',(0.,-1.,0.));
#10071=DIRECTION('',(0.,0.,-1.));
#10072=DIRECTION('',(-1.,0.,0.));
#10073=DIRECTION('',(1.,0.,0.));
#10074=DIRECTION('',(0.,-1.,0.));
#10075=DIRECTION('',(1.,0.,0.));
#10076=DIRECTION('',(0.,0.,-1.));
#10077=DIRECTION('',(0.,0.,1.));
#10078=DIRECTION('',(0.,0.,1.));
#10079=DIRECTION('',(1.,0.,0.));
#10080=DIRECTION('',(0.,0.,1.));
#10081=DIRECTION('',(1.,0.,0.));
#10082=DIRECTION('',(0.,0.,1.));
#10083=DIRECTION('',(1.,0.,0.));
#10084=DIRECTION('',(0.,0.,1.));
#10085=DIRECTION('',(1.,0.,0.));
#10086=DIRECTION('',(0.,0.,1.));
#10087=DIRECTION('',(1.,0.,0.));
#10088=DIRECTION('',(-2.06514699521E-16,1.,0.));
#10089=DIRECTION('',(-1.,-2.06514699521E-16,0.));
#10090=DIRECTION('',(0.,0.,1.));
#10091=DIRECTION('',(-1.,-2.06514699521E-16,0.));
#10092=DIRECTION('',(0.,0.,1.));
#10093=DIRECTION('',(-1.,-2.06514699521E-16,0.));
#10094=DIRECTION('',(-1.,0.,0.));
#10095=DIRECTION('',(0.,-1.,0.));
#10096=DIRECTION('',(0.,0.,-1.));
#10097=DIRECTION('',(-2.06514699521E-16,1.,0.));
#10098=DIRECTION('',(0.,0.,1.));
#10099=DIRECTION('',(-2.06514699521E-16,1.,0.));
#10100=DIRECTION('',(0.,0.,1.));
#10101=DIRECTION('',(1.,0.,0.));
#10102=DIRECTION('',(0.,-1.,0.));
#10103=DIRECTION('',(1.,1.445602896647E-16,0.));
#10104=DIRECTION('',(0.,0.,-1.));
#10105=DIRECTION('',(1.,0.,0.));
#10106=DIRECTION('',(0.,0.,1.));
#10107=DIRECTION('',(-1.,0.,0.));
#10108=DIRECTION('',(-1.,0.,0.));
#10109=DIRECTION('',(0.,-1.,0.));
#10110=DIRECTION('',(0.,0.,1.));
#10111=DIRECTION('',(-2.06514699521E-16,-1.,0.));
#10112=DIRECTION('',(0.,0.,1.));
#10113=DIRECTION('',(-2.06514699521E-16,-1.,0.));
#10114=DIRECTION('',(-2.06514699521E-16,1.,0.));
#10115=DIRECTION('',(-1.,-2.06514699521E-16,0.));
#10116=DIRECTION('',(0.,0.,-1.));
#10117=DIRECTION('',(-1.,0.,0.));
#10118=DIRECTION('',(0.,0.,1.));
#10119=DIRECTION('',(-1.,0.,0.));
#10120=DIRECTION('',(0.,0.,1.));
#10121=DIRECTION('',(1.,0.,0.));
#10122=DIRECTION('',(1.,1.445602896647E-16,0.));
#10123=DIRECTION('',(0.,1.,0.));
#10124=DIRECTION('',(0.,0.,-1.));
#10125=DIRECTION('',(1.,0.,0.));
#10126=DIRECTION('',(0.,0.,1.));
#10127=DIRECTION('',(-1.,0.,0.));
#10128=DIRECTION('',(2.06514699521E-16,-1.,0.));
#10129=DIRECTION('',(1.,2.06514699521E-16,0.));
#10130=DIRECTION('',(0.,0.,1.));
#10131=DIRECTION('',(1.,0.,0.));
#10132=DIRECTION('',(0.,0.,1.));
#10133=DIRECTION('',(1.,0.,0.));
#10134=DIRECTION('',(-1.,0.,0.));
#10135=DIRECTION('',(0.,-1.,0.));
#10136=DIRECTION('',(0.,0.,-1.));
#10137=DIRECTION('',(2.06514699521E-16,-1.,0.));
#10138=DIRECTION('',(0.,0.,1.));
#10139=DIRECTION('',(2.06514699521E-16,-1.,0.));
#10140=DIRECTION('',(0.,0.,1.));
#10141=DIRECTION('',(1.,0.,0.));
#10142=DIRECTION('',(0.,1.,0.));
#10143=DIRECTION('',(-1.,-1.445602896647E-16,0.));
#10144=DIRECTION('',(0.,0.,-1.));
#10145=DIRECTION('',(1.,0.,0.));
#10146=DIRECTION('',(0.,0.,1.));
#10147=DIRECTION('',(1.,0.,0.));
#10148=DIRECTION('',(-1.,0.,0.));
#10149=DIRECTION('',(0.,-1.,0.));
#10150=DIRECTION('',(0.,0.,1.));
#10151=DIRECTION('',(-2.06514699521E-16,1.,0.));
#10152=DIRECTION('',(0.,0.,1.));
#10153=DIRECTION('',(-2.06514699521E-16,1.,0.));
#10154=DIRECTION('',(2.06514699521E-16,-1.,0.));
#10155=DIRECTION('',(1.,2.06514699521E-16,0.));
#10156=DIRECTION('',(0.,0.,-1.));
#10157=DIRECTION('',(1.,2.06514699521E-16,0.));
#10158=DIRECTION('',(0.,0.,1.));
#10159=DIRECTION('',(1.,2.06514699521E-16,0.));
#10160=DIRECTION('',(0.,0.,1.));
#10161=DIRECTION('',(1.,0.,0.));
#10162=DIRECTION('',(-1.,-1.445602896647E-16,0.));
#10163=DIRECTION('',(0.,-1.,0.));
#10164=DIRECTION('',(0.,0.,-1.));
#10165=DIRECTION('',(1.,0.,0.));
#10166=DIRECTION('',(0.,0.,1.));
#10167=DIRECTION('',(1.,0.,0.));
#10168=DIRECTION('',(0.,0.,1.));
#10169=DIRECTION('',(1.,0.,0.));
#10170=DIRECTION('',(0.,0.,-1.));
#10171=DIRECTION('',(1.,0.,0.));
#10172=DIRECTION('',(0.,0.,1.));
#10173=DIRECTION('',(1.,0.,0.));
#10174=DIRECTION('',(0.,0.,-1.));
#10175=DIRECTION('',(1.,0.,0.));
#10176=DIRECTION('',(0.,0.,1.));
#10177=DIRECTION('',(1.,0.,0.));
#10178=DIRECTION('',(0.,0.,-1.));
#10179=DIRECTION('',(1.,0.,0.));
#10180=DIRECTION('',(0.,0.,1.));
#10181=DIRECTION('',(1.,0.,0.));
#10182=DIRECTION('',(0.,0.,-1.));
#10183=DIRECTION('',(1.,0.,0.));
#10184=DIRECTION('',(0.,0.,1.));
#10185=DIRECTION('',(1.,0.,0.));
#10186=DIRECTION('',(0.,0.,1.));
#10187=DIRECTION('',(-1.,0.,0.));
#10188=DIRECTION('',(0.,0.,1.));
#10189=DIRECTION('',(1.,0.,0.));
#10190=DIRECTION('',(0.,0.,1.));
#10191=DIRECTION('',(-1.,0.,0.));
#10192=DIRECTION('',(0.,0.,1.));
#10193=DIRECTION('',(1.,0.,0.));
#10194=DIRECTION('',(0.,0.,1.));
#10195=DIRECTION('',(1.,0.,0.));
#10196=DIRECTION('',(0.,0.,1.));
#10197=DIRECTION('',(1.,0.,0.));
#10198=DIRECTION('',(0.,0.,1.));
#10199=DIRECTION('',(1.,0.,0.));
#10200=DIRECTION('',(1.,0.,0.));
#10201=DIRECTION('',(0.,0.,-1.));
#10202=DIRECTION('',(0.,1.,0.));
#10203=DIRECTION('',(0.,0.,1.));
#10204=DIRECTION('',(0.,-1.,0.));
#10205=DIRECTION('',(0.,1.,0.));
#10206=DIRECTION('',(0.,-1.,0.));
#10207=DIRECTION('',(0.,0.,1.));
#10208=DIRECTION('',(0.,0.,1.));
#10209=DIRECTION('',(1.,0.,0.));
#10210=DIRECTION('',(0.,-1.,0.));
#10211=DIRECTION('',(1.,1.445602896647E-16,0.));
#10212=DIRECTION('',(1.,3.491481338843E-15,0.));
#10213=DIRECTION('',(0.,-1.,0.));
#10214=DIRECTION('',(1.,0.,0.));
#10215=DIRECTION('',(0.,0.,1.));
#10216=DIRECTION('',(1.,0.,0.));
#10217=DIRECTION('',(0.,1.,0.));
#10218=DIRECTION('',(1.,0.,0.));
#10219=DIRECTION('',(0.,1.,0.));
#10220=DIRECTION('',(1.,1.047444401653E-14,0.));
#10221=DIRECTION('',(0.,1.,0.));
#10222=DIRECTION('',(1.,1.445602896647E-16,0.));
#10223=DIRECTION('',(0.,0.,1.));
#10224=DIRECTION('',(1.,0.,0.));
#10225=DIRECTION('',(0.,1.,0.));
#10226=DIRECTION('',(-1.,-1.445602896647E-16,0.));
#10227=DIRECTION('',(0.,1.,0.));
#10228=DIRECTION('',(-1.,-1.047444401653E-14,0.));
#10229=DIRECTION('',(0.,1.,0.));
#10230=DIRECTION('',(-1.,0.,0.));
#10231=DIRECTION('',(0.,0.,1.));
#10232=DIRECTION('',(1.,0.,0.));
#10233=DIRECTION('',(0.,-1.,0.));
#10234=DIRECTION('',(-1.,0.,0.));
#10235=DIRECTION('',(0.,-1.,0.));
#10236=DIRECTION('',(1.,3.491481338843E-15,0.));
#10237=DIRECTION('',(-1.,-1.445602896647E-16,0.));
#10238=DIRECTION('',(-1.,0.,0.));
#10239=DIRECTION('',(0.,0.,1.));
#10240=DIRECTION('',(0.,0.,1.));
#10241=DIRECTION('',(0.,1.,0.));
#10242=DIRECTION('',(0.,0.,1.));
#10243=DIRECTION('',(0.,-1.,0.));
#10244=DIRECTION('',(-1.445602896647E-16,1.,0.));
#10245=DIRECTION('',(-1.,-1.445602896647E-16,0.));
#10246=DIRECTION('',(-1.,-1.445602896647E-16,0.));
#10247=DIRECTION('',(1.,1.445602896647E-16,0.));
#10248=DIRECTION('',(1.445602896647E-16,-1.,0.));
#10249=DIRECTION('',(1.,1.445602896647E-16,0.));
#10250=DIRECTION('',(1.,1.445602896647E-16,0.));
#10251=DIRECTION('',(-1.,-1.445602896647E-16,0.));
#10252=DIRECTION('',(0.,0.,1.));
#10253=DIRECTION('',(1.,0.,0.));
#10254=DIRECTION('',(0.,-1.,0.));
#10255=DIRECTION('',(0.,0.,-1.));
#10256=DIRECTION('',(0.,0.,-1.));
#10257=DIRECTION('',(1.,0.,0.));
#10258=DIRECTION('',(-1.,0.,0.));
#10259=DIRECTION('',(0.,0.,1.));
#10260=DIRECTION('',(0.,0.,1.));
#10261=DIRECTION('',(1.,0.,0.));
#10262=DIRECTION('',(-1.,0.,0.));
#10263=DIRECTION('',(0.,-1.,0.));
#10264=DIRECTION('',(-1.,0.,0.));
#10265=DIRECTION('',(0.,0.,1.));
#10266=DIRECTION('',(1.,-1.51788304148E-16,0.));
#10267=DIRECTION('',(-1.,1.51788304148E-16,0.));
#10268=DIRECTION('',(0.,1.,0.));
#10269=DIRECTION('',(0.,0.,1.));
#10270=DIRECTION('',(0.,-1.,0.));
#10271=DIRECTION('',(0.,0.,-1.));
#10272=DIRECTION('',(0.,1.,0.));
#10273=DIRECTION('',(0.,-1.,0.));
#10274=DIRECTION('',(0.,0.,1.));
#10275=DIRECTION('',(1.,0.,0.));
#10276=DIRECTION('',(0.,-1.,0.));
#10277=DIRECTION('',(0.,0.,-1.));
#10278=DIRECTION('',(0.,0.,1.));
#10279=DIRECTION('',(1.,0.,0.));
#10280=DIRECTION('',(0.,0.,-1.));
#10281=DIRECTION('',(1.,0.,0.));
#10282=DIRECTION('',(0.,0.,1.));
#10283=DIRECTION('',(1.,0.,0.));
#10284=DIRECTION('',(-1.,0.,0.));
#10285=DIRECTION('',(0.,0.,1.));
#10286=DIRECTION('',(0.,0.,-1.));
#10287=DIRECTION('',(1.,0.,0.));
#10288=DIRECTION('',(0.,0.,1.));
#10289=DIRECTION('',(1.,0.,0.));
#10290=DIRECTION('',(0.,-1.,0.));
#10291=DIRECTION('',(0.,0.,-1.));
#10292=DIRECTION('',(0.,-1.,0.));
#10293=DIRECTION('',(0.,0.,-1.));
#10294=DIRECTION('',(0.,1.,0.));
#10295=DIRECTION('',(0.,-1.,0.));
#10296=DIRECTION('',(1.,0.,0.));
#10297=DIRECTION('',(0.,1.,0.));
#10298=DIRECTION('',(-1.,0.,0.));
#10299=DIRECTION('',(0.,0.,1.));
#10300=DIRECTION('',(1.,-1.301042606983E-16,0.));
#10301=DIRECTION('',(-1.,1.301042606983E-16,0.));
#10302=DIRECTION('',(0.,0.,1.));
#10303=DIRECTION('',(1.,0.,0.));
#10304=DIRECTION('',(0.,0.,-1.));
#10305=DIRECTION('',(1.,0.,0.));
#10306=DIRECTION('',(0.,0.,1.));
#10307=DIRECTION('',(1.,0.,0.));
#10308=DIRECTION('',(-1.,0.,0.));
#10309=DIRECTION('',(0.,0.,1.));
#10310=DIRECTION('',(-0.707106781186548,0.707106781186548,0.));
#10311=DIRECTION('',(-0.707106781186548,-0.707106781186548,0.));
#10312=DIRECTION('',(-1.,0.,0.));
#10313=DIRECTION('',(0.707106781186548,0.707106781186548,0.));
#10314=DIRECTION('',(-0.707106781186548,0.707106781186548,0.));
#10315=DIRECTION('',(1.,0.,0.));
#10316=DIRECTION('',(0.,-1.,0.));
#10317=DIRECTION('',(0.,0.,-1.));
#10318=DIRECTION('',(-0.707106781186548,0.707106781186548,0.));
#10319=DIRECTION('',(-0.707106781186548,-0.707106781186548,0.));
#10320=DIRECTION('',(0.,1.,0.));
#10321=DIRECTION('',(0.,-1.,0.));
#10322=DIRECTION('',(0.,1.,0.));
#10323=DIRECTION('',(0.,0.,1.));
#10324=DIRECTION('',(0.707106781186548,0.707106781186548,0.));
#10325=DIRECTION('',(-0.707106781186548,0.707106781186548,0.));
#10326=DIRECTION('',(0.,1.,0.));
#10327=DIRECTION('',(0.,-1.,0.));
#10328=DIRECTION('',(1.,0.,0.));
#10329=DIRECTION('',(0.,0.,-1.));
#10330=DIRECTION('',(-0.707106781186548,0.707106781186548,0.));
#10331=DIRECTION('',(0.707106781186548,0.707106781186548,0.));
#10332=DIRECTION('',(-1.,0.,0.));
#10333=DIRECTION('',(1.,0.,0.));
#10334=DIRECTION('',(1.,0.,0.));
#10335=DIRECTION('',(0.,0.,-1.));
#10336=DIRECTION('',(0.707106781186548,0.707106781186548,0.));
#10337=DIRECTION('',(0.707106781186548,-0.707106781186548,0.));
#10338=DIRECTION('',(1.,0.,0.));
#10339=DIRECTION('',(-1.,0.,0.));
#10340=DIRECTION('',(2.710505431214E-16,-1.,0.));
#10341=DIRECTION('',(1.,2.710505431214E-16,0.));
#10342=DIRECTION('',(-0.707106781186548,0.707106781186548,0.));
#10343=DIRECTION('',(-0.707106781186548,-0.707106781186548,0.));
#10344=DIRECTION('',(2.710505431214E-16,1.,0.));
#10345=DIRECTION('',(-2.710505431214E-16,-1.,0.));
#10346=DIRECTION('',(-2.710505431214E-16,1.,0.));
#10347=DIRECTION('',(-1.,-2.710505431214E-16,0.));
#10348=DIRECTION('',(0.707106781186548,0.707106781186548,0.));
#10349=DIRECTION('',(-0.707106781186548,0.707106781186548,0.));
#10350=DIRECTION('',(2.710505431214E-16,1.,0.));
#10351=DIRECTION('',(-2.710505431214E-16,-1.,0.));
#10352=DIRECTION('',(1.,0.,0.));
#10353=DIRECTION('',(0.,1.,0.));
#10354=DIRECTION('',(-0.707106781186548,-0.707106781186548,0.));
#10355=DIRECTION('',(0.707106781186548,-0.707106781186548,0.));
#10356=DIRECTION('',(-1.,1.445602896647E-16,0.));
#10357=DIRECTION('',(1.,-1.445602896647E-16,0.));
#10358=DIRECTION('',(1.,0.,0.));
#10359=DIRECTION('',(0.,1.,0.));
#10360=DIRECTION('',(0.707106781186548,-0.707106781186548,0.));
#10361=DIRECTION('',(0.707106781186548,0.707106781186548,0.));
#10362=DIRECTION('',(1.,-1.445602896647E-16,0.));
#10363=DIRECTION('',(-1.,1.445602896647E-16,0.));
#10364=DIRECTION('',(-1.355252715607E-16,1.,0.));
#10365=DIRECTION('',(-1.,-1.355252715607E-16,0.));
#10366=DIRECTION('',(-0.707106781186548,-0.707106781186548,0.));
#10367=DIRECTION('',(-0.707106781186548,0.707106781186548,0.));
#10368=DIRECTION('',(-1.355252715607E-16,-1.,0.));
#10369=DIRECTION('',(1.355252715607E-16,1.,0.));
#10370=DIRECTION('',(1.355252715607E-16,-1.,0.));
#10371=DIRECTION('',(1.,1.355252715607E-16,0.));
#10372=DIRECTION('',(0.707106781186548,-0.707106781186548,0.));
#10373=DIRECTION('',(-0.707106781186548,-0.707106781186548,0.));
#10374=DIRECTION('',(-1.355252715607E-16,-1.,0.));
#10375=DIRECTION('',(1.355252715607E-16,1.,0.));
#10376=DIRECTION('',(1.,0.,0.));
#10377=DIRECTION('',(0.,0.,-1.));
#10378=DIRECTION('',(1.,0.,0.));
#10379=DIRECTION('',(-1.,0.,0.));
#10380=DIRECTION('',(-1.,0.,0.));
#10381=DIRECTION('',(0.,0.,1.));
#10382=DIRECTION('',(-0.707106781186548,0.707106781186548,0.));
#10383=DIRECTION('',(-0.707106781186548,-0.707106781186548,0.));
#10384=DIRECTION('',(-1.,0.,0.));
#10385=DIRECTION('',(0.707106781186548,-0.707106781186548,0.));
#10386=DIRECTION('',(-0.707106781186548,-0.707106781186548,0.));
#10387=DIRECTION('',(1.,0.,0.));
#10388=DIRECTION('',(-2.710505431214E-16,1.,0.));
#10389=DIRECTION('',(-1.,-2.710505431214E-16,0.));
#10390=DIRECTION('',(0.707106781186548,-0.707106781186548,0.));
#10391=DIRECTION('',(0.707106781186548,0.707106781186548,0.));
#10392=DIRECTION('',(2.710505431214E-16,-1.,0.));
#10393=DIRECTION('',(-2.710505431214E-16,1.,0.));
#10394=DIRECTION('',(0.,1.,0.));
#10395=DIRECTION('',(0.,0.,1.));
#10396=DIRECTION('',(0.707106781186548,0.707106781186548,0.));
#10397=DIRECTION('',(-0.707106781186548,0.707106781186548,0.));
#10398=DIRECTION('',(0.,1.,0.));
#10399=DIRECTION('',(0.,-1.,0.));
#10400=DIRECTION('',(-1.,0.,0.));
#10401=DIRECTION('',(0.,-1.,0.));
#10402=DIRECTION('',(0.707106781186548,0.707106781186548,0.));
#10403=DIRECTION('',(-0.707106781186548,0.707106781186548,0.));
#10404=DIRECTION('',(1.,-1.445602896647E-16,0.));
#10405=DIRECTION('',(-1.,1.445602896647E-16,0.));
#10406=DIRECTION('',(1.,0.,0.));
#10407=DIRECTION('',(0.,0.,-1.));
#10408=DIRECTION('',(0.707106781186548,-0.707106781186548,0.));
#10409=DIRECTION('',(0.707106781186548,0.707106781186548,0.));
#10410=DIRECTION('',(1.,0.,0.));
#10411=DIRECTION('',(-1.,0.,0.));
#10412=DIRECTION('',(1.355252715607E-16,-1.,0.));
#10413=DIRECTION('',(1.,1.355252715607E-16,0.));
#10414=DIRECTION('',(0.707106781186548,0.707106781186548,0.));
#10415=DIRECTION('',(0.707106781186548,-0.707106781186548,0.));
#10416=DIRECTION('',(-1.355252715607E-16,1.,0.));
#10417=DIRECTION('',(1.355252715607E-16,-1.,0.));
#10418=DIRECTION('',(0.,-1.,0.));
#10419=DIRECTION('',(0.,0.,-1.));
#10420=DIRECTION('',(-0.707106781186548,-0.707106781186548,0.));
#10421=DIRECTION('',(0.707106781186548,-0.707106781186548,0.));
#10422=DIRECTION('',(0.,-1.,0.));
#10423=DIRECTION('',(0.,1.,0.));
#10424=DIRECTION('',(-1.,0.,0.));
#10425=DIRECTION('',(0.,0.,1.));
#10426=DIRECTION('',(0.707106781186548,-0.707106781186548,0.));
#10427=DIRECTION('',(-0.707106781186548,-0.707106781186548,0.));
#10428=DIRECTION('',(1.,0.,0.));
#10429=DIRECTION('',(-1.,0.,0.));
#10430=DIRECTION('',(-1.,0.,0.));
#10431=DIRECTION('',(0.,0.,1.));
#10432=DIRECTION('',(-0.707106781186548,-0.707106781186548,0.));
#10433=DIRECTION('',(-0.707106781186548,0.707106781186548,0.));
#10434=DIRECTION('',(-1.,0.,0.));
#10435=DIRECTION('',(1.,0.,0.));
#10436=DIRECTION('',(-1.355252715607E-16,1.,0.));
#10437=DIRECTION('',(-1.,-1.355252715607E-16,0.));
#10438=DIRECTION('',(0.707106781186548,-0.707106781186548,0.));
#10439=DIRECTION('',(0.707106781186548,0.707106781186548,0.));
#10440=DIRECTION('',(1.355252715607E-16,-1.,0.));
#10441=DIRECTION('',(-1.355252715607E-16,1.,0.));
#10442=DIRECTION('',(2.710505431214E-16,-1.,0.));
#10443=DIRECTION('',(1.,2.710505431214E-16,0.));
#10444=DIRECTION('',(-0.707106781186548,-0.707106781186548,0.));
#10445=DIRECTION('',(0.707106781186548,-0.707106781186548,0.));
#10446=DIRECTION('',(2.710505431214E-16,-1.,0.));
#10447=DIRECTION('',(-2.710505431214E-16,1.,0.));
#10448=DIRECTION('',(-1.,0.,0.));
#10449=DIRECTION('',(0.,-1.,0.));
#10450=DIRECTION('',(-1.,1.445602896647E-16,0.));
#10451=DIRECTION('',(1.,-1.445602896647E-16,0.));
#10452=DIRECTION('',(-1.421904488506E-16,1.,0.));
#10453=DIRECTION('',(-1.,-1.421904488506E-16,0.));
#10454=DIRECTION('',(-0.707106781186548,-0.707106781186548,0.));
#10455=DIRECTION('',(-0.707106781186548,0.707106781186548,0.));
#10456=DIRECTION('',(-1.421904488506E-16,1.,0.));
#10457=DIRECTION('',(-0.707106781186548,0.707106781186548,0.));
#10458=DIRECTION('',(0.707106781186548,0.707106781186548,0.));
#10459=DIRECTION('',(1.421904488506E-16,-1.,0.));
#10460=DIRECTION('',(1.,0.,0.));
#10461=DIRECTION('',(0.,0.,-1.));
#10462=DIRECTION('',(-0.707106781186548,-0.707106781186548,0.));
#10463=DIRECTION('',(0.707106781186548,-0.707106781186548,0.));
#10464=DIRECTION('',(1.,0.,0.));
#10465=DIRECTION('',(-1.,0.,0.));
#10466=DIRECTION('',(1.,0.,0.));
#10467=DIRECTION('',(0.,0.,-1.));
#10468=DIRECTION('',(-0.707106781186548,0.707106781186548,0.));
#10469=DIRECTION('',(0.707106781186548,0.707106781186548,0.));
#10470=DIRECTION('',(1.,0.,0.));
#10471=DIRECTION('',(-1.,0.,0.));
#10472=DIRECTION('',(1.421904488506E-16,-1.,0.));
#10473=DIRECTION('',(1.,1.421904488506E-16,0.));
#10474=DIRECTION('',(1.421904488506E-16,-1.,0.));
#10475=DIRECTION('',(-1.421904488506E-16,1.,0.));
#10476=DIRECTION('',(0.,0.,-1.));
#10477=DIRECTION('',(-1.,0.,0.));
#10478=DIRECTION('',(0.,-1.,0.));
#10479=DIRECTION('',(-1.,0.,0.));
#10480=DIRECTION('',(0.,1.,0.));
#10481=DIRECTION('',(1.,0.,0.));
#10482=DIRECTION('',(1.,0.,0.));
#10483=DIRECTION('',(0.,0.,-1.));
#10484=DIRECTION('',(0.,1.,0.));
#10485=DIRECTION('',(0.,0.,1.));
#10486=DIRECTION('',(0.,0.,1.));
#10487=DIRECTION('',(-1.,0.,0.));
#10488=DIRECTION('',(0.,0.,1.));
#10489=DIRECTION('',(0.,-1.,0.));
#10490=DIRECTION('',(0.,0.,1.));
#10491=DIRECTION('',(0.,0.,1.));
#10492=DIRECTION('',(0.,0.,-1.));
#10493=DIRECTION('',(-1.,0.,0.));
#10494=DIRECTION('',(-4.336808689942E-16,-1.,0.));
#10495=DIRECTION('',(-1.,0.,0.));
#10496=DIRECTION('',(3.252606517457E-16,1.,0.));
#10497=DIRECTION('',(1.,1.355252715607E-16,0.));
#10498=DIRECTION('',(1.,0.,0.));
#10499=DIRECTION('',(0.,1.,0.));
#10500=DIRECTION('',(3.252606517457E-16,1.,0.));
#10501=DIRECTION('',(0.,0.,1.));
#10502=DIRECTION('',(0.,0.,1.));
#10503=DIRECTION('',(-1.,0.,0.));
#10504=DIRECTION('',(0.,-1.,0.));
#10505=DIRECTION('',(-4.336808689942E-16,-1.,0.));
#10506=DIRECTION('',(0.,0.,1.));
#10507=DIRECTION('',(0.,0.,1.));
#10508=DIRECTION('',(0.,0.,1.));
#10509=DIRECTION('',(1.,0.,0.));
#10510=DIRECTION('',(0.,0.,1.));
#10511=DIRECTION('',(0.,0.,-1.));
#10512=DIRECTION('',(0.,0.,-1.));
#10513=DIRECTION('',(-1.,0.,0.));
#10514=DIRECTION('',(0.,0.,1.));
#10515=DIRECTION('',(1.,0.,0.));
#10516=DIRECTION('',(0.,0.,1.));
#10517=DIRECTION('',(0.,0.,-1.));
#10518=DIRECTION('',(0.,0.,-1.));
#10519=DIRECTION('',(-1.,0.,0.));
#10520=DIRECTION('',(0.,0.,1.));
#10521=DIRECTION('',(1.,0.,0.));
#10522=DIRECTION('',(0.,0.,1.));
#10523=DIRECTION('',(0.,0.,-1.));
#10524=DIRECTION('',(0.,0.,-1.));
#10525=DIRECTION('',(-1.,0.,0.));
#10526=DIRECTION('',(0.,0.,1.));
#10527=DIRECTION('',(1.,0.,0.));
#10528=DIRECTION('',(0.,0.,1.));
#10529=DIRECTION('',(0.,0.,-1.));
#10530=DIRECTION('',(0.,0.,-1.));
#10531=DIRECTION('',(-1.,0.,0.));
#10532=DIRECTION('',(-1.,0.,0.));
#10533=DIRECTION('',(0.,0.,1.));
#10534=DIRECTION('',(-0.707106781186548,0.707106781186548,0.));
#10535=DIRECTION('',(-0.707106781186548,-0.707106781186548,0.));
#10536=DIRECTION('',(1.,0.,0.));
#10537=DIRECTION('',(0.707106781186548,-0.707106781186548,0.));
#10538=DIRECTION('',(-0.707106781186548,-0.707106781186548,0.));
#10539=DIRECTION('',(-1.,0.,0.));
#10540=DIRECTION('',(-2.710505431214E-16,1.,0.));
#10541=DIRECTION('',(-1.,-2.710505431214E-16,0.));
#10542=DIRECTION('',(0.707106781186548,-0.707106781186548,0.));
#10543=DIRECTION('',(0.707106781186548,0.707106781186548,0.));
#10544=DIRECTION('',(2.710505431214E-16,1.,0.));
#10545=DIRECTION('',(-2.710505431214E-16,-1.,0.));
#10546=DIRECTION('',(0.,1.,0.));
#10547=DIRECTION('',(0.,0.,1.));
#10548=DIRECTION('',(0.707106781186548,0.707106781186548,0.));
#10549=DIRECTION('',(-0.707106781186548,0.707106781186548,0.));
#10550=DIRECTION('',(0.,-1.,0.));
#10551=DIRECTION('',(0.,1.,0.));
#10552=DIRECTION('',(-1.,0.,0.));
#10553=DIRECTION('',(0.,-1.,0.));
#10554=DIRECTION('',(0.707106781186548,0.707106781186548,0.));
#10555=DIRECTION('',(-0.707106781186548,0.707106781186548,0.));
#10556=DIRECTION('',(-1.,1.445602896647E-16,0.));
#10557=DIRECTION('',(1.,-1.445602896647E-16,0.));
#10558=DIRECTION('',(1.,0.,0.));
#10559=DIRECTION('',(0.,0.,-1.));
#10560=DIRECTION('',(0.707106781186548,-0.707106781186548,0.));
#10561=DIRECTION('',(0.707106781186548,0.707106781186548,0.));
#10562=DIRECTION('',(-1.,0.,0.));
#10563=DIRECTION('',(1.,0.,0.));
#10564=DIRECTION('',(1.355252715607E-16,-1.,0.));
#10565=DIRECTION('',(1.,1.355252715607E-16,0.));
#10566=DIRECTION('',(0.707106781186548,0.707106781186548,0.));
#10567=DIRECTION('',(0.707106781186548,-0.707106781186548,0.));
#10568=DIRECTION('',(-1.355252715607E-16,-1.,0.));
#10569=DIRECTION('',(1.355252715607E-16,1.,0.));
#10570=DIRECTION('',(0.,-1.,0.));
#10571=DIRECTION('',(0.,0.,-1.));
#10572=DIRECTION('',(-0.707106781186548,-0.707106781186548,0.));
#10573=DIRECTION('',(0.707106781186548,-0.707106781186548,0.));
#10574=DIRECTION('',(0.,1.,0.));
#10575=DIRECTION('',(0.,-1.,0.));
#10576=DIRECTION('',(-1.,0.,0.));
#10577=DIRECTION('',(0.,0.,1.));
#10578=DIRECTION('',(0.707106781186548,-0.707106781186548,0.));
#10579=DIRECTION('',(-0.707106781186548,-0.707106781186548,0.));
#10580=DIRECTION('',(-1.,0.,0.));
#10581=DIRECTION('',(1.,0.,0.));
#10582=DIRECTION('',(-1.,0.,0.));
#10583=DIRECTION('',(0.,0.,1.));
#10584=DIRECTION('',(-0.707106781186548,-0.707106781186548,0.));
#10585=DIRECTION('',(-0.707106781186548,0.707106781186548,0.));
#10586=DIRECTION('',(1.,0.,0.));
#10587=DIRECTION('',(-1.,0.,0.));
#10588=DIRECTION('',(-1.355252715607E-16,1.,0.));
#10589=DIRECTION('',(-1.,-1.355252715607E-16,0.));
#10590=DIRECTION('',(0.707106781186548,-0.707106781186548,0.));
#10591=DIRECTION('',(0.707106781186548,0.707106781186548,0.));
#10592=DIRECTION('',(1.355252715607E-16,1.,0.));
#10593=DIRECTION('',(-1.355252715607E-16,-1.,0.));
#10594=DIRECTION('',(2.710505431214E-16,-1.,0.));
#10595=DIRECTION('',(1.,2.710505431214E-16,0.));
#10596=DIRECTION('',(-0.707106781186548,-0.707106781186548,0.));
#10597=DIRECTION('',(0.707106781186548,-0.707106781186548,0.));
#10598=DIRECTION('',(2.710505431214E-16,1.,0.));
#10599=DIRECTION('',(-2.710505431214E-16,-1.,0.));
#10600=DIRECTION('',(-1.,0.,0.));
#10601=DIRECTION('',(0.,-1.,0.));
#10602=DIRECTION('',(1.,-1.445602896647E-16,0.));
#10603=DIRECTION('',(-1.,1.445602896647E-16,0.));
#10604=DIRECTION('',(-1.,0.,0.));
#10605=DIRECTION('',(0.,0.,1.));
#10606=DIRECTION('',(0.707106781186548,0.707106781186548,0.));
#10607=DIRECTION('',(-0.707106781186548,0.707106781186548,0.));
#10608=DIRECTION('',(-1.,0.,0.));
#10609=DIRECTION('',(-0.707106781186548,0.707106781186548,0.));
#10610=DIRECTION('',(-0.707106781186548,-0.707106781186548,0.));
#10611=DIRECTION('',(1.,0.,0.));
#10612=DIRECTION('',(0.,1.,0.));
#10613=DIRECTION('',(0.,0.,1.));
#10614=DIRECTION('',(0.707106781186548,0.707106781186548,0.));
#10615=DIRECTION('',(-0.707106781186548,0.707106781186548,0.));
#10616=DIRECTION('',(0.,-1.,0.));
#10617=DIRECTION('',(0.,1.,0.));
#10618=DIRECTION('',(0.,-1.,0.));
#10619=DIRECTION('',(0.,0.,-1.));
#10620=DIRECTION('',(-0.707106781186548,0.707106781186548,0.));
#10621=DIRECTION('',(-0.707106781186548,-0.707106781186548,0.));
#10622=DIRECTION('',(0.,-1.,0.));
#10623=DIRECTION('',(0.,1.,0.));
#10624=DIRECTION('',(1.,0.,0.));
#10625=DIRECTION('',(0.,0.,-1.));
#10626=DIRECTION('',(0.707106781186548,0.707106781186548,0.));
#10627=DIRECTION('',(0.707106781186548,-0.707106781186548,0.));
#10628=DIRECTION('',(-1.,0.,0.));
#10629=DIRECTION('',(1.,0.,0.));
#10630=DIRECTION('',(1.,0.,0.));
#10631=DIRECTION('',(0.,0.,-1.));
#10632=DIRECTION('',(-0.707106781186548,0.707106781186548,0.));
#10633=DIRECTION('',(0.707106781186548,0.707106781186548,0.));
#10634=DIRECTION('',(1.,0.,0.));
#10635=DIRECTION('',(-1.,0.,0.));
#10636=DIRECTION('',(-2.710505431214E-16,1.,0.));
#10637=DIRECTION('',(-1.,-2.710505431214E-16,0.));
#10638=DIRECTION('',(0.707106781186548,0.707106781186548,0.));
#10639=DIRECTION('',(-0.707106781186548,0.707106781186548,0.));
#10640=DIRECTION('',(2.710505431214E-16,-1.,0.));
#10641=DIRECTION('',(-2.710505431214E-16,1.,0.));
#10642=DIRECTION('',(2.710505431214E-16,-1.,0.));
#10643=DIRECTION('',(1.,2.710505431214E-16,0.));
#10644=DIRECTION('',(-0.707106781186548,0.707106781186548,0.));
#10645=DIRECTION('',(-0.707106781186548,-0.707106781186548,0.));
#10646=DIRECTION('',(2.710505431214E-16,-1.,0.));
#10647=DIRECTION('',(-2.710505431214E-16,1.,0.));
#10648=DIRECTION('',(1.,0.,0.));
#10649=DIRECTION('',(0.,1.,0.));
#10650=DIRECTION('',(0.707106781186548,-0.707106781186548,0.));
#10651=DIRECTION('',(0.707106781186548,0.707106781186548,0.));
#10652=DIRECTION('',(-1.,1.445602896647E-16,0.));
#10653=DIRECTION('',(1.,-1.445602896647E-16,0.));
#10654=DIRECTION('',(1.,0.,0.));
#10655=DIRECTION('',(0.,1.,0.));
#10656=DIRECTION('',(-0.707106781186548,-0.707106781186548,0.));
#10657=DIRECTION('',(0.707106781186548,-0.707106781186548,0.));
#10658=DIRECTION('',(1.,-1.445602896647E-16,0.));
#10659=DIRECTION('',(-1.,1.445602896647E-16,0.));
#10660=DIRECTION('',(1.355252715607E-16,-1.,0.));
#10661=DIRECTION('',(1.,1.355252715607E-16,0.));
#10662=DIRECTION('',(0.707106781186548,-0.707106781186548,0.));
#10663=DIRECTION('',(-0.707106781186548,-0.707106781186548,0.));
#10664=DIRECTION('',(-1.355252715607E-16,1.,0.));
#10665=DIRECTION('',(1.355252715607E-16,-1.,0.));
#10666=DIRECTION('',(-1.355252715607E-16,1.,0.));
#10667=DIRECTION('',(-1.,-1.355252715607E-16,0.));
#10668=DIRECTION('',(-0.707106781186548,-0.707106781186548,0.));
#10669=DIRECTION('',(-0.707106781186548,0.707106781186548,0.));
#10670=DIRECTION('',(-1.355252715607E-16,1.,0.));
#10671=DIRECTION('',(1.355252715607E-16,-1.,0.));
#10672=DIRECTION('',(1.,0.,0.));
#10673=DIRECTION('',(0.,0.,-1.));
#10674=DIRECTION('',(1.,0.,0.));
#10675=DIRECTION('',(-1.,0.,0.));
#10676=DIRECTION('',(-1.,0.,0.));
#10677=DIRECTION('',(0.,0.,1.));
#10678=DIRECTION('',(0.,1.,0.));
#10679=DIRECTION('',(1.,0.,0.));
#10680=DIRECTION('',(0.,0.,-1.));
#10681=DIRECTION('',(0.,-1.,0.));
#10682=DIRECTION('',(1.445602896647E-16,-1.,0.));
#10683=DIRECTION('',(1.,1.445602896647E-16,0.));
#10684=DIRECTION('',(0.,0.,1.));
#10685=DIRECTION('',(0.,0.,1.));
#10686=DIRECTION('',(1.445602896647E-16,-1.,0.));
#10687=DIRECTION('',(1.,1.445602896647E-16,0.));
#10688=DIRECTION('',(0.,0.,1.));
#10689=DIRECTION('',(0.,0.,1.));
#10690=DIRECTION('',(1.,0.,0.));
#10691=DIRECTION('',(0.,0.,-1.));
#10692=DIRECTION('',(0.,0.,1.));
#10693=DIRECTION('',(0.,0.,-1.));
#10694=DIRECTION('',(1.,0.,0.));
#10695=DIRECTION('',(0.,0.,-1.));
#10696=DIRECTION('',(0.,0.,-1.));
#10697=DIRECTION('',(0.,0.,1.));
#10698=DIRECTION('',(-1.,0.,0.));
#10699=DIRECTION('',(0.,0.,1.));
#10700=DIRECTION('',(0.,0.,1.));
#10701=DIRECTION('',(0.,0.,1.));
#10702=DIRECTION('',(-1.,0.,0.));
#10703=DIRECTION('',(0.,0.,1.));
#10704=DIRECTION('',(0.,0.,1.));
#10705=DIRECTION('',(0.,0.,1.));
#10706=DIRECTION('',(-1.445602896647E-16,1.,0.));
#10707=DIRECTION('',(-1.,-1.445602896647E-16,0.));
#10708=DIRECTION('',(0.,0.,1.));
#10709=DIRECTION('',(0.,0.,1.));
#10710=DIRECTION('',(-1.445602896647E-16,1.,0.));
#10711=DIRECTION('',(-1.,-1.445602896647E-16,0.));
#10712=DIRECTION('',(0.,0.,1.));
#10713=DIRECTION('',(0.,0.,1.));
#10714=DIRECTION('',(0.,0.,1.));
#10715=DIRECTION('',(1.,0.,0.));
#10716=DIRECTION('',(0.,-1.,0.));
#10717=DIRECTION('',(0.,0.,-1.));
#10718=DIRECTION('',(0.,0.,-1.));
#10719=DIRECTION('',(0.,0.,-1.));
#10720=DIRECTION('',(0.,-1.,0.));
#10721=DIRECTION('',(0.,0.,-1.));
#10722=DIRECTION('',(0.,0.,-1.));
#10723=DIRECTION('',(0.,0.,-1.));
#10724=DIRECTION('',(0.,-1.,0.));
#10725=DIRECTION('',(1.,0.,0.));
#10726=DIRECTION('',(-1.,0.,0.));
#10727=DIRECTION('',(0.,0.,-1.));
#10728=DIRECTION('',(-1.,0.,0.));
#10729=DIRECTION('',(-0.389639990836796,0.,-0.920967251068517));
#10730=DIRECTION('',(-1.,0.,1.084202172486E-15));
#10731=DIRECTION('',(0.,0.,1.));
#10732=DIRECTION('',(-1.,0.,1.084202172486E-15));
#10733=DIRECTION('',(-0.389639990836796,0.,-0.920967251068517));
#10734=DIRECTION('',(0.,-1.,0.));
#10735=DIRECTION('',(1.,0.,0.));
#10736=DIRECTION('',(-1.,0.,0.));
#10737=DIRECTION('',(-0.389639990836796,0.,-0.920967251068517));
#10738=DIRECTION('',(-1.,0.,1.084202172486E-15));
#10739=DIRECTION('',(0.,0.,1.));
#10740=DIRECTION('',(-1.,0.,1.084202172486E-15));
#10741=DIRECTION('',(-0.389639990836796,0.,-0.920967251068517));
#10742=DIRECTION('',(-1.,0.,0.));
#10743=DIRECTION('',(0.,0.,-1.));
#10744=DIRECTION('',(1.,0.,0.));
#10745=DIRECTION('',(0.,0.,-1.));
#10746=DIRECTION('',(0.,1.,0.));
#10747=DIRECTION('',(0.,1.,0.));
#10748=DIRECTION('',(0.,0.,-1.));
#10749=DIRECTION('',(-1.,0.,0.));
#10750=DIRECTION('',(0.,1.,0.));
#10751=DIRECTION('',(0.920967251068517,0.,-0.389639990836796));
#10752=DIRECTION('',(-0.389639990836796,0.,-0.920967251068517));
#10753=DIRECTION('',(0.,1.,0.));
#10754=DIRECTION('',(0.,0.,-1.));
#10755=DIRECTION('',(-1.,0.,0.));
#10756=DIRECTION('',(0.,1.,0.));
#10757=DIRECTION('',(0.,0.,-1.));
#10758=DIRECTION('',(-1.,0.,0.));
#10759=DIRECTION('',(0.,1.,0.));
#10760=DIRECTION('',(0.,1.,0.));
#10761=DIRECTION('',(0.920967251068517,0.,-0.389639990836796));
#10762=DIRECTION('',(-0.389639990836796,0.,-0.920967251068517));
#10763=DIRECTION('',(0.,1.,0.));
#10764=DIRECTION('',(0.,0.,1.));
#10765=DIRECTION('',(1.,0.,0.));
#10766=DIRECTION('',(0.,-1.,0.));
#10767=DIRECTION('',(1.,0.,0.));
#10768=DIRECTION('',(1.,0.,0.));
#10769=DIRECTION('',(0.,0.,1.));
#10770=DIRECTION('',(1.,0.,0.));
#10771=DIRECTION('',(0.431455497303864,0.,-0.902134221635714));
#10772=DIRECTION('',(1.,0.,0.));
#10773=DIRECTION('',(0.,0.,-1.));
#10774=DIRECTION('',(1.,0.,0.));
#10775=DIRECTION('',(0.431455497303864,0.,-0.902134221635714));
#10776=DIRECTION('',(0.,-1.,0.));
#10777=DIRECTION('',(1.,0.,0.));
#10778=DIRECTION('',(1.,0.,0.));
#10779=DIRECTION('',(0.431455497303864,0.,-0.902134221635714));
#10780=DIRECTION('',(1.,0.,0.));
#10781=DIRECTION('',(0.,0.,-1.));
#10782=DIRECTION('',(1.,0.,0.));
#10783=DIRECTION('',(0.431455497303864,0.,-0.902134221635714));
#10784=DIRECTION('',(1.,0.,0.));
#10785=DIRECTION('',(0.,0.,1.));
#10786=DIRECTION('',(-1.,0.,0.));
#10787=DIRECTION('',(0.,0.,1.));
#10788=DIRECTION('',(0.,1.,0.));
#10789=DIRECTION('',(0.,1.,0.));
#10790=DIRECTION('',(0.,0.,1.));
#10791=DIRECTION('',(1.,0.,0.));
#10792=DIRECTION('',(0.,1.,0.));
#10793=DIRECTION('',(0.902134221635714,0.,0.431455497303864));
#10794=DIRECTION('',(0.431455497303864,0.,-0.902134221635714));
#10795=DIRECTION('',(0.,1.,0.));
#10796=DIRECTION('',(0.,0.,1.));
#10797=DIRECTION('',(1.,0.,0.));
#10798=DIRECTION('',(0.,1.,0.));
#10799=DIRECTION('',(0.,0.,1.));
#10800=DIRECTION('',(1.,0.,0.));
#10801=DIRECTION('',(0.,1.,0.));
#10802=DIRECTION('',(0.,1.,0.));
#10803=DIRECTION('',(0.902134221635714,0.,0.431455497303864));
#10804=DIRECTION('',(0.431455497303864,0.,-0.902134221635714));
#10805=DIRECTION('',(0.,1.,0.));
#10806=DIRECTION('',(0.,0.,-1.));
#10807=DIRECTION('',(-1.,0.,0.));
#10808=DIRECTION('',(0.,1.,0.));
#10809=DIRECTION('',(1.,0.,0.));
#10810=DIRECTION('',(-1.,0.,0.));
#10811=DIRECTION('',(-0.389639990836796,0.,-0.920967251068517));
#10812=DIRECTION('',(-1.,0.,1.084202172486E-15));
#10813=DIRECTION('',(0.,0.,1.));
#10814=DIRECTION('',(-1.,0.,1.084202172486E-15));
#10815=DIRECTION('',(-0.389639990836796,0.,-0.920967251068517));
#10816=DIRECTION('',(-1.,0.,0.));
#10817=DIRECTION('',(0.,0.,-1.));
#10818=DIRECTION('',(0.,1.,0.));
#10819=DIRECTION('',(1.,0.,0.));
#10820=DIRECTION('',(-1.,0.,0.));
#10821=DIRECTION('',(0.,0.,-1.));
#10822=DIRECTION('',(-1.,0.,0.));
#10823=DIRECTION('',(-0.389639990836796,0.,-0.920967251068517));
#10824=DIRECTION('',(-1.,0.,1.084202172486E-15));
#10825=DIRECTION('',(0.,0.,1.));
#10826=DIRECTION('',(-1.,0.,1.084202172486E-15));
#10827=DIRECTION('',(-0.389639990836796,0.,-0.920967251068517));
#10828=DIRECTION('',(0.920967251068517,0.,-0.389639990836796));
#10829=DIRECTION('',(-0.389639990836796,0.,-0.920967251068517));
#10830=DIRECTION('',(0.,-1.,0.));
#10831=DIRECTION('',(0.,-1.,0.));
#10832=DIRECTION('',(0.,0.,-1.));
#10833=DIRECTION('',(-1.,0.,0.));
#10834=DIRECTION('',(0.,-1.,0.));
#10835=DIRECTION('',(0.,0.,-1.));
#10836=DIRECTION('',(-1.,0.,0.));
#10837=DIRECTION('',(0.,-1.,0.));
#10838=DIRECTION('',(0.,-1.,0.));
#10839=DIRECTION('',(0.920967251068517,0.,-0.389639990836796));
#10840=DIRECTION('',(-0.389639990836796,0.,-0.920967251068517));
#10841=DIRECTION('',(0.,-1.,0.));
#10842=DIRECTION('',(0.,0.,-1.));
#10843=DIRECTION('',(-1.,0.,0.));
#10844=DIRECTION('',(0.,-1.,0.));
#10845=DIRECTION('',(1.,0.,0.));
#10846=DIRECTION('',(0.,0.,-1.));
#10847=DIRECTION('',(0.,-1.,0.));
#10848=DIRECTION('',(0.,0.,1.));
#10849=DIRECTION('',(1.,0.,0.));
#10850=DIRECTION('',(0.,1.,0.));
#10851=DIRECTION('',(1.,0.,0.));
#10852=DIRECTION('',(1.,0.,0.));
#10853=DIRECTION('',(0.431455497303864,0.,-0.902134221635714));
#10854=DIRECTION('',(1.,0.,0.));
#10855=DIRECTION('',(0.,0.,-1.));
#10856=DIRECTION('',(1.,0.,0.));
#10857=DIRECTION('',(0.431455497303864,0.,-0.902134221635714));
#10858=DIRECTION('',(1.,0.,0.));
#10859=DIRECTION('',(0.,0.,1.));
#10860=DIRECTION('',(0.,1.,0.));
#10861=DIRECTION('',(1.,0.,0.));
#10862=DIRECTION('',(1.,0.,0.));
#10863=DIRECTION('',(0.,0.,1.));
#10864=DIRECTION('',(1.,0.,0.));
#10865=DIRECTION('',(0.431455497303864,0.,-0.902134221635714));
#10866=DIRECTION('',(1.,0.,0.));
#10867=DIRECTION('',(0.,0.,-1.));
#10868=DIRECTION('',(1.,0.,0.));
#10869=DIRECTION('',(0.431455497303864,0.,-0.902134221635714));
#10870=DIRECTION('',(0.902134221635714,0.,0.431455497303864));
#10871=DIRECTION('',(0.431455497303864,0.,-0.902134221635714));
#10872=DIRECTION('',(0.,-1.,0.));
#10873=DIRECTION('',(0.,-1.,0.));
#10874=DIRECTION('',(0.,0.,1.));
#10875=DIRECTION('',(1.,0.,0.));
#10876=DIRECTION('',(0.,-1.,0.));
#10877=DIRECTION('',(0.,0.,1.));
#10878=DIRECTION('',(1.,0.,0.));
#10879=DIRECTION('',(0.,-1.,0.));
#10880=DIRECTION('',(0.,-1.,0.));
#10881=DIRECTION('',(0.902134221635714,0.,0.431455497303864));
#10882=DIRECTION('',(0.431455497303864,0.,-0.902134221635714));
#10883=DIRECTION('',(0.,-1.,0.));
#10884=DIRECTION('',(0.,0.,1.));
#10885=DIRECTION('',(1.,0.,0.));
#10886=DIRECTION('',(0.,-1.,0.));
#10887=DIRECTION('',(-1.,0.,0.));
#10888=DIRECTION('',(0.,0.,1.));
#10889=DIRECTION('',(0.,-1.,0.));
#10890=DIRECTION('',(0.,0.,-1.));
#10891=DIRECTION('',(-1.,0.,0.));
#10892=DIRECTION('',(1.,0.,0.));
#10893=DIRECTION('',(0.,0.,-1.));
#10894=DIRECTION('',(0.,0.,1.));
#10895=DIRECTION('',(3.491481338843E-15,-1.,0.));
#10896=DIRECTION('',(0.,0.,-1.));
#10897=DIRECTION('',(-3.491481338843E-15,1.,0.));
#10898=DIRECTION('',(1.047444401653E-14,-1.,0.));
#10899=DIRECTION('',(1.,1.047444401653E-14,0.));
#10900=DIRECTION('',(0.,0.,-1.));
#10901=DIRECTION('',(1.,3.491481338843E-15,0.));
#10902=DIRECTION('',(1.,3.491481338843E-15,0.));
#10903=DIRECTION('',(0.,0.,-1.));
#10904=DIRECTION('',(-1.,0.,0.));
#10905=DIRECTION('',(-3.491481338843E-15,1.,0.));
#10906=DIRECTION('',(1.,3.491481338843E-15,0.));
#10907=DIRECTION('',(-1.047444401653E-14,1.,0.));
#10908=DIRECTION('',(-1.,-1.047444401653E-14,0.));
#10909=DIRECTION('',(0.,0.,1.));
#10910=DIRECTION('',(1.,3.491481338843E-15,0.));
#10911=DIRECTION('',(-1.,0.,0.));
#10912=DIRECTION('',(0.,0.,-1.));
#10913=DIRECTION('',(0.,0.,1.));
#10914=DIRECTION('',(-1.047444401653E-14,1.,0.));
#10915=DIRECTION('',(0.,0.,-1.));
#10916=DIRECTION('',(1.047444401653E-14,-1.,0.));
#10917=DIRECTION('',(-1.047444401653E-14,1.,0.));
#10918=DIRECTION('',(-1.,-1.047444401653E-14,0.));
#10919=DIRECTION('',(0.,0.,-1.));
#10920=DIRECTION('',(-1.,-1.047444401653E-14,0.));
#10921=DIRECTION('',(-1.,-1.047444401653E-14,0.));
#10922=DIRECTION('',(0.,0.,-1.));
#10923=DIRECTION('',(-1.,0.,0.));
#10924=DIRECTION('',(1.047444401653E-14,-1.,0.));
#10925=DIRECTION('',(-1.,-1.047444401653E-14,0.));
#10926=DIRECTION('',(1.047444401653E-14,-1.,0.));
#10927=DIRECTION('',(1.,1.047444401653E-14,0.));
#10928=DIRECTION('',(0.,0.,1.));
#10929=DIRECTION('',(-1.,-1.047444401653E-14,0.));
#10930=DIRECTION('',(0.,1.,0.));
#10931=DIRECTION('',(0.,0.,-1.));
#10932=DIRECTION('',(0.,0.,1.));
#10933=DIRECTION('',(1.,0.,0.));
#10934=DIRECTION('',(0.,0.,-1.));
#10935=DIRECTION('',(-1.,0.,0.));
#10936=DIRECTION('',(1.,0.,0.));
#10937=DIRECTION('',(0.,0.,-1.));
#10938=DIRECTION('',(0.,0.,-1.));
#10939=DIRECTION('',(0.,1.,0.));
#10940=DIRECTION('',(0.,1.,0.));
#10941=DIRECTION('',(0.,0.,-1.));
#10942=DIRECTION('',(-1.,0.,0.));
#10943=DIRECTION('',(-1.,0.,0.));
#10944=DIRECTION('',(0.,1.,0.));
#10945=DIRECTION('',(-1.,0.,0.));
#10946=DIRECTION('',(0.,0.,1.));
#10947=DIRECTION('',(0.,0.,1.));
#10948=DIRECTION('',(0.,1.,0.));
#10949=DIRECTION('',(0.,-1.,0.));
#10950=DIRECTION('',(0.,0.,-1.));
#10951=DIRECTION('',(0.,0.,1.));
#10952=DIRECTION('',(-1.,0.,0.));
#10953=DIRECTION('',(0.,0.,-1.));
#10954=DIRECTION('',(1.,0.,0.));
#10955=DIRECTION('',(-1.,0.,0.));
#10956=DIRECTION('',(0.,0.,1.));
#10957=DIRECTION('',(0.,0.,-1.));
#10958=DIRECTION('',(0.,-1.,0.));
#10959=DIRECTION('',(0.,-1.,0.));
#10960=DIRECTION('',(0.,0.,-1.));
#10961=DIRECTION('',(-1.,0.,0.));
#10962=DIRECTION('',(1.,0.,0.));
#10963=DIRECTION('',(0.,-1.,0.));
#10964=DIRECTION('',(1.,0.,0.));
#10965=DIRECTION('',(0.,0.,-1.));
#10966=DIRECTION('',(0.,0.,1.));
#10967=DIRECTION('',(0.,-1.,0.));
#10968=DIRECTION('',(-1.,0.,0.));
#10969=DIRECTION('',(0.,-1.,0.));
#10970=DIRECTION('',(-1.,0.,0.));
#10971=DIRECTION('',(0.,-1.,0.));
#10972=DIRECTION('',(-1.,0.,0.));
#10973=DIRECTION('',(0.,-1.,0.));
#10974=DIRECTION('',(0.,0.,-1.));
#10975=DIRECTION('',(0.,-1.,0.));
#10976=DIRECTION('',(0.,0.,-1.));
#10977=DIRECTION('',(0.,1.,0.));
#10978=DIRECTION('',(0.,0.,1.));
#10979=DIRECTION('',(0.,1.,0.));
#10980=DIRECTION('',(0.,0.,1.));
#10981=DIRECTION('',(-1.,0.,0.));
#10982=DIRECTION('',(0.,-1.,0.));
#10983=DIRECTION('',(-1.,0.,0.));
#10984=DIRECTION('',(0.,-1.,0.));
#10985=DIRECTION('',(-1.,0.,0.));
#10986=DIRECTION('',(0.,-1.,0.));
#10987=DIRECTION('',(0.,0.,-1.));
#10988=DIRECTION('',(0.,-1.,0.));
#10989=DIRECTION('',(0.,0.,-1.));
#10990=DIRECTION('',(0.,-1.,0.));
#10991=DIRECTION('',(0.,0.,-1.));
#10992=DIRECTION('',(0.,0.,-1.));
#10993=DIRECTION('',(-1.,0.,0.));
#10994=DIRECTION('',(0.,-1.,0.));
#10995=DIRECTION('',(-1.,0.,0.));
#10996=DIRECTION('',(0.,-1.,0.));
#10997=DIRECTION('',(0.,0.,-1.));
#10998=DIRECTION('',(0.,-1.,0.));
#10999=DIRECTION('',(0.,0.,-1.));
#11000=DIRECTION('',(0.,0.,1.));
#11001=DIRECTION('',(1.,0.,0.));
#11002=DIRECTION('',(0.,0.,1.));
#11003=DIRECTION('',(1.,0.,0.));
#11004=DIRECTION('',(0.,0.,-1.));
#11005=DIRECTION('',(-1.,0.,0.));
#11006=DIRECTION('',(-1.,1.51788304148E-16,0.));
#11007=DIRECTION('',(1.,-1.301042606983E-16,0.));
#11008=DIRECTION('',(0.,0.,-1.));
#11009=DIRECTION('',(-1.,0.,0.));
#11010=DIRECTION('',(1.,-1.301042606983E-16,0.));
#11011=DIRECTION('',(-1.,1.51788304148E-16,0.));
#11012=DIRECTION('',(0.,0.,-1.));
#11013=DIRECTION('',(-1.,0.,0.));
#11014=DIRECTION('',(-1.,1.51788304148E-16,0.));
#11015=DIRECTION('',(1.,-1.301042606983E-16,0.));
#11016=DIRECTION('',(-1.51788304148E-16,-1.,0.));
#11017=DIRECTION('',(1.,-1.51788304148E-16,0.));
#11018=DIRECTION('',(1.301042606983E-16,1.,0.));
#11019=DIRECTION('',(-1.,1.301042606983E-16,0.));
#11020=DIRECTION('',(0.,0.,1.));
#11021=DIRECTION('',(1.,0.,0.));
#11022=DIRECTION('',(0.,0.,1.));
#11023=DIRECTION('',(1.,0.,0.));
#11024=DIRECTION('',(0.,0.,1.));
#11025=DIRECTION('',(1.,0.,0.));
#11026=DIRECTION('',(0.,0.,1.));
#11027=DIRECTION('',(1.,0.,0.));
#11028=DIRECTION('',(-1.,0.,0.));
#11029=DIRECTION('',(0.,-1.,0.));
#11030=DIRECTION('',(0.,0.,1.));
#11031=DIRECTION('',(0.,0.,1.));
#11032=DIRECTION('',(0.,-1.,0.));
#11033=DIRECTION('',(0.,0.,-1.));
#11034=DIRECTION('',(0.,0.,1.));
#11035=DIRECTION('',(1.,0.,0.));
#11036=DIRECTION('',(0.,1.,0.));
#11037=DIRECTION('',(0.,0.,1.));
#11038=DIRECTION('',(0.,0.,1.));
#11039=DIRECTION('',(1.,0.,0.));
#11040=DIRECTION('',(0.,0.,1.));
#11041=DIRECTION('',(1.,0.,0.));
#11042=DIRECTION('',(0.,-1.,0.));
#11043=DIRECTION('',(0.,0.,-1.));
#11044=DIRECTION('',(0.,0.,1.));
#11045=DIRECTION('',(1.,0.,0.));
#11046=DIRECTION('',(0.,0.,-1.));
#11047=DIRECTION('',(1.,0.,0.));
#11048=DIRECTION('',(0.,0.,1.));
#11049=DIRECTION('',(1.,0.,0.));
#11050=DIRECTION('',(0.,0.,-1.));
#11051=DIRECTION('',(1.,0.,0.));
#11052=DIRECTION('',(0.,0.,-1.));
#11053=DIRECTION('',(-1.,0.,0.));
#11054=DIRECTION('',(0.,0.,-1.));
#11055=DIRECTION('',(-1.,0.,0.));
#11056=DIRECTION('',(0.,0.,-1.));
#11057=DIRECTION('',(-1.,0.,0.));
#11058=DIRECTION('',(0.,0.,-1.));
#11059=DIRECTION('',(-1.,0.,0.));
#11060=DIRECTION('',(0.,0.,-1.));
#11061=DIRECTION('',(-1.,0.,0.));
#11062=DIRECTION('',(0.,0.,-1.));
#11063=DIRECTION('',(-1.,0.,0.));
#11064=DIRECTION('',(0.,0.,-1.));
#11065=DIRECTION('',(-1.,0.,0.));
#11066=DIRECTION('',(0.,0.,-1.));
#11067=DIRECTION('',(-1.,0.,0.));
#11068=DIRECTION('',(0.,0.,-1.));
#11069=DIRECTION('',(-1.,0.,0.));
#11070=DIRECTION('',(0.,0.,-1.));
#11071=DIRECTION('',(1.,0.,0.));
#11072=DIRECTION('',(0.,0.,-1.));
#11073=DIRECTION('',(-1.,0.,0.));
#11074=DIRECTION('',(0.,0.,1.));
#11075=DIRECTION('',(1.,0.,0.));
#11076=DIRECTION('',(0.,0.,1.));
#11077=DIRECTION('',(1.,0.,0.));
#11078=DIRECTION('',(0.,0.,1.));
#11079=DIRECTION('',(1.,0.,0.));
#11080=CARTESIAN_POINT('',(0.,0.,0.));
#11081=CARTESIAN_POINT('',(0.,0.00305,0.005300050847786));
#11082=CARTESIAN_POINT('',(0.000591828056808,0.00305,0.002616619056375));
#11083=CARTESIAN_POINT('',(0.000559674546306,0.003049999999559,0.002616619056375));
#11084=CARTESIAN_POINT('',(0.000534828627751,0.003049999999559,0.002642926532345));
#11085=CARTESIAN_POINT('',(0.000534828627751,0.003049999999559,0.002673618513308));
#11086=CARTESIAN_POINT('',(0.000534828627751,0.003049999999559,0.002705772051686));
#11087=CARTESIAN_POINT('',(0.000561136047969,0.003049999999559,0.00273061797024));
#11088=CARTESIAN_POINT('',(0.000591828056808,0.003049999999559,0.00273061797024));
#11089=CARTESIAN_POINT('',(0.000591828056808,0.003049999999853,0.002616619056375));
#11090=CARTESIAN_POINT('',(0.000591828056808,0.00305000000006571,0.00273061797024));
#11091=CARTESIAN_POINT('',(0.000591828056808,0.003049999999559,0.00273061797024));
#11092=CARTESIAN_POINT('',(0.000622520065646,0.003049999999559,0.00273061797024));
#11093=CARTESIAN_POINT('',(0.000648827485864,0.003049999999559,0.002705772051686));
#11094=CARTESIAN_POINT('',(0.000648827485864,0.003049999999559,0.002641464974929));
#11095=CARTESIAN_POINT('',(0.000622520065646,0.003049999999559,0.002616619056375));
#11096=CARTESIAN_POINT('',(0.000591828056808,0.00305,0.002616619056375));
#11097=CARTESIAN_POINT('',(0.000591828056808,0.003050999999559,0.00273061797024));
#11098=CARTESIAN_POINT('',(0.000591828056808,0.00305066466620449,0.00273061797024));
#11099=CARTESIAN_POINT('',(0.000591828056808,0.00305032933284998,0.00273061797024));
#11100=CARTESIAN_POINT('',(0.000591828056808,0.00304999399949546,0.00273061797024));
#11101=CARTESIAN_POINT('',(0.000622520065646,0.003050999999559,0.00273061797024));
#11102=CARTESIAN_POINT('',(0.000622520065646,0.00305066466620449,0.00273061797024));
#11103=CARTESIAN_POINT('',(0.000622520065646,0.00305032933284998,0.00273061797024));
#11104=CARTESIAN_POINT('',(0.000622520065646,0.00304999399949546,0.00273061797024));
#11105=CARTESIAN_POINT('',(0.000648827485864,0.003050999999559,0.002705772051686));
#11106=CARTESIAN_POINT('',(0.000648827485864,0.00305066466620449,0.002705772051686));
#11107=CARTESIAN_POINT('',(0.000648827485864,0.00305032933284998,0.002705772051686));
#11108=CARTESIAN_POINT('',(0.000648827485864,0.00304999399949546,0.002705772051686));
#11109=CARTESIAN_POINT('',(0.000648827485864,0.003050999999559,0.002641464974929));
#11110=CARTESIAN_POINT('',(0.000648827485864,0.00305066466620449,0.002641464974929));
#11111=CARTESIAN_POINT('',(0.000648827485864,0.00305032933284998,0.002641464974929));
#11112=CARTESIAN_POINT('',(0.000648827485864,0.00304999399949546,0.002641464974929));
#11113=CARTESIAN_POINT('',(0.000622520065646,0.003050999999559,0.002616619056375));
#11114=CARTESIAN_POINT('',(0.000622520065646,0.00305066466620449,0.002616619056375));
#11115=CARTESIAN_POINT('',(0.000622520065646,0.00305032933284998,0.002616619056375));
#11116=CARTESIAN_POINT('',(0.000622520065646,0.00304999399949546,0.002616619056375));
#11117=CARTESIAN_POINT('',(0.000591828056808,0.003050999999559,0.002616619056375));
#11118=CARTESIAN_POINT('',(0.000591828056808,0.00305066466620449,0.002616619056375));
#11119=CARTESIAN_POINT('',(0.000591828056808,0.00305032933284998,0.002616619056375));
#11120=CARTESIAN_POINT('',(0.000591828056808,0.00304999399949546,0.002616619056375));
#11121=CARTESIAN_POINT('',(0.000591828056808,0.003050999999559,0.00273061797024));
#11122=CARTESIAN_POINT('',(0.000591828056808,0.003050999999559,0.00273061797024));
#11123=CARTESIAN_POINT('',(0.000591828056808,0.003050999999559,0.00273061797024));
#11124=CARTESIAN_POINT('',(0.000622520065646,0.003050999999559,0.00273061797024));
#11125=CARTESIAN_POINT('',(0.000648827485864,0.003050999999559,0.002705772051686));
#11126=CARTESIAN_POINT('',(0.000648827485864,0.003050999999559,0.002641464974929));
#11127=CARTESIAN_POINT('',(0.000622520065646,0.003050999999559,0.002616619056375));
#11128=CARTESIAN_POINT('',(0.000591828056808,0.003050999999559,0.002616619056375));
#11129=CARTESIAN_POINT('',(0.000591828056808,0.003050999999559,0.002616619056375));
#11130=CARTESIAN_POINT('',(0.000591828056808,0.003050999999559,0.002616619056375));
#11131=CARTESIAN_POINT('',(0.000591828056808,0.003050999999559,0.002616619056375));
#11132=CARTESIAN_POINT('',(0.000591828056808,0.003049999999559,0.002616619056375));
#11133=CARTESIAN_POINT('',(0.000559674546306,0.003050999999559,0.002616619056375));
#11134=CARTESIAN_POINT('',(0.000559674546306,0.003049999999559,0.002616619056375));
#11135=CARTESIAN_POINT('',(0.000534828627751,0.003050999999559,0.002642926532345));
#11136=CARTESIAN_POINT('',(0.000534828627751,0.003049999999559,0.002642926532345));
#11137=CARTESIAN_POINT('',(0.000534828627751,0.003050999999559,0.002673618513308));
#11138=CARTESIAN_POINT('',(0.000534828627751,0.003049999999559,0.002673618513308));
#11139=CARTESIAN_POINT('',(0.000534828627751,0.003050999999559,0.002705772051686));
#11140=CARTESIAN_POINT('',(0.000534828627751,0.003049999999559,0.002705772051686));
#11141=CARTESIAN_POINT('',(0.000561136047969,0.003050999999559,0.00273061797024));
#11142=CARTESIAN_POINT('',(0.000561136047969,0.003049999999559,0.00273061797024));
#11143=CARTESIAN_POINT('',(0.000591828056808,0.003050999999559,0.00273061797024));
#11144=CARTESIAN_POINT('',(0.000591828056808,0.003049999999559,0.00273061797024));
#11145=CARTESIAN_POINT('',(0.000591828056808,0.003050999999559,0.002616619056375));
#11146=CARTESIAN_POINT('',(0.000559674546306,0.003050999999559,0.002616619056375));
#11147=CARTESIAN_POINT('',(0.000534828627751,0.003050999999559,0.002642926532345));
#11148=CARTESIAN_POINT('',(0.000534828627751,0.003050999999559,0.002673618513308));
#11149=CARTESIAN_POINT('',(0.000534828627751,0.003050999999559,0.002705772051686));
#11150=CARTESIAN_POINT('',(0.000561136047969,0.003050999999559,0.00273061797024));
#11151=CARTESIAN_POINT('',(0.000591828056808,0.003050999999559,0.00273061797024));
#11152=CARTESIAN_POINT('',(2.914135819076E-5,0.003050999999559,0.00269115686779));
#11153=CARTESIAN_POINT('',(2.914135819076E-5,0.00305066466615181,0.00269115686779));
#11154=CARTESIAN_POINT('',(2.914135819076E-5,0.00305032933274463,0.00269115686779));
#11155=CARTESIAN_POINT('',(2.914135819076E-5,0.00304999399933745,0.00269115686779));
#11156=CARTESIAN_POINT('',(-5.935239268956E-6,0.003050999999559,0.002729156468577));
#11157=CARTESIAN_POINT('',(-5.935239268956E-6,0.00305066466615181,0.002729156468577));
#11158=CARTESIAN_POINT('',(-5.935239268956E-6,0.00305032933274463,0.002729156468577));
#11159=CARTESIAN_POINT('',(-5.935239268956E-6,0.00304999399933745,0.002729156468577));
#11160=CARTESIAN_POINT('',(-2.493503966231E-5,0.003050999999559,0.002778848305685));
#11161=CARTESIAN_POINT('',(-2.493503966231E-5,0.00305066466615181,0.002778848305685));
#11162=CARTESIAN_POINT('',(-2.493503966231E-5,0.00305032933274463,0.002778848305685));
#11163=CARTESIAN_POINT('',(-2.493503966231E-5,0.00304999399933745,0.002778848305685));
#11164=CARTESIAN_POINT('',(-2.493503966231E-5,0.003050999999559,0.002830001644457));
#11165=CARTESIAN_POINT('',(-2.493503966231E-5,0.00305066466615181,0.002830001644457));
#11166=CARTESIAN_POINT('',(-2.493503966231E-5,0.00305032933274463,0.002830001644457));
#11167=CARTESIAN_POINT('',(-2.493503966231E-5,0.00304999399933745,0.002830001644457));
#11168=CARTESIAN_POINT('',(2.914135819076E-5,0.00305,0.00269115686779));
#11169=CARTESIAN_POINT('',(-5.935239268956E-6,0.003049999999559,0.002729156468577));
#11170=CARTESIAN_POINT('',(-2.493503966231E-5,0.003049999999559,0.002778848305685));
#11171=CARTESIAN_POINT('',(-2.493503966231E-5,0.003049999999559,0.002830001644457));
#11172=CARTESIAN_POINT('',(2.914135819076E-5,0.00304999999987137,0.00269115686779));
#11173=CARTESIAN_POINT('',(-2.493503966231E-5,0.00304999999968143,0.002830001644457));
#11174=CARTESIAN_POINT('',(-2.493503966231E-5,0.003050999999559,0.002830001644457));
#11175=CARTESIAN_POINT('',(-2.493503966231E-5,0.003050999999559,0.002830001644457));
#11176=CARTESIAN_POINT('',(2.914135819076E-5,0.003050999999559,0.00269115686779));
#11177=CARTESIAN_POINT('',(-5.935239268956E-6,0.003050999999559,0.002729156468577));
#11178=CARTESIAN_POINT('',(-2.493503966231E-5,0.003050999999559,0.002778848305685));
#11179=CARTESIAN_POINT('',(-2.493503966231E-5,0.003050999999559,0.002830001644457));
#11180=CARTESIAN_POINT('',(2.914135819076E-5,0.003050999999559,0.00269115686779));
#11181=CARTESIAN_POINT('',(2.914135819076E-5,0.003050999999559,0.00269115686779));
#11182=CARTESIAN_POINT('',(0.000162140016696,0.003050999999559,0.002625388289368));
#11183=CARTESIAN_POINT('',(0.000162140016696,0.00305066466615861,0.002625388289368));
#11184=CARTESIAN_POINT('',(0.000162140016696,0.00305032933275821,0.002625388289368));
#11185=CARTESIAN_POINT('',(0.000162140016696,0.00304999399935782,0.002625388289368));
#11186=CARTESIAN_POINT('',(0.000110986677925,0.003050999999559,0.002629772850113));
#11187=CARTESIAN_POINT('',(0.000110986677925,0.00305066466615861,0.002629772850113));
#11188=CARTESIAN_POINT('',(0.000110986677925,0.00305032933275821,0.002629772850113));
#11189=CARTESIAN_POINT('',(0.000110986677925,0.00304999399935782,0.002629772850113));
#11190=CARTESIAN_POINT('',(6.421789989635E-5,0.003050999999559,0.002653157267003));
#11191=CARTESIAN_POINT('',(6.421789989635E-5,0.00305066466615861,0.002653157267003));
#11192=CARTESIAN_POINT('',(6.421789989635E-5,0.00305032933275821,0.002653157267003));
#11193=CARTESIAN_POINT('',(6.421789989635E-5,0.00304999399935782,0.002653157267003));
#11194=CARTESIAN_POINT('',(2.914135819076E-5,0.003050999999559,0.00269115686779));
#11195=CARTESIAN_POINT('',(2.914135819076E-5,0.00305066466615861,0.00269115686779));
#11196=CARTESIAN_POINT('',(2.914135819076E-5,0.00305032933275821,0.00269115686779));
#11197=CARTESIAN_POINT('',(2.914135819076E-5,0.00304999399935782,0.00269115686779));
#11198=CARTESIAN_POINT('',(0.000162140016696,0.003049999999559,0.002625388289368));
#11199=CARTESIAN_POINT('',(0.000110986677925,0.003049999999559,0.002629772850113));
#11200=CARTESIAN_POINT('',(6.421789989635E-5,0.003049999999559,0.002653157267003));
#11201=CARTESIAN_POINT('',(2.914135819076E-5,0.00305,0.00269115686779));
#11202=CARTESIAN_POINT('',(0.000162140016696,0.00304999999957737,0.002625388289368));
#11203=CARTESIAN_POINT('',(0.000162140016696,0.003050999999559,0.002625388289368));
#11204=CARTESIAN_POINT('',(0.000110986677925,0.003050999999559,0.002629772850113));
#11205=CARTESIAN_POINT('',(6.421789989635E-5,0.003050999999559,0.002653157267003));
#11206=CARTESIAN_POINT('',(2.914135819076E-5,0.003050999999559,0.00269115686779));
#11207=CARTESIAN_POINT('',(0.000162140016696,0.003050999999559,0.002625388289368));
#11208=CARTESIAN_POINT('',(0.000162140016696,0.003050999999559,0.002625388289368));
#11209=CARTESIAN_POINT('',(0.000166524577441,0.003050999999559,0.002625388289368));
#11210=CARTESIAN_POINT('',(0.000166524577441,0.003049999999559,0.002625388289368));
#11211=CARTESIAN_POINT('',(0.000248369897175,0.003050499999559,0.002625388289368));
#11212=CARTESIAN_POINT('',(0.000248369897175,0.003050999999559,0.002625388289368));
#11213=CARTESIAN_POINT('',(0.000244462901640761,0.003050799999559,0.00267149488986485));
#11214=CARTESIAN_POINT('',(0.000244462901640761,0.003049999999559,0.00267149488986485));
#11215=CARTESIAN_POINT('',(0.00029078962144777,0.0030504999996325,0.00267069490922081));
#11216=CARTESIAN_POINT('',(0.000244462901640761,0.003050999999559,0.00267149488986485));
#11217=CARTESIAN_POINT('',(0.000245188732821248,0.003050799999559,0.00267048064974463));
#11218=CARTESIAN_POINT('',(0.000245188732821248,0.003049999999559,0.00267048064974463));
#11219=CARTESIAN_POINT('',(0.000245446893848,0.003050499999559,0.002716002730592));
#11220=CARTESIAN_POINT('',(0.000245188732821248,0.003050999999559,0.00267048064974463));
#11221=CARTESIAN_POINT('',(0.000236677772359,0.003050999999559,0.002714541228928));
#11222=CARTESIAN_POINT('',(0.000236677772359,0.003049999999559,0.002714541228928));
#11223=CARTESIAN_POINT('',(0.000239600831439,0.003050999999559,0.002714541228928));
#11224=CARTESIAN_POINT('',(0.000239600831439,0.003049999999559,0.002714541228928));
#11225=CARTESIAN_POINT('',(0.00024252389052,0.003050999999559,0.002716002730592));
#11226=CARTESIAN_POINT('',(0.00024252389052,0.003049999999559,0.002716002730592));
#11227=CARTESIAN_POINT('',(0.000245446893848,0.003050999999559,0.002716002730592));
#11228=CARTESIAN_POINT('',(0.000245446893848,0.003049999999559,0.002716002730592));
#11229=CARTESIAN_POINT('',(0.000236677772359,0.003049999999559,0.002714541228928));
#11230=CARTESIAN_POINT('',(0.000239600831439,0.003049999999559,0.002714541228928));
#11231=CARTESIAN_POINT('',(0.00024252389052,0.003049999999559,0.002716002730592));
#11232=CARTESIAN_POINT('',(0.000245446893848,0.003049999999559,0.002716002730592));
#11233=CARTESIAN_POINT('',(0.000236677772359,0.003049999999559,0.002714541228928));
#11234=CARTESIAN_POINT('',(0.000236677772359,0.003050999999559,0.002714541228928));
#11235=CARTESIAN_POINT('',(0.000239600831439,0.003050999999559,0.002714541228928));
#11236=CARTESIAN_POINT('',(0.00024252389052,0.003050999999559,0.002716002730592));
#11237=CARTESIAN_POINT('',(0.000245446893848,0.003050999999559,0.002716002730592));
#11238=CARTESIAN_POINT('',(0.000236677772359,0.003050999999559,0.002714541228928));
#11239=CARTESIAN_POINT('',(0.000236677772359,0.003050999999559,0.002714541228928));
#11240=CARTESIAN_POINT('',(0.000170909193938,0.003050999999559,0.002714541228928));
#11241=CARTESIAN_POINT('',(0.000170909193938,0.003049999999559,0.002714541228928));
#11242=CARTESIAN_POINT('',(0.000170909193938,0.003049999999559,0.002714541228928));
#11243=CARTESIAN_POINT('',(0.000170909193938,0.003050999999559,0.002714541228928));
#11244=CARTESIAN_POINT('',(0.000170909193938,0.003050999999559,0.002714541228928));
#11245=CARTESIAN_POINT('',(0.000170909193938,0.003050999999559,0.002714541228928));
#11246=CARTESIAN_POINT('',(6.567945731327E-5,0.003050999999559,0.002828540087041));
#11247=CARTESIAN_POINT('',(6.567945731327E-5,0.003049999999559,0.002828540087041));
#11248=CARTESIAN_POINT('',(6.567945731327E-5,0.003050999999559,0.002768617598903));
#11249=CARTESIAN_POINT('',(6.567945731327E-5,0.003049999999559,0.002768617598903));
#11250=CARTESIAN_POINT('',(0.000110986677925,0.003050999999559,0.002718925789673));
#11251=CARTESIAN_POINT('',(0.000110986677925,0.003049999999559,0.002718925789673));
#11252=CARTESIAN_POINT('',(0.000170909193938,0.003050999999559,0.002714541228928));
#11253=CARTESIAN_POINT('',(0.000170909193938,0.003049999999559,0.002714541228928));
#11254=CARTESIAN_POINT('',(6.567945731327E-5,0.003049999999559,0.002828540087041));
#11255=CARTESIAN_POINT('',(6.567945731327E-5,0.003049999999559,0.002768617598903));
#11256=CARTESIAN_POINT('',(0.000110986677925,0.003049999999559,0.002718925789673));
#11257=CARTESIAN_POINT('',(0.000170909193938,0.003049999999559,0.002714541228928));
#11258=CARTESIAN_POINT('',(6.567945731327E-5,0.003050499999559,0.002828540087041));
#11259=CARTESIAN_POINT('',(6.567945731327E-5,0.003050999999559,0.002828540087041));
#11260=CARTESIAN_POINT('',(6.567945731327E-5,0.003050999999559,0.002768617598903));
#11261=CARTESIAN_POINT('',(0.000110986677925,0.003050999999559,0.002718925789673));
#11262=CARTESIAN_POINT('',(0.000170909193938,0.003050999999559,0.002714541228928));
#11263=CARTESIAN_POINT('',(0.00017980340013777,0.003050799999559,0.00282848711566315));
#11264=CARTESIAN_POINT('',(0.00017980340013777,0.003049999999559,0.00282848711566315));
#11265=CARTESIAN_POINT('',(0.000179678315426,0.003050499999559,0.002942538945154));
#11266=CARTESIAN_POINT('',(0.00017980340013777,0.003050999999559,0.00282848711566315));
#11267=CARTESIAN_POINT('',(0.000191370495995,0.003050999999559,0.002942538945154));
#11268=CARTESIAN_POINT('',(0.000191370495995,0.00305,0.002942538945154));
#11269=CARTESIAN_POINT('',(0.000191370347288075,0.003049999999559,0.0029425391118208));
#11270=CARTESIAN_POINT('',(1.67183849752E-5,0.003050999999559,0.002942538945154));
#11271=CARTESIAN_POINT('',(0.000191370347288075,0.003050999999559,0.0029425391118208));
#11272=CARTESIAN_POINT('',(0.000191370495995,0.003050999999559,0.002942538945154));
#11273=CARTESIAN_POINT('',(0.000395983851084,0.003050999999559,0.003125229440769));
#11274=CARTESIAN_POINT('',(0.000395983851084,0.003049999999559,0.003125229440769));
#11275=CARTESIAN_POINT('',(0.000290754114459,0.003050999999559,0.003125229440769));
#11276=CARTESIAN_POINT('',(0.000290754114459,0.003049999999559,0.003125229440769));
#11277=CARTESIAN_POINT('',(0.000203062676564,0.003050999999559,0.003044845622698));
#11278=CARTESIAN_POINT('',(0.000203062676564,0.003049999999559,0.003044845622698));
#11279=CARTESIAN_POINT('',(0.000191370495995,0.003050999999559,0.002942538945154));
#11280=CARTESIAN_POINT('',(0.000191370495995,0.003049999999559,0.002942538945154));
#11281=CARTESIAN_POINT('',(0.000395983851084,0.003049999999559,0.003125229440769));
#11282=CARTESIAN_POINT('',(0.000290754114459,0.003049999999559,0.003125229440769));
#11283=CARTESIAN_POINT('',(0.000203062676564,0.003049999999559,0.003044845622698));
#11284=CARTESIAN_POINT('',(0.000191370495995,0.003049999999559,0.002942538945154));
#11285=CARTESIAN_POINT('',(0.000395983851084,0.003049999999559,0.003125229440769));
#11286=CARTESIAN_POINT('',(0.000395983851084,0.003050999999559,0.003125229440769));
#11287=CARTESIAN_POINT('',(0.000290754114459,0.003050999999559,0.003125229440769));
#11288=CARTESIAN_POINT('',(0.000203062676564,0.003050999999559,0.003044845622698));
#11289=CARTESIAN_POINT('',(0.000191370495995,0.003050999999559,0.002942538945154));
#11290=CARTESIAN_POINT('',(0.000395983851084,0.003050999999559,0.003125229440769));
#11291=CARTESIAN_POINT('',(0.000395983851084,0.003050999999559,0.003125229440769));
#11292=CARTESIAN_POINT('',(0.000591828028931,0.003050999999559,0.002984923218189));
#11293=CARTESIAN_POINT('',(0.000591828028931,0.003049999999559,0.002984923218189));
#11294=CARTESIAN_POINT('',(0.00056405910705,0.003050999999559,0.003066768482172));
#11295=CARTESIAN_POINT('',(0.00056405910705,0.003049999999559,0.003066768482172));
#11296=CARTESIAN_POINT('',(0.000488059849723,0.003050999999559,0.003125229440769));
#11297=CARTESIAN_POINT('',(0.000488059849723,0.003049999999559,0.003125229440769));
#11298=CARTESIAN_POINT('',(0.000395983851084,0.003050999999559,0.003125229440769));
#11299=CARTESIAN_POINT('',(0.000395983851084,0.003049999999559,0.003125229440769));
#11300=CARTESIAN_POINT('',(0.000591828028931,0.003049999999559,0.002984923218189));
#11301=CARTESIAN_POINT('',(0.00056405910705,0.003049999999559,0.003066768482172));
#11302=CARTESIAN_POINT('',(0.000488059849723,0.003049999999559,0.003125229440769));
#11303=CARTESIAN_POINT('',(0.000395983851084,0.003049999999559,0.003125229440769));
#11304=CARTESIAN_POINT('',(0.000591828120262789,0.003049999999559,0.00298492346773261));
#11305=CARTESIAN_POINT('',(0.000591828028931,0.003050999999559,0.002984923218189));
#11306=CARTESIAN_POINT('',(0.00056405910705,0.003050999999559,0.003066768482172));
#11307=CARTESIAN_POINT('',(0.000488059849723,0.003050999999559,0.003125229440769));
#11308=CARTESIAN_POINT('',(0.000395983851084,0.003050999999559,0.003125229440769));
#11309=CARTESIAN_POINT('',(0.000591828119883383,0.003050999999559,0.00298492346885085));
#11310=CARTESIAN_POINT('',(0.000591828028931,0.003050999999559,0.002984923218189));
#11311=CARTESIAN_POINT('',(0.000669288787922,0.003050999999559,0.003006846077664));
#11312=CARTESIAN_POINT('',(0.000669288787922,0.003049999999559,0.003006846077664));
#11313=CARTESIAN_POINT('',(0.000641519838163,0.003050999999559,0.003006846077664));
#11314=CARTESIAN_POINT('',(0.000641519838163,0.003049999999559,0.003006846077664));
#11315=CARTESIAN_POINT('',(0.000613750888405,0.003050999999559,0.0029980769283));
#11316=CARTESIAN_POINT('',(0.000613750888405,0.003049999999559,0.0029980769283));
#11317=CARTESIAN_POINT('',(0.000591828028931,0.003050999999559,0.002984923218189));
#11318=CARTESIAN_POINT('',(0.000591828028931,0.003049999999559,0.002984923218189));
#11319=CARTESIAN_POINT('',(0.000669288787922,0.003049999999559,0.003006846077664));
#11320=CARTESIAN_POINT('',(0.000641519838163,0.003049999999559,0.003006846077664));
#11321=CARTESIAN_POINT('',(0.000613750888405,0.003049999999559,0.0029980769283));
#11322=CARTESIAN_POINT('',(0.000591828028931,0.003049999999559,0.002984923218189));
#11323=CARTESIAN_POINT('',(0.000669288787922,0.003050499999559,0.003006846077664));
#11324=CARTESIAN_POINT('',(0.000669288787922,0.003050999999559,0.003006846077664));
#11325=CARTESIAN_POINT('',(0.000641519838163,0.003050999999559,0.003006846077664));
#11326=CARTESIAN_POINT('',(0.000613750888405,0.003050999999559,0.0029980769283));
#11327=CARTESIAN_POINT('',(0.000591828028931,0.003050999999559,0.002984923218189));
#11328=CARTESIAN_POINT('',(0.000668944742492537,0.003050799999559,0.00286023625745297));
#11329=CARTESIAN_POINT('',(0.000668944742492537,0.003049999999559,0.00286023625745297));
#11330=CARTESIAN_POINT('',(0.000815441184413,0.003050499999559,0.002860693681172));
#11331=CARTESIAN_POINT('',(0.000668944742492537,0.003050999999559,0.00286023625745297));
#11332=CARTESIAN_POINT('',(0.000727749746518,0.003050999999559,0.00272623346525));
#11333=CARTESIAN_POINT('',(0.000727749746518,0.003049999999559,0.00272623346525));
#11334=CARTESIAN_POINT('',(0.00077890308529,0.003050999999559,0.002749617854263));
#11335=CARTESIAN_POINT('',(0.00077890308529,0.003049999999559,0.002749617854263));
#11336=CARTESIAN_POINT('',(0.000815441184413,0.003050999999559,0.002800771193035));
#11337=CARTESIAN_POINT('',(0.000815441184413,0.003049999999559,0.002800771193035));
#11338=CARTESIAN_POINT('',(0.000815441184413,0.003050999999559,0.002860693681172));
#11339=CARTESIAN_POINT('',(0.000815441184413,0.003049999999559,0.002860693681172));
#11340=CARTESIAN_POINT('',(0.000727749746518,0.003049999999559,0.00272623346525));
#11341=CARTESIAN_POINT('',(0.00077890308529,0.003049999999559,0.002749617854263));
#11342=CARTESIAN_POINT('',(0.000815441184413,0.003049999999559,0.002800771193035));
#11343=CARTESIAN_POINT('',(0.000815441184413,0.003049999999559,0.002860693681172));
#11344=CARTESIAN_POINT('',(0.00072774984074985,0.003049999999559,0.00272623369158381));
#11345=CARTESIAN_POINT('',(0.000727749746518,0.003050999999559,0.00272623346525));
#11346=CARTESIAN_POINT('',(0.00077890308529,0.003050999999559,0.002749617854263));
#11347=CARTESIAN_POINT('',(0.000815441184413,0.003050999999559,0.002800771193035));
#11348=CARTESIAN_POINT('',(0.000815441184413,0.003050999999559,0.002860693681172));
#11349=CARTESIAN_POINT('',(0.000727749840749835,0.003050999999559,0.00272623369158379));
#11350=CARTESIAN_POINT('',(0.000727749746518,0.003050999999559,0.00272623346525));
#11351=CARTESIAN_POINT('',(0.000590366499391,0.003050999999559,0.002822694052509));
#11352=CARTESIAN_POINT('',(0.000590366499391,0.003049999999559,0.002822694052509));
#11353=CARTESIAN_POINT('',(0.000653212046608,0.003050999999559,0.002822694052509));
#11354=CARTESIAN_POINT('',(0.000653212046608,0.003049999999559,0.002822694052509));
#11355=CARTESIAN_POINT('',(0.000707288416584,0.003050999999559,0.002781771392643));
#11356=CARTESIAN_POINT('',(0.000707288416584,0.003049999999559,0.002781771392643));
#11357=CARTESIAN_POINT('',(0.000727749746518,0.003050999999559,0.00272623346525));
#11358=CARTESIAN_POINT('',(0.000727749746518,0.003049999999559,0.00272623346525));
#11359=CARTESIAN_POINT('',(0.000590366499391,0.003049999999559,0.002822694052509));
#11360=CARTESIAN_POINT('',(0.000653212046608,0.003049999999559,0.002822694052509));
#11361=CARTESIAN_POINT('',(0.000707288416584,0.003049999999559,0.002781771392643));
#11362=CARTESIAN_POINT('',(0.000727749746518,0.003049999999559,0.00272623346525));
#11363=CARTESIAN_POINT('',(0.000590366499391,0.003049999999559,0.002822694052509));
#11364=CARTESIAN_POINT('',(0.000590366499391,0.003050999999559,0.002822694052509));
#11365=CARTESIAN_POINT('',(0.000653212046608,0.003050999999559,0.002822694052509));
#11366=CARTESIAN_POINT('',(0.000707288416584,0.003050999999559,0.002781771392643));
#11367=CARTESIAN_POINT('',(0.000727749746518,0.003050999999559,0.00272623346525));
#11368=CARTESIAN_POINT('',(0.000590366499391,0.003050999999559,0.002822694052509));
#11369=CARTESIAN_POINT('',(0.000590366499391,0.003050999999559,0.002822694052509));
#11370=CARTESIAN_POINT('',(0.000480752202022,0.003050999999559,0.002773002243277));
#11371=CARTESIAN_POINT('',(0.000480752202022,0.003049999999559,0.002773002243277));
#11372=CARTESIAN_POINT('',(0.00050705962224,0.003050999999559,0.002803694252116));
#11373=CARTESIAN_POINT('',(0.00050705962224,0.003049999999559,0.002803694252116));
#11374=CARTESIAN_POINT('',(0.000546520780443,0.003050999999559,0.002822694052509));
#11375=CARTESIAN_POINT('',(0.000546520780443,0.003049999999559,0.002822694052509));
#11376=CARTESIAN_POINT('',(0.000590366499391,0.003050999999559,0.002822694052509));
#11377=CARTESIAN_POINT('',(0.000590366499391,0.003049999999559,0.002822694052509));
#11378=CARTESIAN_POINT('',(0.000480752202022,0.003049999999559,0.002773002243277));
#11379=CARTESIAN_POINT('',(0.00050705962224,0.003049999999559,0.002803694252116));
#11380=CARTESIAN_POINT('',(0.000546520780443,0.003049999999559,0.002822694052509));
#11381=CARTESIAN_POINT('',(0.000590366499391,0.003049999999559,0.002822694052509));
#11382=CARTESIAN_POINT('',(0.000480752202021977,0.003049999999559,0.00277300224327696));
#11383=CARTESIAN_POINT('',(0.000480752202022,0.003050999999559,0.002773002243277));
#11384=CARTESIAN_POINT('',(0.00050705962224,0.003050999999559,0.002803694252116));
#11385=CARTESIAN_POINT('',(0.000546520780443,0.003050999999559,0.002822694052509));
#11386=CARTESIAN_POINT('',(0.000590366499391,0.003050999999559,0.002822694052509));
#11387=CARTESIAN_POINT('',(0.000480752202021976,0.003050999999559,0.00277300224327696));
#11388=CARTESIAN_POINT('',(0.000480752202022,0.003050999999559,0.002773002243277));
#11389=CARTESIAN_POINT('',(0.000284907996298,0.003050999999559,0.002875308920821));
#11390=CARTESIAN_POINT('',(0.000284907996298,0.003049999999559,0.002875308920821));
#11391=CARTESIAN_POINT('',(0.000284907996298301,0.003049999999559,0.00287530892082084));
#11392=CARTESIAN_POINT('',(0.000284907996298,0.003050999999559,0.002875308920821));
#11393=CARTESIAN_POINT('',(0.000284907996298333,0.003050999999559,0.00287530892082082));
#11394=CARTESIAN_POINT('',(0.000284907996298,0.003050999999559,0.002875308920821));
#11395=CARTESIAN_POINT('',(0.000239600775687,0.003050999999559,0.002797848133955));
#11396=CARTESIAN_POINT('',(0.000239600775687,0.003049999999559,0.002797848133955));
#11397=CARTESIAN_POINT('',(0.00023960077568705,0.003049999999559,0.00279784813395508));
#11398=CARTESIAN_POINT('',(0.000239600775687,0.003050999999559,0.002797848133955));
#11399=CARTESIAN_POINT('',(0.000239600775687055,0.003050999999559,0.00279784813395509));
#11400=CARTESIAN_POINT('',(0.000239600775687,0.003050999999559,0.002797848133955));
#11401=CARTESIAN_POINT('',(0.000444214130775,0.003050999999559,0.002689695366127));
#11402=CARTESIAN_POINT('',(0.000444214130775,0.003049999999559,0.002689695366127));
#11403=CARTESIAN_POINT('',(0.000444214130775,0.003049999999559,0.002689695366127));
#11404=CARTESIAN_POINT('',(0.000444214130775,0.003050999999559,0.002689695366127));
#11405=CARTESIAN_POINT('',(0.000444214130775,0.003050999999559,0.002689695366127));
#11406=CARTESIAN_POINT('',(0.000444214130775,0.003050999999559,0.002689695366127));
#11407=CARTESIAN_POINT('',(0.000444214130775,0.003050999999559,0.002675080126477));
#11408=CARTESIAN_POINT('',(0.000444214130775,0.00305,0.002675080126477));
#11409=CARTESIAN_POINT('',(0.000444214130775,0.003050499999559,0.002675080126477));
#11410=CARTESIAN_POINT('',(0.000444214130775,0.003050999999559,0.002948750424792));
#11411=CARTESIAN_POINT('',(0.000590823950986869,0.003050799999559,0.002675424171906));
#11412=CARTESIAN_POINT('',(0.000590823950986869,0.003049999999559,0.002675424171906));
#11413=CARTESIAN_POINT('',(0.000590366304659259,0.003050499999559,0.00252888019615771));
#11414=CARTESIAN_POINT('',(0.000590823950986869,0.003050999999559,0.002675424171906));
#11415=CARTESIAN_POINT('',(0.000729564641461672,0.003050999999559,0.00262939849779314));
#11416=CARTESIAN_POINT('',(0.000729564641461672,0.00305066666622567,0.00262939849779314));
#11417=CARTESIAN_POINT('',(0.000729564641461672,0.00305033333289233,0.00262939849779314));
#11418=CARTESIAN_POINT('',(0.000729564641461672,0.003049999999559,0.00262939849779314));
#11419=CARTESIAN_POINT('',(0.000710447052601115,0.003050999999559,0.00257057515608143));
#11420=CARTESIAN_POINT('',(0.000710447052601115,0.00305066666622567,0.00257057515608143));
#11421=CARTESIAN_POINT('',(0.000710447052601115,0.00305033333289233,0.00257057515608143));
#11422=CARTESIAN_POINT('',(0.000710447052601115,0.003049999999559,0.00257057515608143));
#11423=CARTESIAN_POINT('',(0.000655072225589424,0.003050999999559,0.002528927729985));
#11424=CARTESIAN_POINT('',(0.000655072225589424,0.00305066666622567,0.002528927729985));
#11425=CARTESIAN_POINT('',(0.000655072225589424,0.00305033333289233,0.002528927729985));
#11426=CARTESIAN_POINT('',(0.000655072225589424,0.003049999999559,0.002528927729985));
#11427=CARTESIAN_POINT('',(0.000590366527267,0.003050999999559,0.002528927729985));
#11428=CARTESIAN_POINT('',(0.000590366527267,0.00305066666622567,0.002528927729985));
#11429=CARTESIAN_POINT('',(0.000590366527267,0.00305033333289233,0.002528927729985));
#11430=CARTESIAN_POINT('',(0.000590366527267,0.003049999999559,0.002528927729985));
#11431=CARTESIAN_POINT('',(0.00072978131230293,0.003049999999559,0.00263006517720691));
#11432=CARTESIAN_POINT('',(0.00072959131415962,0.003049999999559,0.00262948056762094));
#11433=CARTESIAN_POINT('',(0.00072940131601631,0.003049999999559,0.00262889595803497));
#11434=CARTESIAN_POINT('',(0.000729211317873,0.003049999999559,0.002628311348449));
#11435=CARTESIAN_POINT('',(0.000710211503542,0.003049999999559,0.002569850389852));
#11436=CARTESIAN_POINT('',(0.000654673604025,0.003049999999559,0.002528927729985));
#11437=CARTESIAN_POINT('',(0.000590366527267,0.003049999999559,0.002528927729985));
#11438=CARTESIAN_POINT('',(0.000729208110543629,0.003050499999559,0.00262835069435249));
#11439=CARTESIAN_POINT('',(0.00072978131230293,0.003050999999559,0.00263006517720691));
#11440=CARTESIAN_POINT('',(0.00072959131415962,0.003050999999559,0.00262948056762094));
#11441=CARTESIAN_POINT('',(0.00072940131601631,0.003050999999559,0.00262889595803497));
#11442=CARTESIAN_POINT('',(0.000729211317873,0.003050999999559,0.002628311348449));
#11443=CARTESIAN_POINT('',(0.000710211503542,0.003050999999559,0.002569850389852));
#11444=CARTESIAN_POINT('',(0.000654673604025,0.003050999999559,0.002528927729985));
#11445=CARTESIAN_POINT('',(0.000590366527267,0.003050999999559,0.002528927729985));
#11446=CARTESIAN_POINT('',(0.000671912587579652,0.003050799999559,0.00285629064654571));
#11447=CARTESIAN_POINT('',(0.000671912587579652,0.003049999999559,0.00285629064654571));
#11448=CARTESIAN_POINT('',(0.000846087819036889,0.0030504999996325,0.00269850559309615));
#11449=CARTESIAN_POINT('',(0.000671912587579652,0.003050999999559,0.00285629064654571));
#11450=CARTESIAN_POINT('',(0.000669563654203875,0.003050799999559,0.00285819469235309));
#11451=CARTESIAN_POINT('',(0.000669563654203875,0.003049999999559,0.00285819469235309));
#11452=CARTESIAN_POINT('',(0.000907475074311137,0.0030504999996325,0.00285777075226765));
#11453=CARTESIAN_POINT('',(0.000669563654203875,0.003050999999559,0.00285819469235309));
#11454=CARTESIAN_POINT('',(0.000672777152961125,0.003050799999559,0.0028586993595543));
#11455=CARTESIAN_POINT('',(0.000672777152961125,0.003049999999559,0.0028586993595543));
#11456=CARTESIAN_POINT('',(0.000838825573427,0.003050499999559,0.003024384278826));
#11457=CARTESIAN_POINT('',(0.000672777152961125,0.003050999999559,0.0028586993595543));
#11458=CARTESIAN_POINT('',(0.000670750317462,0.003050999999559,0.00309453743193));
#11459=CARTESIAN_POINT('',(0.000670750317462,0.003049999999559,0.00309453743193));
#11460=CARTESIAN_POINT('',(0.000733595850741,0.003050999999559,0.00309453743193));
#11461=CARTESIAN_POINT('',(0.000733595850741,0.003049999999559,0.00309453743193));
#11462=CARTESIAN_POINT('',(0.00079351832494,0.003050999999559,0.003069691527315));
#11463=CARTESIAN_POINT('',(0.00079351832494,0.003049999999559,0.003069691527315));
#11464=CARTESIAN_POINT('',(0.000838825573427,0.003050999999559,0.003024384278826));
#11465=CARTESIAN_POINT('',(0.000838825573427,0.003049999999559,0.003024384278826));
#11466=CARTESIAN_POINT('',(0.000670750317462,0.003049999999559,0.00309453743193));
#11467=CARTESIAN_POINT('',(0.000733595850741,0.003049999999559,0.00309453743193));
#11468=CARTESIAN_POINT('',(0.00079351832494,0.003049999999559,0.003069691527315));
#11469=CARTESIAN_POINT('',(0.000838825573427,0.003049999999559,0.003024384278826));
#11470=CARTESIAN_POINT('',(0.000670750317462,0.003049999999559,0.00309453743193));
#11471=CARTESIAN_POINT('',(0.000670750317462,0.003050999999559,0.00309453743193));
#11472=CARTESIAN_POINT('',(0.000733595850741,0.003050999999559,0.00309453743193));
#11473=CARTESIAN_POINT('',(0.00079351832494,0.003050999999559,0.003069691527315));
#11474=CARTESIAN_POINT('',(0.000838825573427,0.003050999999559,0.003024384278826));
#11475=CARTESIAN_POINT('',(0.000670750317462,0.003050999999559,0.00309453743193));
#11476=CARTESIAN_POINT('',(0.000670750317462,0.003050999999559,0.00309453743193));
#11477=CARTESIAN_POINT('',(0.000637135277419,0.003050999999559,0.003091614386788));
#11478=CARTESIAN_POINT('',(0.000637135277419,0.003049999999559,0.003091614386788));
#11479=CARTESIAN_POINT('',(0.000648827457988,0.003050999999559,0.003093075916328));
#11480=CARTESIAN_POINT('',(0.000648827457988,0.003049999999559,0.003093075916328));
#11481=CARTESIAN_POINT('',(0.000659058136893,0.003050999999559,0.00309453743193));
#11482=CARTESIAN_POINT('',(0.000659058136893,0.003049999999559,0.00309453743193));
#11483=CARTESIAN_POINT('',(0.000670750317462,0.003050999999559,0.00309453743193));
#11484=CARTESIAN_POINT('',(0.000670750317462,0.003049999999559,0.00309453743193));
#11485=CARTESIAN_POINT('',(0.000637135277419,0.003049999999559,0.003091614386788));
#11486=CARTESIAN_POINT('',(0.000648827457988,0.003049999999559,0.003093075916328));
#11487=CARTESIAN_POINT('',(0.000659058136893,0.003049999999559,0.00309453743193));
#11488=CARTESIAN_POINT('',(0.000670750317462,0.003049999999559,0.00309453743193));
#11489=CARTESIAN_POINT('',(0.000637135351518474,0.003049999999559,0.00309161456426108));
#11490=CARTESIAN_POINT('',(0.000637135277419,0.003050999999559,0.003091614386788));
#11491=CARTESIAN_POINT('',(0.000648827457988,0.003050999999559,0.003093075916328));
#11492=CARTESIAN_POINT('',(0.000659058136893,0.003050999999559,0.00309453743193));
#11493=CARTESIAN_POINT('',(0.000670750317462,0.003050999999559,0.00309453743193));
#11494=CARTESIAN_POINT('',(0.000637135351689799,0.003050999999559,0.0030916145640363));
#11495=CARTESIAN_POINT('',(0.000637135277419,0.003050999999559,0.003091614386788));
#11496=CARTESIAN_POINT('',(0.000572828228538,0.003050999999559,0.003155921442638));
#11497=CARTESIAN_POINT('',(0.000572828228538,0.003049999999559,0.003155921442638));
#11498=CARTESIAN_POINT('',(0.000597674147092,0.003050999999559,0.003138383150877));
#11499=CARTESIAN_POINT('',(0.000597674147092,0.003049999999559,0.003138383150877));
#11500=CARTESIAN_POINT('',(0.000618135477026,0.003050999999559,0.003116460291404));
#11501=CARTESIAN_POINT('',(0.000618135477026,0.003049999999559,0.003116460291404));
#11502=CARTESIAN_POINT('',(0.000637135277419,0.003050999999559,0.003091614386788));
#11503=CARTESIAN_POINT('',(0.000637135277419,0.003049999999559,0.003091614386788));
#11504=CARTESIAN_POINT('',(0.000572828228538,0.003049999999559,0.003155921442638));
#11505=CARTESIAN_POINT('',(0.000597674147092,0.003049999999559,0.003138383150877));
#11506=CARTESIAN_POINT('',(0.000618135477026,0.003049999999559,0.003116460291404));
#11507=CARTESIAN_POINT('',(0.000637135277419,0.003049999999559,0.003091614386788));
#11508=CARTESIAN_POINT('',(0.000572828228538,0.003049999999559,0.003155921442638));
#11509=CARTESIAN_POINT('',(0.000572828228538,0.003050999999559,0.003155921442638));
#11510=CARTESIAN_POINT('',(0.000597674147092,0.003050999999559,0.003138383150877));
#11511=CARTESIAN_POINT('',(0.000618135477026,0.003050999999559,0.003116460291404));
#11512=CARTESIAN_POINT('',(0.000637135277419,0.003050999999559,0.003091614386788));
#11513=CARTESIAN_POINT('',(0.000572828228538,0.003050999999559,0.003155921442638));
#11514=CARTESIAN_POINT('',(0.000572828228538,0.003050999999559,0.003155921442638));
#11515=CARTESIAN_POINT('',(0.000397445352748,0.003050999999559,0.003212920878664));
#11516=CARTESIAN_POINT('',(0.000397445352748,0.003049999999559,0.003212920878664));
#11517=CARTESIAN_POINT('',(0.000461752401629,0.003050999999559,0.003212920878664));
#11518=CARTESIAN_POINT('',(0.000461752401629,0.003049999999559,0.003212920878664));
#11519=CARTESIAN_POINT('',(0.000521674889765,0.003050999999559,0.003192459543504));
#11520=CARTESIAN_POINT('',(0.000521674889765,0.003049999999559,0.003192459543504));
#11521=CARTESIAN_POINT('',(0.000572828228538,0.003050999999559,0.003155921442638));
#11522=CARTESIAN_POINT('',(0.000572828228538,0.003049999999559,0.003155921442638));
#11523=CARTESIAN_POINT('',(0.000397445352748,0.003049999999559,0.003212920878664));
#11524=CARTESIAN_POINT('',(0.000461752401629,0.003049999999559,0.003212920878664));
#11525=CARTESIAN_POINT('',(0.000521674889765,0.003049999999559,0.003192459543504));
#11526=CARTESIAN_POINT('',(0.000572828228538,0.003049999999559,0.003155921442638));
#11527=CARTESIAN_POINT('',(0.000397445352748,0.003049999999559,0.003212920878664));
#11528=CARTESIAN_POINT('',(0.000397445352748,0.003050999999559,0.003212920878664));
#11529=CARTESIAN_POINT('',(0.000461752401629,0.003050999999559,0.003212920878664));
#11530=CARTESIAN_POINT('',(0.000521674889765,0.003050999999559,0.003192459543504));
#11531=CARTESIAN_POINT('',(0.000572828228538,0.003050999999559,0.003155921442638));
#11532=CARTESIAN_POINT('',(0.000397445352748,0.003050999999559,0.003212920878664));
#11533=CARTESIAN_POINT('',(0.000397445352748,0.003050999999559,0.003212920878664));
#11534=CARTESIAN_POINT('',(0.00019867811582,0.003050999999559,0.003136921628306));
#11535=CARTESIAN_POINT('',(0.00019867811582,0.003049999999559,0.003136921628306));
#11536=CARTESIAN_POINT('',(0.000254216015336,0.003050999999559,0.003185151923679));
#11537=CARTESIAN_POINT('',(0.000254216015336,0.003049999999559,0.003185151923679));
#11538=CARTESIAN_POINT('',(0.000324369154502,0.003050999999559,0.003212920878664));
#11539=CARTESIAN_POINT('',(0.000324369154502,0.003049999999559,0.003212920878664));
#11540=CARTESIAN_POINT('',(0.000397445352748,0.003050999999559,0.003212920878664));
#11541=CARTESIAN_POINT('',(0.000397445352748,0.003049999999559,0.003212920878664));
#11542=CARTESIAN_POINT('',(0.00019867811582,0.003049999999559,0.003136921628306));
#11543=CARTESIAN_POINT('',(0.000254216015336,0.003049999999559,0.003185151923679));
#11544=CARTESIAN_POINT('',(0.000324369154502,0.003049999999559,0.003212920878664));
#11545=CARTESIAN_POINT('',(0.000397445352748,0.003049999999559,0.003212920878664));
#11546=CARTESIAN_POINT('',(0.00019867811582,0.003049999999559,0.003136921628306));
#11547=CARTESIAN_POINT('',(0.00019867811582,0.003050999999559,0.003136921628306));
#11548=CARTESIAN_POINT('',(0.000254216015336,0.003050999999559,0.003185151923679));
#11549=CARTESIAN_POINT('',(0.000324369154502,0.003050999999559,0.003212920878664));
#11550=CARTESIAN_POINT('',(0.000397445352748,0.003050999999559,0.003212920878664));
#11551=CARTESIAN_POINT('',(0.00019867811582,0.003050999999559,0.003136921628306));
#11552=CARTESIAN_POINT('',(0.00019867811582,0.003050999999559,0.003136921628306));
#11553=CARTESIAN_POINT('',(0.000119755799413,0.003050999999559,0.003021461233685));
#11554=CARTESIAN_POINT('',(0.000119755799413,0.003049999999559,0.003021461233685));
#11555=CARTESIAN_POINT('',(0.000135832540726,0.003050999999559,0.003065306952631));
#11556=CARTESIAN_POINT('',(0.000135832540726,0.003049999999559,0.003065306952631));
#11557=CARTESIAN_POINT('',(0.00016360151836,0.003050999999559,0.003104768096897));
#11558=CARTESIAN_POINT('',(0.00016360151836,0.003049999999559,0.003104768096897));
#11559=CARTESIAN_POINT('',(0.00019867811582,0.003050999999559,0.003136921628306));
#11560=CARTESIAN_POINT('',(0.00019867811582,0.003049999999559,0.003136921628306));
#11561=CARTESIAN_POINT('',(0.000119755799413,0.003049999999559,0.003021461233685));
#11562=CARTESIAN_POINT('',(0.000135832540726,0.003049999999559,0.003065306952631));
#11563=CARTESIAN_POINT('',(0.00016360151836,0.003049999999559,0.003104768096897));
#11564=CARTESIAN_POINT('',(0.00019867811582,0.003049999999559,0.003136921628306));
#11565=CARTESIAN_POINT('',(0.000119755671311242,0.003049999999559,0.00302146136845853));
#11566=CARTESIAN_POINT('',(0.000119755799413,0.003050999999559,0.003021461233685));
#11567=CARTESIAN_POINT('',(0.000135832540726,0.003050999999559,0.003065306952631));
#11568=CARTESIAN_POINT('',(0.00016360151836,0.003050999999559,0.003104768096897));
#11569=CARTESIAN_POINT('',(0.00019867811582,0.003050999999559,0.003136921628306));
#11570=CARTESIAN_POINT('',(0.000119755671177133,0.003050999999559,0.00302146136809023));
#11571=CARTESIAN_POINT('',(0.000119755799413,0.003050999999559,0.003021461233685));
#11572=CARTESIAN_POINT('',(-2.493503966231E-5,0.003050999999559,0.002830001644457));
#11573=CARTESIAN_POINT('',(-2.493503966231E-5,0.003049999999559,0.002830001644457));
#11574=CARTESIAN_POINT('',(-2.347353799811E-5,0.003050999999559,0.0029176930266));
#11575=CARTESIAN_POINT('',(-2.347353799811E-5,0.003049999999559,0.0029176930266));
#11576=CARTESIAN_POINT('',(3.644897801512E-5,0.003050999999559,0.002995153813466));
#11577=CARTESIAN_POINT('',(3.644897801512E-5,0.003049999999559,0.002995153813466));
#11578=CARTESIAN_POINT('',(0.000119755799413,0.003050999999559,0.003021461233685));
#11579=CARTESIAN_POINT('',(0.000119755799413,0.003049999999559,0.003021461233685));
#11580=CARTESIAN_POINT('',(-2.493503966231E-5,0.003049999999559,0.002830001644457));
#11581=CARTESIAN_POINT('',(-2.347353799811E-5,0.003049999999559,0.0029176930266));
#11582=CARTESIAN_POINT('',(3.644897801512E-5,0.003049999999559,0.002995153813466));
#11583=CARTESIAN_POINT('',(0.000119755799413,0.003049999999559,0.003021461233685));
#11584=CARTESIAN_POINT('',(-2.493503966231E-5,0.003050999999559,0.002830001644457));
#11585=CARTESIAN_POINT('',(-2.347353799811E-5,0.003050999999559,0.0029176930266));
#11586=CARTESIAN_POINT('',(3.644897801512E-5,0.003050999999559,0.002995153813466));
#11587=CARTESIAN_POINT('',(0.000119755799413,0.003050999999559,0.003021461233685));
#11588=CARTESIAN_POINT('',(1.67183849752E-5,0.003050999999559,0.002948750424792));
#11589=CARTESIAN_POINT('',(0.,0.00305,0.005300050847786));
#11590=CARTESIAN_POINT('',(-0.001148213663088,0.003049999999559,0.002705551509901));
#11591=CARTESIAN_POINT('',(-0.00114821366308844,0.00304999999957533,0.0027055515099009));
#11592=CARTESIAN_POINT('',(-0.0012172072092,0.00304999999957533,0.002705551509901));
#11593=CARTESIAN_POINT('',(-0.0012172072092,0.003049999999559,0.002705551509901));
#11594=CARTESIAN_POINT('',(-0.00118615223147428,0.00304999999978766,0.0027909921085131));
#11595=CARTESIAN_POINT('',(-0.001186152231474,0.00305,0.002790992108513));
#11596=CARTESIAN_POINT('',(-0.001185153848097,0.003049999999559,0.002793829619168));
#11597=CARTESIAN_POINT('',(-0.001184102918223,0.003049999999559,0.002798558803593));
#11598=CARTESIAN_POINT('',(-0.001182946895365,0.00305,0.002805389847762));
#11599=CARTESIAN_POINT('',(-0.001182946895365,0.00304999999978766,0.002805389847762));
#11600=CARTESIAN_POINT('',(-0.001182946895365,0.003049999999559,0.002805389847762));
#11601=CARTESIAN_POINT('',(-0.001182316337441,0.00304999999978766,0.002805389847762));
#11602=CARTESIAN_POINT('',(-0.001182316337441,0.00305,0.002805389847762));
#11603=CARTESIAN_POINT('',(-0.001181317954062,0.003049999999559,0.002799189361516));
#11604=CARTESIAN_POINT('',(-0.001180214477698,0.003049999999559,0.002794355084103));
#11605=CARTESIAN_POINT('',(-0.00117895336185,0.003049999999559,0.002790992108513));
#11606=CARTESIAN_POINT('',(-0.00117895336185,0.00304999999971123,0.002790992108513));
#11607=CARTESIAN_POINT('',(-0.00117895336185,0.003049999999559,0.002790992108513));
#11608=CARTESIAN_POINT('',(-0.00117895336185081,0.003050999999559,0.00279099210851272));
#11609=CARTESIAN_POINT('',(-0.00117895336185,0.003050999999559,0.002790992108513));
#11610=CARTESIAN_POINT('',(-0.00117895336185,0.003050999999559,0.002790992108513));
#11611=CARTESIAN_POINT('',(-0.00117895336185,0.003050999999559,0.002790992108513));
#11612=CARTESIAN_POINT('',(-0.00114821366308855,0.003050999999559,0.00270555150990096));
#11613=CARTESIAN_POINT('',(-0.001148213663088,0.003050999999559,0.002705551509901));
#11614=CARTESIAN_POINT('',(-0.001182316337441,0.003050999999559,0.002805389847762));
#11615=CARTESIAN_POINT('',(-0.001182316337441,0.003049999999559,0.002805389847762));
#11616=CARTESIAN_POINT('',(-0.001181317954062,0.003050999999559,0.002799189361516));
#11617=CARTESIAN_POINT('',(-0.001181317954062,0.003049999999559,0.002799189361516));
#11618=CARTESIAN_POINT('',(-0.001180214477698,0.003050999999559,0.002794355084103));
#11619=CARTESIAN_POINT('',(-0.001180214477698,0.003049999999559,0.002794355084103));
#11620=CARTESIAN_POINT('',(-0.00117895336185,0.003050999999559,0.002790992108513));
#11621=CARTESIAN_POINT('',(-0.00117895336185,0.003049999999559,0.002790992108513));
#11622=CARTESIAN_POINT('',(-0.001182316337441,0.003050999999559,0.002805389847762));
#11623=CARTESIAN_POINT('',(-0.001182316337441,0.003050999999559,0.002805389847762));
#11624=CARTESIAN_POINT('',(-0.001182316337441,0.003050999999559,0.002805389847762));
#11625=CARTESIAN_POINT('',(-0.001181317954062,0.003050999999559,0.002799189361516));
#11626=CARTESIAN_POINT('',(-0.001180214477698,0.003050999999559,0.002794355084103));
#11627=CARTESIAN_POINT('',(-0.00117895336185,0.003050999999559,0.002790992108513));
#11628=CARTESIAN_POINT('',(-0.001182946895365,0.003050999999559,0.002805389847762));
#11629=CARTESIAN_POINT('',(-0.001182946895365,0.003050999999559,0.002805389847762));
#11630=CARTESIAN_POINT('',(-0.001182946895365,0.003050999999559,0.002805389847762));
#11631=CARTESIAN_POINT('',(-0.001182946895365,0.003050999999559,0.002805389847762));
#11632=CARTESIAN_POINT('',(-0.001186152231474,0.003050999999559,0.002790992108513));
#11633=CARTESIAN_POINT('',(-0.001186152231474,0.00305,0.002790992108513));
#11634=CARTESIAN_POINT('',(-0.001185153848097,0.003050999999559,0.002793829619168));
#11635=CARTESIAN_POINT('',(-0.001185153848097,0.00305,0.002793829619168));
#11636=CARTESIAN_POINT('',(-0.001184102918223,0.003050999999559,0.002798558803593));
#11637=CARTESIAN_POINT('',(-0.001184102918223,0.00305,0.002798558803593));
#11638=CARTESIAN_POINT('',(-0.001182946895365,0.003050999999559,0.002805389847762));
#11639=CARTESIAN_POINT('',(-0.001182946895365,0.00305,0.002805389847762));
#11640=CARTESIAN_POINT('',(-0.001186152231474,0.003050999999559,0.002790992108513));
#11641=CARTESIAN_POINT('',(-0.00118615223147428,0.003050999999559,0.0027909921085131));
#11642=CARTESIAN_POINT('',(-0.001186152231474,0.003050999999559,0.002790992108513));
#11643=CARTESIAN_POINT('',(-0.001185153848097,0.003050999999559,0.002793829619168));
#11644=CARTESIAN_POINT('',(-0.001184102918223,0.003050999999559,0.002798558803593));
#11645=CARTESIAN_POINT('',(-0.001182946895365,0.003050999999559,0.002805389847762));
#11646=CARTESIAN_POINT('',(-0.0012172072092,0.003050999999559,0.002705551509901));
#11647=CARTESIAN_POINT('',(-0.0012172072092,0.003050999999559,0.002705551509901));
#11648=CARTESIAN_POINT('',(-0.0012172072092,0.003050999999559,0.002705551509901));
#11649=CARTESIAN_POINT('',(-0.0012172072092,0.003050999999559,0.002705551509901));
#11650=CARTESIAN_POINT('',(-0.001148213663088,0.003050999999559,0.002705551509901));
#11651=CARTESIAN_POINT('',(-0.001148213663088,0.003050999999559,0.002705551509901));
#11652=CARTESIAN_POINT('',(-0.000873132769033,0.003050999999559,0.002626101211561));
#11653=CARTESIAN_POINT('',(-0.001275691456588,0.003049999999559,0.002626101211561));
#11654=CARTESIAN_POINT('',(-0.001246370513154,0.00304999999956081,0.002626101211561));
#11655=CARTESIAN_POINT('',(-0.00127569145658783,0.003049999999559,0.002626101211561));
#11656=CARTESIAN_POINT('',(-0.001275691456588,0.003050999999559,0.002626101211561));
#11657=CARTESIAN_POINT('',(-0.00127569145658786,0.003050999999559,0.00262610121156099));
#11658=CARTESIAN_POINT('',(-0.001275691456588,0.003050999999559,0.002626101211561));
#11659=CARTESIAN_POINT('',(-0.001246370513154,0.003050999999559,0.002626101211561));
#11660=CARTESIAN_POINT('',(-0.001246370513154,0.003050999999559,0.002626101211561));
#11661=CARTESIAN_POINT('',(-0.00124637051315313,0.003050999999559,0.00262610121156066));
#11662=CARTESIAN_POINT('',(-0.001246370513154,0.003049999999559,0.002626101211561));
#11663=CARTESIAN_POINT('',(-0.00122540446220187,0.003049999999559,0.002682325959724));
#11664=CARTESIAN_POINT('',(-0.001246370513154,0.003050999999559,0.002626101211561));
#11665=CARTESIAN_POINT('',(-0.00122540446220187,0.003050999999559,0.002682325959724));
#11666=CARTESIAN_POINT('',(-0.001225404462202,0.003050999999559,0.002682325959724));
#11667=CARTESIAN_POINT('',(-0.001225404462202,0.003050999999559,0.002682325959724));
#11668=CARTESIAN_POINT('',(-0.001225404462202,0.003049999999559,0.002682325959724));
#11669=CARTESIAN_POINT('',(-0.001139806224109,0.003049999999559,0.002682325959724));
#11670=CARTESIAN_POINT('',(-0.001225404462202,0.003050999999559,0.002682325959724));
#11671=CARTESIAN_POINT('',(-0.001139806224109,0.003050999999559,0.002682325959724));
#11672=CARTESIAN_POINT('',(-0.001139806224109,0.003050999999559,0.002682325959724));
#11673=CARTESIAN_POINT('',(-0.001139806224109,0.003050999999559,0.002682325959724));
#11674=CARTESIAN_POINT('',(-0.001139806224109,0.003049999999559,0.002682325959724));
#11675=CARTESIAN_POINT('',(-0.00112004874251117,0.003049999999559,0.002626101211561));
#11676=CARTESIAN_POINT('',(-0.001139806224109,0.003050999999559,0.002682325959724));
#11677=CARTESIAN_POINT('',(-0.00112004874251114,0.003050999999559,0.00262610121156099));
#11678=CARTESIAN_POINT('',(-0.001120048742511,0.003050999999559,0.002626101211561));
#11679=CARTESIAN_POINT('',(-0.000873132769033,0.003050999999559,0.002626101211561));
#11680=CARTESIAN_POINT('',(-0.001120048742511,0.003049999999559,0.002626101211561));
#11681=CARTESIAN_POINT('',(-0.001090727799076,0.003049999999559,0.002626101211561));
#11682=CARTESIAN_POINT('',(-0.001120048742511,0.003050999999559,0.002626101211561));
#11683=CARTESIAN_POINT('',(-0.001090727799076,0.003050999999559,0.002626101211561));
#11684=CARTESIAN_POINT('',(-0.001090727799076,0.003050999999559,0.002626101211561));
#11685=CARTESIAN_POINT('',(-0.001090727799076,0.003050999999559,0.002626101211561));
#11686=CARTESIAN_POINT('',(-0.001090727799076,0.003049999999559,0.002626101211561));
#11687=CARTESIAN_POINT('',(-0.00116902207455716,0.003049999999559,0.002831663094568));
#11688=CARTESIAN_POINT('',(-0.001090727799076,0.003050999999559,0.002626101211561));
#11689=CARTESIAN_POINT('',(-0.00116902207455716,0.003050999999559,0.002831663094568));
#11690=CARTESIAN_POINT('',(-0.001169022074557,0.003050999999559,0.002831663094568));
#11691=CARTESIAN_POINT('',(-0.000762574946475,0.003050999999559,0.002831663094568));
#11692=CARTESIAN_POINT('',(-0.001169022074557,0.003049999999559,0.002831663094568));
#11693=CARTESIAN_POINT('',(-0.001197397181108,0.003049999999559,0.002831663094568));
#11694=CARTESIAN_POINT('',(-0.001169022074557,0.003050999999559,0.002831663094568));
#11695=CARTESIAN_POINT('',(-0.001197397181108,0.003050999999559,0.002831663094568));
#11696=CARTESIAN_POINT('',(-0.001197397181108,0.003050999999559,0.002831663094568));
#11697=CARTESIAN_POINT('',(-0.001197397181108,0.003050999999559,0.002831663094568));
#11698=CARTESIAN_POINT('',(-0.001197397181108,0.003049999999559,0.002831663094568));
#11699=CARTESIAN_POINT('',(-0.001197397181108,0.003050999999559,0.002831663094568));
#11700=CARTESIAN_POINT('',(0.,0.003050999999559,0.005300050847786));
#11701=CARTESIAN_POINT('',(0.,0.00305,0.005300050847786));
#11702=CARTESIAN_POINT('',(-0.000969555584809,0.003049999999559,0.002808017172443));
#11703=CARTESIAN_POINT('',(-0.000969555584809,0.00304999999978766,0.002808017172443));
#11704=CARTESIAN_POINT('',(-0.000938500607085,0.00304999999957533,0.002808017172443));
#11705=CARTESIAN_POINT('',(-0.000938500607085,0.003049999999559,0.002808017172443));
#11706=CARTESIAN_POINT('',(-0.000938500607085,0.00304999999957533,0.002649536947712));
#11707=CARTESIAN_POINT('',(-0.000938500607085,0.003049999999559,0.002649536947712));
#11708=CARTESIAN_POINT('',(-0.000968347015456,0.003049999999706,0.002649536947712));
#11709=CARTESIAN_POINT('',(-0.000968347015456,0.00305,0.002649536947712));
#11710=CARTESIAN_POINT('',(-0.00099446262278,0.003049999999559,0.002649536947712));
#11711=CARTESIAN_POINT('',(-0.001014850662302,0.003049999999559,0.002656683270842));
#11712=CARTESIAN_POINT('',(-0.001029458587526,0.00305,0.002670975917104));
#11713=CARTESIAN_POINT('',(-0.001029458587526,0.00305000000000026,0.002670975917104));
#11714=CARTESIAN_POINT('',(-0.001029458587526,0.00305,0.002670975917104));
#11715=CARTESIAN_POINT('',(-0.001044119059244,0.003049999999559,0.00268516347038));
#11716=CARTESIAN_POINT('',(-0.001051423021855,0.003049999999559,0.002705131137952));
#11717=CARTESIAN_POINT('',(-0.001051423021855,0.00305,0.002730773826835));
#11718=CARTESIAN_POINT('',(-0.001051423021855,0.00304999999998155,0.002730773826835));
#11719=CARTESIAN_POINT('',(-0.001051423021855,0.00305,0.002730773826835));
#11720=CARTESIAN_POINT('',(-0.001051423021855,0.003049999999559,0.002756416515717));
#11721=CARTESIAN_POINT('',(-0.001043908873268,0.003049999999559,0.002775753625365));
#11722=CARTESIAN_POINT('',(-0.001028880576096,0.003049999999559,0.002788680062794));
#11723=CARTESIAN_POINT('',(-0.001028880576096,0.00304999999968815,0.002788680062794));
#11724=CARTESIAN_POINT('',(-0.001028880576096,0.003049999999559,0.002788680062794));
#11725=CARTESIAN_POINT('',(-0.001013852278923,0.003049999999559,0.002801606500222));
#11726=CARTESIAN_POINT('',(-0.000994042250832,0.003049999999559,0.002808017172443));
#11727=CARTESIAN_POINT('',(-0.000969555584809,0.00305,0.002808017172443));
#11728=CARTESIAN_POINT('',(-0.001028880576096,0.003050999999559,0.002788680062794));
#11729=CARTESIAN_POINT('',(-0.001028880576096,0.00305066466615552,0.002788680062794));
#11730=CARTESIAN_POINT('',(-0.001028880576096,0.00305032933275204,0.002788680062794));
#11731=CARTESIAN_POINT('',(-0.001028880576096,0.00304999399934856,0.002788680062794));
#11732=CARTESIAN_POINT('',(-0.001013852278923,0.003050999999559,0.002801606500222));
#11733=CARTESIAN_POINT('',(-0.001013852278923,0.00305066466615552,0.002801606500222));
#11734=CARTESIAN_POINT('',(-0.001013852278923,0.00305032933275204,0.002801606500222));
#11735=CARTESIAN_POINT('',(-0.001013852278923,0.00304999399934856,0.002801606500222));
#11736=CARTESIAN_POINT('',(-0.000994042250832,0.003050999999559,0.002808017172443));
#11737=CARTESIAN_POINT('',(-0.000994042250832,0.00305066466615552,0.002808017172443));
#11738=CARTESIAN_POINT('',(-0.000994042250832,0.00305032933275204,0.002808017172443));
#11739=CARTESIAN_POINT('',(-0.000994042250832,0.00304999399934856,0.002808017172443));
#11740=CARTESIAN_POINT('',(-0.000969555584809,0.003050999999559,0.002808017172443));
#11741=CARTESIAN_POINT('',(-0.000969555584809,0.00305066466615552,0.002808017172443));
#11742=CARTESIAN_POINT('',(-0.000969555584809,0.00305032933275204,0.002808017172443));
#11743=CARTESIAN_POINT('',(-0.000969555584809,0.00304999399934856,0.002808017172443));
#11744=CARTESIAN_POINT('',(-0.001028880576096,0.003050999999559,0.002788680062794));
#11745=CARTESIAN_POINT('',(-0.001028880576096,0.003050999999559,0.002788680062794));
#11746=CARTESIAN_POINT('',(-0.001028880576096,0.003050999999559,0.002788680062794));
#11747=CARTESIAN_POINT('',(-0.001013852278923,0.003050999999559,0.002801606500222));
#11748=CARTESIAN_POINT('',(-0.000994042250832,0.003050999999559,0.002808017172443));
#11749=CARTESIAN_POINT('',(-0.000969555584809,0.003050999999559,0.002808017172443));
#11750=CARTESIAN_POINT('',(-0.000969555584809,0.003050999999559,0.002808017172443));
#11751=CARTESIAN_POINT('',(-0.000969555584809,0.003050999999559,0.002808017172443));
#11752=CARTESIAN_POINT('',(-0.001051423021855,0.003050999999559,0.002730773826835));
#11753=CARTESIAN_POINT('',(-0.001051423021855,0.00305066466616417,0.002730773826835));
#11754=CARTESIAN_POINT('',(-0.001051423021855,0.00305032933276934,0.002730773826835));
#11755=CARTESIAN_POINT('',(-0.001051423021855,0.0030499939993745,0.002730773826835));
#11756=CARTESIAN_POINT('',(-0.001051423021855,0.003050999999559,0.002756416515717));
#11757=CARTESIAN_POINT('',(-0.001051423021855,0.00305066466616417,0.002756416515717));
#11758=CARTESIAN_POINT('',(-0.001051423021855,0.00305032933276934,0.002756416515717));
#11759=CARTESIAN_POINT('',(-0.001051423021855,0.0030499939993745,0.002756416515717));
#11760=CARTESIAN_POINT('',(-0.001043908873268,0.003050999999559,0.002775753625365));
#11761=CARTESIAN_POINT('',(-0.001043908873268,0.00305066466616417,0.002775753625365));
#11762=CARTESIAN_POINT('',(-0.001043908873268,0.00305032933276934,0.002775753625365));
#11763=CARTESIAN_POINT('',(-0.001043908873268,0.0030499939993745,0.002775753625365));
#11764=CARTESIAN_POINT('',(-0.001028880576096,0.003050999999559,0.002788680062794));
#11765=CARTESIAN_POINT('',(-0.001028880576096,0.00305066466616417,0.002788680062794));
#11766=CARTESIAN_POINT('',(-0.001028880576096,0.00305032933276934,0.002788680062794));
#11767=CARTESIAN_POINT('',(-0.001028880576096,0.0030499939993745,0.002788680062794));
#11768=CARTESIAN_POINT('',(-0.001051423021855,0.003050999999559,0.002730773826835));
#11769=CARTESIAN_POINT('',(-0.001051423021855,0.003050999999559,0.002730773826835));
#11770=CARTESIAN_POINT('',(-0.001051423021855,0.003050999999559,0.002730773826835));
#11771=CARTESIAN_POINT('',(-0.001051423021855,0.003050999999559,0.002756416515717));
#11772=CARTESIAN_POINT('',(-0.001043908873268,0.003050999999559,0.002775753625365));
#11773=CARTESIAN_POINT('',(-0.001028880576096,0.003050999999559,0.002788680062794));
#11774=CARTESIAN_POINT('',(-0.001029458587526,0.003050999999559,0.002670975917104));
#11775=CARTESIAN_POINT('',(-0.001029458587526,0.00305066466633408,0.002670975917104));
#11776=CARTESIAN_POINT('',(-0.001029458587526,0.00305032933310917,0.002670975917104));
#11777=CARTESIAN_POINT('',(-0.001029458587526,0.00304999399988425,0.002670975917104));
#11778=CARTESIAN_POINT('',(-0.001044119059244,0.003050999999559,0.00268516347038));
#11779=CARTESIAN_POINT('',(-0.001044119059244,0.00305066466633408,0.00268516347038));
#11780=CARTESIAN_POINT('',(-0.001044119059244,0.00305032933310917,0.00268516347038));
#11781=CARTESIAN_POINT('',(-0.001044119059244,0.00304999399988425,0.00268516347038));
#11782=CARTESIAN_POINT('',(-0.001051423021855,0.003050999999559,0.002705131137952));
#11783=CARTESIAN_POINT('',(-0.001051423021855,0.00305066466633408,0.002705131137952));
#11784=CARTESIAN_POINT('',(-0.001051423021855,0.00305032933310917,0.002705131137952));
#11785=CARTESIAN_POINT('',(-0.001051423021855,0.00304999399988425,0.002705131137952));
#11786=CARTESIAN_POINT('',(-0.001051423021855,0.003050999999559,0.002730773826835));
#11787=CARTESIAN_POINT('',(-0.001051423021855,0.00305066466633408,0.002730773826835));
#11788=CARTESIAN_POINT('',(-0.001051423021855,0.00305032933310917,0.002730773826835));
#11789=CARTESIAN_POINT('',(-0.001051423021855,0.00304999399988425,0.002730773826835));
#11790=CARTESIAN_POINT('',(-0.001029458587526,0.003050999999559,0.002670975917104));
#11791=CARTESIAN_POINT('',(-0.001029458587526,0.003050999999559,0.002670975917104));
#11792=CARTESIAN_POINT('',(-0.001029458587526,0.003050999999559,0.002670975917104));
#11793=CARTESIAN_POINT('',(-0.001044119059244,0.003050999999559,0.00268516347038));
#11794=CARTESIAN_POINT('',(-0.001051423021855,0.003050999999559,0.002705131137952));
#11795=CARTESIAN_POINT('',(-0.001051423021855,0.003050999999559,0.002730773826835));
#11796=CARTESIAN_POINT('',(-0.000968347015456,0.003050999999559,0.002649536947712));
#11797=CARTESIAN_POINT('',(-0.000968347015456,0.00305066466630628,0.002649536947712));
#11798=CARTESIAN_POINT('',(-0.000968347015456,0.00305032933305356,0.002649536947712));
#11799=CARTESIAN_POINT('',(-0.000968347015456,0.00304999399980083,0.002649536947712));
#11800=CARTESIAN_POINT('',(-0.00099446262278,0.003050999999559,0.002649536947712));
#11801=CARTESIAN_POINT('',(-0.00099446262278,0.00305066466630628,0.002649536947712));
#11802=CARTESIAN_POINT('',(-0.00099446262278,0.00305032933305356,0.002649536947712));
#11803=CARTESIAN_POINT('',(-0.00099446262278,0.00304999399980083,0.002649536947712));
#11804=CARTESIAN_POINT('',(-0.001014850662302,0.003050999999559,0.002656683270842));
#11805=CARTESIAN_POINT('',(-0.001014850662302,0.00305066466630628,0.002656683270842));
#11806=CARTESIAN_POINT('',(-0.001014850662302,0.00305032933305356,0.002656683270842));
#11807=CARTESIAN_POINT('',(-0.001014850662302,0.00304999399980083,0.002656683270842));
#11808=CARTESIAN_POINT('',(-0.001029458587526,0.003050999999559,0.002670975917104));
#11809=CARTESIAN_POINT('',(-0.001029458587526,0.00305066466630628,0.002670975917104));
#11810=CARTESIAN_POINT('',(-0.001029458587526,0.00305032933305356,0.002670975917104));
#11811=CARTESIAN_POINT('',(-0.001029458587526,0.00304999399980083,0.002670975917104));
#11812=CARTESIAN_POINT('',(-0.000968347015456,0.003050999999559,0.002649536947712));
#11813=CARTESIAN_POINT('',(-0.000968347015456,0.003050999999559,0.002649536947712));
#11814=CARTESIAN_POINT('',(-0.000968347015456,0.003050999999559,0.002649536947712));
#11815=CARTESIAN_POINT('',(-0.00099446262278,0.003050999999559,0.002649536947712));
#11816=CARTESIAN_POINT('',(-0.001014850662302,0.003050999999559,0.002656683270842));
#11817=CARTESIAN_POINT('',(-0.001029458587526,0.003050999999559,0.002670975917104));
#11818=CARTESIAN_POINT('',(-0.000789110925749,0.003050999999559,0.002649536947712));
#11819=CARTESIAN_POINT('',(-0.000938500607085,0.003050999999559,0.002649536947712));
#11820=CARTESIAN_POINT('',(-0.000938500607085,0.003050999999559,0.002649536947712));
#11821=CARTESIAN_POINT('',(-0.000938500607085,0.003050999999559,0.002649536947712));
#11822=CARTESIAN_POINT('',(-0.000938500607085,0.003050999999559,0.002808017172443));
#11823=CARTESIAN_POINT('',(-0.000938500607085,0.003050999999559,0.002808017172443));
#11824=CARTESIAN_POINT('',(-0.000938500607085,0.003050999999559,0.002808017172443));
#11825=CARTESIAN_POINT('',(-0.000938500607085,0.003050999999559,0.002808017172443));
#11826=CARTESIAN_POINT('',(-0.000868456131101,0.003050999999559,0.002808017172443));
#11827=CARTESIAN_POINT('',(-0.000969555584809,0.003050999999559,0.002808017172443));
#11828=CARTESIAN_POINT('',(-0.000911964627812,0.003050999999559,0.002626101211561));
#11829=CARTESIAN_POINT('',(-0.000911964627812,0.003049999999559,0.002626101211561));
#11830=CARTESIAN_POINT('',(-0.000911964627812,0.00304999999957533,0.002831663094568));
#11831=CARTESIAN_POINT('',(-0.000911964627812,0.003049999999559,0.002626101211561));
#11832=CARTESIAN_POINT('',(-0.000911964627812,0.003050999999559,0.002626101211561));
#11833=CARTESIAN_POINT('',(-0.000911964627812,0.003050999999559,0.002626101211561));
#11834=CARTESIAN_POINT('',(-0.000911964627812,0.003050999999559,0.002626101211561));
#11835=CARTESIAN_POINT('',(-0.000911964627812,0.003050999999559,0.002831663094568));
#11836=CARTESIAN_POINT('',(-0.000911964627812,0.003050999999559,0.002831663094568));
#11837=CARTESIAN_POINT('',(-0.000762574946475,0.003050999999559,0.002831663094568));
#11838=CARTESIAN_POINT('',(-0.000911964627812,0.003049999999559,0.002831663094568));
#11839=CARTESIAN_POINT('',(-0.000970606514681,0.003049999999559,0.002831663094568));
#11840=CARTESIAN_POINT('',(-0.000911964627812,0.003050999999559,0.002831663094568));
#11841=CARTESIAN_POINT('',(-0.000970606514681,0.003050999999559,0.002831663094568));
#11842=CARTESIAN_POINT('',(-0.000970606514681,0.003050999999559,0.002831663094568));
#11843=CARTESIAN_POINT('',(-0.001048322778732,0.003050999999559,0.002804444010878));
#11844=CARTESIAN_POINT('',(-0.001048322778732,0.003049999999559,0.002804444010878));
#11845=CARTESIAN_POINT('',(-0.001027672006744,0.003050999999559,0.002822625097666));
#11846=CARTESIAN_POINT('',(-0.001027672006744,0.003049999999559,0.002822625097666));
#11847=CARTESIAN_POINT('',(-0.001001766585392,0.003050999999559,0.002831663094568));
#11848=CARTESIAN_POINT('',(-0.001001766585392,0.003049999999559,0.002831663094568));
#11849=CARTESIAN_POINT('',(-0.000970606514681,0.003050999999559,0.002831663094568));
#11850=CARTESIAN_POINT('',(-0.000970606514681,0.003049999999559,0.002831663094568));
#11851=CARTESIAN_POINT('',(-0.001048322778732,0.003049999999559,0.002804444010878));
#11852=CARTESIAN_POINT('',(-0.001027672006744,0.003049999999559,0.002822625097666));
#11853=CARTESIAN_POINT('',(-0.001001766585392,0.003049999999559,0.002831663094568));
#11854=CARTESIAN_POINT('',(-0.000970606514681,0.003049999999559,0.002831663094568));
#11855=CARTESIAN_POINT('',(-0.001048322778732,0.003049999999559,0.002804444010878));
#11856=CARTESIAN_POINT('',(-0.001048322778732,0.003050999999559,0.002804444010878));
#11857=CARTESIAN_POINT('',(-0.001027672006744,0.003050999999559,0.002822625097666));
#11858=CARTESIAN_POINT('',(-0.001001766585392,0.003050999999559,0.002831663094568));
#11859=CARTESIAN_POINT('',(-0.000970606514681,0.003050999999559,0.002831663094568));
#11860=CARTESIAN_POINT('',(-0.001048322778732,0.003050999999559,0.002804444010878));
#11861=CARTESIAN_POINT('',(-0.001048322778732,0.003050999999559,0.002804444010878));
#11862=CARTESIAN_POINT('',(-0.001079325209964,0.003050999999559,0.002731509477744));
#11863=CARTESIAN_POINT('',(-0.001079325209964,0.003049999999559,0.002731509477744));
#11864=CARTESIAN_POINT('',(-0.001079325209964,0.003050999999559,0.002761986444039));
#11865=CARTESIAN_POINT('',(-0.001079325209964,0.003049999999559,0.002761986444039));
#11866=CARTESIAN_POINT('',(-0.001068973550722,0.003050999999559,0.002786262924088));
#11867=CARTESIAN_POINT('',(-0.001068973550722,0.003049999999559,0.002786262924088));
#11868=CARTESIAN_POINT('',(-0.001048322778732,0.003050999999559,0.002804444010878));
#11869=CARTESIAN_POINT('',(-0.001048322778732,0.003049999999559,0.002804444010878));
#11870=CARTESIAN_POINT('',(-0.001079325209964,0.003049999999559,0.002731509477744));
#11871=CARTESIAN_POINT('',(-0.001079325209964,0.003049999999559,0.002761986444039));
#11872=CARTESIAN_POINT('',(-0.001068973550722,0.003049999999559,0.002786262924088));
#11873=CARTESIAN_POINT('',(-0.001048322778732,0.003049999999559,0.002804444010878));
#11874=CARTESIAN_POINT('',(-0.001079325209964,0.003049999999559,0.002731509477744));
#11875=CARTESIAN_POINT('',(-0.001079325209964,0.003050999999559,0.002731509477744));
#11876=CARTESIAN_POINT('',(-0.001079325209964,0.003050999999559,0.002761986444039));
#11877=CARTESIAN_POINT('',(-0.001068973550722,0.003050999999559,0.002786262924088));
#11878=CARTESIAN_POINT('',(-0.001048322778732,0.003050999999559,0.002804444010878));
#11879=CARTESIAN_POINT('',(-0.001079325209964,0.003050999999559,0.002731509477744));
#11880=CARTESIAN_POINT('',(-0.001079325209964,0.003050999999559,0.002731509477744));
#11881=CARTESIAN_POINT('',(-0.001048322778732,0.003050999999559,0.00265489669006));
#11882=CARTESIAN_POINT('',(-0.001048322778732,0.003049999999559,0.00265489669006));
#11883=CARTESIAN_POINT('',(-0.001068973550722,0.003050999999559,0.002674128706722));
#11884=CARTESIAN_POINT('',(-0.001068973550722,0.003049999999559,0.002674128706722));
#11885=CARTESIAN_POINT('',(-0.001079325209964,0.003050999999559,0.002699666302616));
#11886=CARTESIAN_POINT('',(-0.001079325209964,0.003049999999559,0.002699666302616));
#11887=CARTESIAN_POINT('',(-0.001079325209964,0.003050999999559,0.002731509477744));
#11888=CARTESIAN_POINT('',(-0.001079325209964,0.003049999999559,0.002731509477744));
#11889=CARTESIAN_POINT('',(-0.001048322778732,0.003049999999559,0.00265489669006));
#11890=CARTESIAN_POINT('',(-0.001068973550722,0.003049999999559,0.002674128706722));
#11891=CARTESIAN_POINT('',(-0.001079325209964,0.003049999999559,0.002699666302616));
#11892=CARTESIAN_POINT('',(-0.001079325209964,0.003049999999559,0.002731509477744));
#11893=CARTESIAN_POINT('',(-0.001048322778732,0.003049999999559,0.00265489669006));
#11894=CARTESIAN_POINT('',(-0.001048322778732,0.003050999999559,0.00265489669006));
#11895=CARTESIAN_POINT('',(-0.001068973550722,0.003050999999559,0.002674128706722));
#11896=CARTESIAN_POINT('',(-0.001079325209964,0.003050999999559,0.002699666302616));
#11897=CARTESIAN_POINT('',(-0.001079325209964,0.003050999999559,0.002731509477744));
#11898=CARTESIAN_POINT('',(-0.001048322778732,0.003050999999559,0.00265489669006));
#11899=CARTESIAN_POINT('',(-0.001048322778732,0.003050999999559,0.00265489669006));
#11900=CARTESIAN_POINT('',(-0.000968504654938,0.003050999999559,0.002626101211561));
#11901=CARTESIAN_POINT('',(-0.000968504654938,0.003049999999559,0.002626101211561));
#11902=CARTESIAN_POINT('',(-0.001001030934483,0.003050999999559,0.002626101211561));
#11903=CARTESIAN_POINT('',(-0.001001030934483,0.003049999999559,0.002626101211561));
#11904=CARTESIAN_POINT('',(-0.001027672006744,0.003050999999559,0.002635664673397));
#11905=CARTESIAN_POINT('',(-0.001027672006744,0.003049999999559,0.002635664673397));
#11906=CARTESIAN_POINT('',(-0.001048322778732,0.003050999999559,0.00265489669006));
#11907=CARTESIAN_POINT('',(-0.001048322778732,0.003049999999559,0.00265489669006));
#11908=CARTESIAN_POINT('',(-0.000968504654938,0.003049999999559,0.002626101211561));
#11909=CARTESIAN_POINT('',(-0.001001030934483,0.003049999999559,0.002626101211561));
#11910=CARTESIAN_POINT('',(-0.001027672006744,0.003049999999559,0.002635664673397));
#11911=CARTESIAN_POINT('',(-0.001048322778732,0.003049999999559,0.00265489669006));
#11912=CARTESIAN_POINT('',(-0.000968504654938,0.003049999999559,0.002626101211561));
#11913=CARTESIAN_POINT('',(-0.000968504654938,0.003050999999559,0.002626101211561));
#11914=CARTESIAN_POINT('',(-0.001001030934483,0.003050999999559,0.002626101211561));
#11915=CARTESIAN_POINT('',(-0.001027672006744,0.003050999999559,0.002635664673397));
#11916=CARTESIAN_POINT('',(-0.001048322778732,0.003050999999559,0.00265489669006));
#11917=CARTESIAN_POINT('',(-0.000968504654938,0.003050999999559,0.002626101211561));
#11918=CARTESIAN_POINT('',(-0.000968504654938,0.003050999999559,0.002626101211561));
#11919=CARTESIAN_POINT('',(-0.000873132769033,0.003050999999559,0.002626101211561));
#11920=CARTESIAN_POINT('',(-0.000968504654938,0.003049999999559,0.002626101211561));
#11921=CARTESIAN_POINT('',(-0.000968504654938,0.003050999999559,0.002626101211561));
#11922=CARTESIAN_POINT('',(-0.001013405633728,0.003050999999559,0.002824871460269));
#11923=CARTESIAN_POINT('',(0.,0.003050999999559,0.005300050847786));
#11924=CARTESIAN_POINT('',(-0.000873132769033,0.003050999999559,0.002649536947712));
#11925=CARTESIAN_POINT('',(-0.000873132769033,0.003050999999559,0.002626101211561));
#11926=CARTESIAN_POINT('',(-0.000873132769033,0.003050999999559,0.002649536947712));
#11927=CARTESIAN_POINT('',(-0.000789110925749,0.003050999999559,0.002649536947712));
#11928=CARTESIAN_POINT('',(-0.000789110925749,0.003050999999559,0.002649536947712));
#11929=CARTESIAN_POINT('',(-0.000789110925749,0.003050999999559,0.002718688133304));
#11930=CARTESIAN_POINT('',(-0.000789110925749,0.003050999999559,0.002718688133304));
#11931=CARTESIAN_POINT('',(-0.00086262347031,0.003050999999559,0.002718688133304));
#11932=CARTESIAN_POINT('',(-0.00086262347031,0.003050999999559,0.002718688133304));
#11933=CARTESIAN_POINT('',(-0.00086262347031,0.003050999999559,0.002742228962441));
#11934=CARTESIAN_POINT('',(-0.00086262347031,0.003050999999559,0.002742228962441));
#11935=CARTESIAN_POINT('',(-0.000789110925749,0.003050999999559,0.002742228962441));
#11936=CARTESIAN_POINT('',(-0.000789110925749,0.003050999999559,0.002742228962441));
#11937=CARTESIAN_POINT('',(-0.000789110925749,0.003050999999559,0.002808017172443));
#11938=CARTESIAN_POINT('',(-0.000789110925749,0.003050999999559,0.002808017172443));
#11939=CARTESIAN_POINT('',(-0.000868456131101,0.003050999999559,0.002808017172443));
#11940=CARTESIAN_POINT('',(-0.000868456131101,0.003050999999559,0.002808017172443));
#11941=CARTESIAN_POINT('',(-0.000868456131101,0.003050999999559,0.002831663094568));
#11942=CARTESIAN_POINT('',(-0.000868456131101,0.003050999999559,0.002831663094568));
#11943=CARTESIAN_POINT('',(-0.000762574946475,0.003050999999559,0.002831663094568));
#11944=CARTESIAN_POINT('',(-0.000762574946475,0.003050999999559,0.002831663094568));
#11945=CARTESIAN_POINT('',(-0.000762574946475,0.003050999999559,0.002626101211561));
#11946=CARTESIAN_POINT('',(-0.000762574946475,0.003050999999559,0.002626101211561));
#11947=CARTESIAN_POINT('',(-0.000873132769033,0.003050999999559,0.002626101211561));
#11948=CARTESIAN_POINT('',(-0.000873132769033,0.003050999999559,0.002626101211561));
#11949=CARTESIAN_POINT('',(-0.000873132769033,0.003049999999559,0.002626101211561));
#11950=CARTESIAN_POINT('',(-0.000762574946475,0.00304999999956081,0.002626101211561));
#11951=CARTESIAN_POINT('',(-0.000873132769033,0.003049999999559,0.002626101211561));
#11952=CARTESIAN_POINT('',(-0.000873132769033,0.003050999999559,0.002626101211561));
#11953=CARTESIAN_POINT('',(-0.000762574946475,0.003050999999559,0.002626101211561));
#11954=CARTESIAN_POINT('',(-0.000762574946475,0.003050999999559,0.002626101211561));
#11955=CARTESIAN_POINT('',(-0.000762574946475,0.003049999999559,0.002626101211561));
#11956=CARTESIAN_POINT('',(-0.000762574946475,0.003049999999559,0.002831663094568));
#11957=CARTESIAN_POINT('',(-0.000762574946475,0.003050999999559,0.002831663094568));
#11958=CARTESIAN_POINT('',(-0.000762574946475,0.003050999999559,0.002831663094568));
#11959=CARTESIAN_POINT('',(-0.000762574946475,0.003049999999559,0.002831663094568));
#11960=CARTESIAN_POINT('',(-0.000868456131101,0.003049999999559,0.002831663094568));
#11961=CARTESIAN_POINT('',(-0.000868456131101,0.003050999999559,0.002831663094568));
#11962=CARTESIAN_POINT('',(-0.000868456131101,0.003050999999559,0.002831663094568));
#11963=CARTESIAN_POINT('',(-0.000868456131101,0.003049999999559,0.002831663094568));
#11964=CARTESIAN_POINT('',(-0.000868456131101,0.003049999999559,0.002808017172443));
#11965=CARTESIAN_POINT('',(-0.000868456131101,0.003050999999559,0.002808017172443));
#11966=CARTESIAN_POINT('',(-0.000868456131101,0.003050999999559,0.002808017172443));
#11967=CARTESIAN_POINT('',(-0.000868456131101,0.003049999999559,0.002808017172443));
#11968=CARTESIAN_POINT('',(-0.000789110925749,0.003049999999559,0.002808017172443));
#11969=CARTESIAN_POINT('',(-0.000789110925749,0.003050999999559,0.002808017172443));
#11970=CARTESIAN_POINT('',(-0.000789110925749,0.003050999999559,0.002808017172443));
#11971=CARTESIAN_POINT('',(-0.000789110925749,0.003049999999559,0.002808017172443));
#11972=CARTESIAN_POINT('',(-0.000789110925749,0.003049999999559,0.002742228962441));
#11973=CARTESIAN_POINT('',(-0.000789110925749,0.003050999999559,0.002742228962441));
#11974=CARTESIAN_POINT('',(-0.000789110925749,0.003050999999559,0.002742228962441));
#11975=CARTESIAN_POINT('',(-0.000789110925749,0.003049999999559,0.002742228962441));
#11976=CARTESIAN_POINT('',(-0.00086262347031,0.003049999999559,0.002742228962441));
#11977=CARTESIAN_POINT('',(-0.00086262347031,0.003050999999559,0.002742228962441));
#11978=CARTESIAN_POINT('',(-0.00086262347031,0.003050999999559,0.002742228962441));
#11979=CARTESIAN_POINT('',(-0.00086262347031,0.003049999999559,0.002742228962441));
#11980=CARTESIAN_POINT('',(-0.00086262347031,0.003049999999559,0.002718688133304));
#11981=CARTESIAN_POINT('',(-0.00086262347031,0.003050999999559,0.002718688133304));
#11982=CARTESIAN_POINT('',(-0.00086262347031,0.003050999999559,0.002718688133304));
#11983=CARTESIAN_POINT('',(-0.00086262347031,0.003049999999559,0.002718688133304));
#11984=CARTESIAN_POINT('',(-0.000789110925749,0.003049999999559,0.002718688133304));
#11985=CARTESIAN_POINT('',(-0.000789110925749,0.003050999999559,0.002718688133304));
#11986=CARTESIAN_POINT('',(-0.000789110925749,0.003050999999559,0.002808017172443));
#11987=CARTESIAN_POINT('',(-0.000789110925749,0.003049999999559,0.002718688133304));
#11988=CARTESIAN_POINT('',(-0.000789110925749,0.003049999999559,0.002649536947712));
#11989=CARTESIAN_POINT('',(-0.000789110925749,0.003050999999559,0.002649536947712));
#11990=CARTESIAN_POINT('',(-0.000789110925749,0.003050999999559,0.002649536947712));
#11991=CARTESIAN_POINT('',(-0.000789110925749,0.003049999999559,0.002649536947712));
#11992=CARTESIAN_POINT('',(-0.000873132769033,0.003049999999559,0.002649536947712));
#11993=CARTESIAN_POINT('',(-0.000873132769033,0.003050999999559,0.002649536947712));
#11994=CARTESIAN_POINT('',(-0.000873132769033,0.003050999999559,0.002649536947712));
#11995=CARTESIAN_POINT('',(-0.000873132769033,0.003049999999559,0.002649536947712));
#11996=CARTESIAN_POINT('',(-0.000645810069358,0.003050999999559,0.00256869416729));
#11997=CARTESIAN_POINT('',(-0.000708136779094,0.003050999999559,0.002772916114711));
#11998=CARTESIAN_POINT('',(-0.000734830397847,0.003050999999559,0.002772916114711));
#11999=CARTESIAN_POINT('',(-0.000708136779094139,0.003050999999559,0.00277291611471099));
#12000=CARTESIAN_POINT('',(-0.000668043804468,0.003050999999559,0.002662358292152));
#12001=CARTESIAN_POINT('',(-0.000667970234316601,0.003050999999559,0.00266237778093384));
#12002=CARTESIAN_POINT('',(-0.000666073310957,0.003050999999559,0.00265551411135962));
#12003=CARTESIAN_POINT('',(-0.000664740509164362,0.003050999999559,0.002650482784596));
#12004=CARTESIAN_POINT('',(-0.000664207910434,0.003050999999559,0.002650482784596));
#12005=CARTESIAN_POINT('',(-0.000664207910434046,0.003050999999559,0.002650482784596));
#12006=CARTESIAN_POINT('',(-0.000661055120817,0.003050999999559,0.002662568478126));
#12007=CARTESIAN_POINT('',(-0.000661055120816272,0.003050999999559,0.00266256847812879));
#12008=CARTESIAN_POINT('',(-0.000622696180481,0.003050999999559,0.002772916114711));
#12009=CARTESIAN_POINT('',(-0.000622696180481,0.003050999999559,0.002772916114711));
#12010=CARTESIAN_POINT('',(-0.000593900701982,0.003050999999559,0.002772916114711));
#12011=CARTESIAN_POINT('',(-0.000593900701981735,0.003050999999559,0.00277291611471098));
#12012=CARTESIAN_POINT('',(-0.00065149165898,0.003050999999559,0.002626416490522));
#12013=CARTESIAN_POINT('',(-0.000651491658979959,0.003050999999559,0.00262641649052211));
#12014=CARTESIAN_POINT('',(-0.000640194162853,0.003050999999559,0.002599722871767));
#12015=CARTESIAN_POINT('',(-0.000640194162853,0.003050999999559,0.002599722871767));
#12016=CARTESIAN_POINT('',(-0.000640194162853,0.003050999999559,0.002599722871767));
#12017=CARTESIAN_POINT('',(-0.000634361502063,0.003050999999559,0.002585850597455));
#12018=CARTESIAN_POINT('',(-0.00062558623763,0.003050999999559,0.002579019553284));
#12019=CARTESIAN_POINT('',(-0.00061381582306,0.003050999999559,0.002579019553284));
#12020=CARTESIAN_POINT('',(-0.00061381582306,0.003050499999559,0.002579019553284));
#12021=CARTESIAN_POINT('',(-0.000613928906617377,0.003050999999559,0.00261613561294313));
#12022=CARTESIAN_POINT('',(-0.000599207897837,0.003050499999559,0.002581962156928));
#12023=CARTESIAN_POINT('',(-0.000599207897837,0.003050999999559,0.002559051885712));
#12024=CARTESIAN_POINT('',(-0.000599207897837,0.003050499999559,0.002559051885712));
#12025=CARTESIAN_POINT('',(-0.000613233561590988,0.003050999999559,0.00260827077440339));
#12026=CARTESIAN_POINT('',(-0.000615812589818,0.00305049999956819,0.002556950025968));
#12027=CARTESIAN_POINT('',(-0.000615812589818,0.003050999999559,0.002556950025968));
#12028=CARTESIAN_POINT('',(-0.000638355035577,0.003050999999559,0.002556950025968));
#12029=CARTESIAN_POINT('',(-0.000655800471456,0.003050999999559,0.002572608881064));
#12030=CARTESIAN_POINT('',(-0.000668201443948,0.003050999999559,0.002603926591257));
#12031=CARTESIAN_POINT('',(-0.000668201443947955,0.003050999999559,0.00260392659125702));
#12032=CARTESIAN_POINT('',(-0.000734830397847,0.003050999999559,0.002772916114711));
#12033=CARTESIAN_POINT('',(-0.000734830397847,0.003050999999559,0.002772916114711));
#12034=CARTESIAN_POINT('',(-0.000734830397847,0.003049999999559,0.002772916114711));
#12035=CARTESIAN_POINT('',(-0.000668201443947955,0.00304999999978222,0.00260392659125702));
#12036=CARTESIAN_POINT('',(-0.000734830397847,0.003049999999559,0.002772916114711));
#12037=CARTESIAN_POINT('',(-0.000734830397847,0.003050999999559,0.002772916114711));
#12038=CARTESIAN_POINT('',(-0.000668201443948,0.003050999999559,0.002603926591257));
#12039=CARTESIAN_POINT('',(-0.000668201443499941,0.0030499999997795,0.00260392659012546));
#12040=CARTESIAN_POINT('',(-0.000668201443499941,0.003050999999559,0.00260392659012546));
#12041=CARTESIAN_POINT('',(-0.000655726066101747,0.0030499999997795,0.00257242097670495));
#12042=CARTESIAN_POINT('',(-0.000655726066101747,0.003050999999559,0.00257242097670495));
#12043=CARTESIAN_POINT('',(-0.000638143118571378,0.0030499999997795,0.00255677002986058));
#12044=CARTESIAN_POINT('',(-0.000638143118571378,0.003050999999559,0.00255677002986058));
#12045=CARTESIAN_POINT('',(-0.000615406294590753,0.0030499999997795,0.00255695167301888));
#12046=CARTESIAN_POINT('',(-0.000615406294590753,0.003050999999559,0.00255695167301888));
#12047=CARTESIAN_POINT('',(-0.000615812589818,0.003049999999559,0.002556950025968));
#12048=CARTESIAN_POINT('',(-0.000638355035577,0.003049999999559,0.002556950025968));
#12049=CARTESIAN_POINT('',(-0.000655800471456,0.003049999999559,0.002572608881064));
#12050=CARTESIAN_POINT('',(-0.000668201443948,0.00305,0.002603926591257));
#12051=CARTESIAN_POINT('',(-0.000613233561590988,0.003050799999559,0.00260827077440339));
#12052=CARTESIAN_POINT('',(-0.000613233561590988,0.003049999999559,0.00260827077440339));
#12053=CARTESIAN_POINT('',(-0.000599207897837,0.003050999999559,0.002559051885712));
#12054=CARTESIAN_POINT('',(-0.000599207897837,0.003049999999559,0.002559051885712));
#12055=CARTESIAN_POINT('',(-0.000613928906617377,0.003050799999559,0.00261613561294313));
#12056=CARTESIAN_POINT('',(-0.000613928906617377,0.003049999999559,0.00261613561294313));
#12057=CARTESIAN_POINT('',(-0.000640194162853,0.003050999999559,0.002599722871767));
#12058=CARTESIAN_POINT('',(-0.000640194162853,0.003049999999559,0.002599722871767));
#12059=CARTESIAN_POINT('',(-0.000634361502063,0.003050999999559,0.002585850597455));
#12060=CARTESIAN_POINT('',(-0.000634361502063,0.003049999999559,0.002585850597455));
#12061=CARTESIAN_POINT('',(-0.00062558623763,0.003050999999559,0.002579019553284));
#12062=CARTESIAN_POINT('',(-0.00062558623763,0.003049999999559,0.002579019553284));
#12063=CARTESIAN_POINT('',(-0.00061381582306,0.003050999999559,0.002579019553284));
#12064=CARTESIAN_POINT('',(-0.00061381582306,0.003049999999559,0.002579019553284));
#12065=CARTESIAN_POINT('',(-0.000640194162853,0.003049999999559,0.002599722871767));
#12066=CARTESIAN_POINT('',(-0.000634361502063,0.003049999999559,0.002585850597455));
#12067=CARTESIAN_POINT('',(-0.00062558623763,0.003049999999559,0.002579019553284));
#12068=CARTESIAN_POINT('',(-0.00061381582306,0.003049999999559,0.002579019553284));
#12069=CARTESIAN_POINT('',(-0.000640194162853,0.003049999999559,0.002599722871767));
#12070=CARTESIAN_POINT('',(-0.000640194162853,0.003050999999559,0.002599722871767));
#12071=CARTESIAN_POINT('',(-0.000640194162853,0.003050999999559,0.002599722871767));
#12072=CARTESIAN_POINT('',(-0.000640194162853,0.003049999999559,0.002599722871767));
#12073=CARTESIAN_POINT('',(-0.000651491658979959,0.003049999999559,0.00262641649052211));
#12074=CARTESIAN_POINT('',(-0.00065149165898,0.003050999999559,0.002626416490522));
#12075=CARTESIAN_POINT('',(-0.00065149165898,0.003050999999559,0.002626416490522));
#12076=CARTESIAN_POINT('',(-0.00065149165898,0.003049999999559,0.002626416490522));
#12077=CARTESIAN_POINT('',(-0.000593900701981673,0.003049999999559,0.002772916114711));
#12078=CARTESIAN_POINT('',(-0.000593900701982,0.003050999999559,0.002772916114711));
#12079=CARTESIAN_POINT('',(-0.000708136779094,0.003050999999559,0.002772916114711));
#12080=CARTESIAN_POINT('',(-0.000593900701982,0.003049999999559,0.002772916114711));
#12081=CARTESIAN_POINT('',(-0.000622696180481,0.003049999999559,0.002772916114711));
#12082=CARTESIAN_POINT('',(-0.000622696180481,0.003050999999559,0.002772916114711));
#12083=CARTESIAN_POINT('',(-0.000622696180481,0.003050999999559,0.002772916114711));
#12084=CARTESIAN_POINT('',(-0.000622696180481,0.003049999999559,0.002772916114711));
#12085=CARTESIAN_POINT('',(-0.00066105512081627,0.003049999999559,0.0026625684781288));
#12086=CARTESIAN_POINT('',(-0.000661055120817,0.003050999999559,0.002662568478126));
#12087=CARTESIAN_POINT('',(-0.000661055120817,0.003050999999559,0.002662568478126));
#12088=CARTESIAN_POINT('',(-0.000661055120817,0.003049999999559,0.002662568478126));
#12089=CARTESIAN_POINT('',(-0.000664207910434046,0.003049999999559,0.002650482784596));
#12090=CARTESIAN_POINT('',(-0.000664207910434,0.003050999999559,0.002650482784596));
#12091=CARTESIAN_POINT('',(-0.000664207910434,0.003050999999559,0.002650482784596));
#12092=CARTESIAN_POINT('',(-0.000664207910434,0.003049999999559,0.002650482784596));
#12093=CARTESIAN_POINT('',(-0.000664740509164362,0.0030499999997795,0.002650482784596));
#12094=CARTESIAN_POINT('',(-0.000664740509164362,0.003050499999559,0.002650482784596));
#12095=CARTESIAN_POINT('',(-0.000666073310957,0.003050499999559,0.00265551411135962));
#12096=CARTESIAN_POINT('',(-0.000666073310957,0.003049999999559,0.00265551411135962));
#12097=CARTESIAN_POINT('',(-0.000667970234316601,0.003049999999559,0.00266237778093384));
#12098=CARTESIAN_POINT('',(-0.000668043804468,0.003050999999559,0.002662358292152));
#12099=CARTESIAN_POINT('',(-0.000668043804468,0.003050999999559,0.002662358292152));
#12100=CARTESIAN_POINT('',(-0.000668043804468,0.003049999999559,0.002662358292152));
#12101=CARTESIAN_POINT('',(-0.000708136779094128,0.003049999999559,0.002772916114711));
#12102=CARTESIAN_POINT('',(-0.000708136779094,0.003050999999559,0.002772916114711));
#12103=CARTESIAN_POINT('',(-0.000708136779094,0.003050999999559,0.002772916114711));
#12104=CARTESIAN_POINT('',(-0.000708136779094,0.003049999999559,0.002772916114711));
#12105=CARTESIAN_POINT('',(-0.000501773562058,0.003050999999559,0.002647198628746));
#12106=CARTESIAN_POINT('',(-0.000523419581472423,0.003050999999559,0.00271171664143862));
#12107=CARTESIAN_POINT('',(-0.000523698586517,0.00305049999962315,0.002643651740427));
#12108=CARTESIAN_POINT('',(-0.000481346112667,0.003050499999559,0.002657839293701));
#12109=CARTESIAN_POINT('',(-0.000481346112667,0.003050999999559,0.002631250767935));
#12110=CARTESIAN_POINT('',(-0.000481346112667,0.003050999999559,0.002631250767935));
#12111=CARTESIAN_POINT('',(-0.000481346112667,0.003050999999559,0.002631250767935));
#12112=CARTESIAN_POINT('',(-0.000492696155286,0.003050999999559,0.002625575746624));
#12113=CARTESIAN_POINT('',(-0.000505937871677,0.003050999999559,0.002622633142983));
#12114=CARTESIAN_POINT('',(-0.000521176354824,0.003050999999559,0.002622633142983));
#12115=CARTESIAN_POINT('',(-0.000521176354824,0.003050999999559,0.002622633142983));
#12116=CARTESIAN_POINT('',(-0.000521176354824,0.003050999999559,0.002622633142983));
#12117=CARTESIAN_POINT('',(-0.000538674337196,0.003050999999559,0.002622633142983));
#12118=CARTESIAN_POINT('',(-0.000552966983458,0.003050999999559,0.00262652158351));
#12119=CARTESIAN_POINT('',(-0.000563949200623,0.003050999999559,0.002634298464564));
#12120=CARTESIAN_POINT('',(-0.000563949200623,0.003050499999559,0.002634298464564));
#12121=CARTESIAN_POINT('',(-0.000544375879962816,0.003050999999559,0.00266473736203381));
#12122=CARTESIAN_POINT('',(-0.000580457364248519,0.0030504999996325,0.0026660360948717));
#12123=CARTESIAN_POINT('',(-0.000543165313813149,0.003050999999559,0.00266692588069926));
#12124=CARTESIAN_POINT('',(-0.000572008219336593,0.0030504999996325,0.00269043310759217));
#12125=CARTESIAN_POINT('',(-0.000512899048014474,0.003050999999559,0.0026235923143555));
#12126=CARTESIAN_POINT('',(-0.000538674337196,0.003050499999559,0.00270933485744));
#12127=CARTESIAN_POINT('',(-0.000538674337196,0.003050999999559,0.00270933485744));
#12128=CARTESIAN_POINT('',(-0.000525747899768,0.003050999999559,0.002714379320827));
#12129=CARTESIAN_POINT('',(-0.000517445553778,0.003050999999559,0.002718583040317));
#12130=CARTESIAN_POINT('',(-0.000513662206237,0.003050999999559,0.002721946015908));
#12131=CARTESIAN_POINT('',(-0.000513662206237,0.003050999999559,0.002721946015908));
#12132=CARTESIAN_POINT('',(-0.000513662206237,0.003050999999559,0.002721946015908));
#12133=CARTESIAN_POINT('',(-0.000509931405191,0.003050999999559,0.002725203898511));
#12134=CARTESIAN_POINT('',(-0.000508039731421,0.003050999999559,0.002729722896962));
#12135=CARTESIAN_POINT('',(-0.000508039731421,0.003050999999559,0.002735608104247));
#12136=CARTESIAN_POINT('',(-0.000508039731421,0.003050499999559,0.002735608104247));
#12137=CARTESIAN_POINT('',(-0.000523926567877971,0.003050999999559,0.00273601820867337));
#12138=CARTESIAN_POINT('',(-0.000515914386028612,0.003050499999559,0.00274981420332748));
#12139=CARTESIAN_POINT('',(-0.000515379252689509,0.003050999999559,0.00274955435212851));
#12140=CARTESIAN_POINT('',(-0.000515542554782673,0.003050999999559,0.00274966981825501));
#12141=CARTESIAN_POINT('',(-0.000515705856875836,0.003050999999559,0.0027497852843815));
#12142=CARTESIAN_POINT('',(-0.000515869158969,0.003050999999559,0.002749900750508));
#12143=CARTESIAN_POINT('',(-0.000521071261836,0.003050999999559,0.002753579005061));
#12144=CARTESIAN_POINT('',(-0.000527849759513,0.003050999999559,0.002755365585845));
#12145=CARTESIAN_POINT('',(-0.000536152105503,0.003050999999559,0.002755365585845));
#12146=CARTESIAN_POINT('',(-0.000536152452944042,0.003050499999559,0.00275534571495601));
#12147=CARTESIAN_POINT('',(-0.000536959471935911,0.003050999999559,0.00268609516170896));
#12148=CARTESIAN_POINT('',(-0.000573460115967,0.003050499999559,0.002744751194135));
#12149=CARTESIAN_POINT('',(-0.000573460115967,0.003050999999559,0.002769763325093));
#12150=CARTESIAN_POINT('',(-0.000573460115967,0.003050499999559,0.002769763325093));
#12151=CARTESIAN_POINT('',(-0.000541158962405069,0.003050999999559,0.00269065164378731));
#12152=CARTESIAN_POINT('',(-0.000538678732004139,0.003050499999559,0.00277617811834655));
#12153=CARTESIAN_POINT('',(-0.000539274337196,0.003050999999559,0.002776279090302));
#12154=CARTESIAN_POINT('',(-0.000539074337196,0.003050999999559,0.002776279090302));
#12155=CARTESIAN_POINT('',(-0.000538874337196,0.003050999999559,0.002776279090302));
#12156=CARTESIAN_POINT('',(-0.000538674337196,0.003050999999559,0.002776279090302));
#12157=CARTESIAN_POINT('',(-0.000522595110151,0.003050999999559,0.002776279090302));
#12158=CARTESIAN_POINT('',(-0.0005090381148,0.003050999999559,0.002772390649775));
#12159=CARTESIAN_POINT('',(-0.000498003351141,0.003050999999559,0.00276461376872));
#12160=CARTESIAN_POINT('',(-0.000498038870480316,0.003050499999559,0.00276455786880849));
#12161=CARTESIAN_POINT('',(-0.000518525684115116,0.003050999999559,0.00273342567504543));
#12162=CARTESIAN_POINT('',(-0.000481458763207556,0.0030504999996325,0.00273329554847879));
#12163=CARTESIAN_POINT('',(-0.000521196594372257,0.003050999999559,0.00273250165246955));
#12164=CARTESIAN_POINT('',(-0.00048866132478215,0.0030504999996325,0.00270994267747418));
#12165=CARTESIAN_POINT('',(-0.00054514956625386,0.003050999999559,0.00276876956609656));
#12166=CARTESIAN_POINT('',(-0.000520493250407,0.003050499999559,0.002690628305715));
#12167=CARTESIAN_POINT('',(-0.000520493250407,0.003050999999559,0.002690628305715));
#12168=CARTESIAN_POINT('',(-0.000534050245759,0.003050999999559,0.002685583842329));
#12169=CARTESIAN_POINT('',(-0.000543035696166,0.003050999999559,0.002681169936865));
#12170=CARTESIAN_POINT('',(-0.000547449601629,0.003050999999559,0.002677491682312));
#12171=CARTESIAN_POINT('',(-0.000547449601629,0.003050999999559,0.002677491682312));
#12172=CARTESIAN_POINT('',(-0.000547449601629,0.003050999999559,0.002677491682312));
#12173=CARTESIAN_POINT('',(-0.000551863507093,0.003050999999559,0.002673813427759));
#12174=CARTESIAN_POINT('',(-0.000554070459824,0.003050999999559,0.002669189336322));
#12175=CARTESIAN_POINT('',(-0.000554070459824,0.003050999999559,0.002663514315012));
#12176=CARTESIAN_POINT('',(-0.000554070459824,0.003050999999559,0.002663514315012));
#12177=CARTESIAN_POINT('',(-0.000554070459824,0.003050999999559,0.002663514315012));
#12178=CARTESIAN_POINT('',(-0.000554070459824,0.003050999999559,0.002650272598621));
#12179=CARTESIAN_POINT('',(-0.000543928986558,0.003050999999559,0.002643651740427));
#12180=CARTESIAN_POINT('',(-0.000523698586517,0.003050999999559,0.002643651740427));
#12181=CARTESIAN_POINT('',(-0.000554069395461829,0.003050999999559,0.00266375336077561));
#12182=CARTESIAN_POINT('',(-0.000554069395461829,0.00304999999987137,0.00266375336077561));
#12183=CARTESIAN_POINT('',(-0.000554187338855572,0.003050999999559,0.00265027574447384));
#12184=CARTESIAN_POINT('',(-0.000554187338855572,0.00304999999987137,0.00265027574447384));
#12185=CARTESIAN_POINT('',(-0.000543926934991103,0.003050999999559,0.00264357342956765));
#12186=CARTESIAN_POINT('',(-0.000543926934991103,0.00304999999987137,0.00264357342956765));
#12187=CARTESIAN_POINT('',(-0.000523333362233975,0.003050999999559,0.00264365244726225));
#12188=CARTESIAN_POINT('',(-0.000523333362233975,0.00304999999987137,0.00264365244726225));
#12189=CARTESIAN_POINT('',(-0.000554070459824,0.00305,0.002663514315012));
#12190=CARTESIAN_POINT('',(-0.000554070459824,0.003049999999559,0.002650272598621));
#12191=CARTESIAN_POINT('',(-0.000543928986558,0.003049999999559,0.002643651740427));
#12192=CARTESIAN_POINT('',(-0.000523698586517,0.003049999999559,0.002643651740427));
#12193=CARTESIAN_POINT('',(-0.000554070459824,0.00304999999987137,0.002663514315012));
#12194=CARTESIAN_POINT('',(-0.000554070459824,0.003050999999559,0.002663514315012));
#12195=CARTESIAN_POINT('',(-0.000547449601629,0.003050999999559,0.002677491682312));
#12196=CARTESIAN_POINT('',(-0.000547449601629,0.003049999999559,0.002677491682312));
#12197=CARTESIAN_POINT('',(-0.000551863507093,0.003050999999559,0.002673813427759));
#12198=CARTESIAN_POINT('',(-0.000551863507093,0.003049999999559,0.002673813427759));
#12199=CARTESIAN_POINT('',(-0.000554070459824,0.003050999999559,0.002669189336322));
#12200=CARTESIAN_POINT('',(-0.000554070459824,0.003049999999559,0.002669189336322));
#12201=CARTESIAN_POINT('',(-0.000554070459824,0.003050999999559,0.002663514315012));
#12202=CARTESIAN_POINT('',(-0.000554070459824,0.003049999999559,0.002663514315012));
#12203=CARTESIAN_POINT('',(-0.000547449601629,0.003049999999559,0.002677491682312));
#12204=CARTESIAN_POINT('',(-0.000551863507093,0.003049999999559,0.002673813427759));
#12205=CARTESIAN_POINT('',(-0.000554070459824,0.003049999999559,0.002669189336322));
#12206=CARTESIAN_POINT('',(-0.000554070459824,0.00305,0.002663514315012));
#12207=CARTESIAN_POINT('',(-0.000547449601629,0.00304999999957737,0.002677491682312));
#12208=CARTESIAN_POINT('',(-0.000547449601629,0.003050999999559,0.002677491682312));
#12209=CARTESIAN_POINT('',(-0.000520493250407,0.003050999999559,0.002690628305715));
#12210=CARTESIAN_POINT('',(-0.000520493250407,0.003049999999559,0.002690628305715));
#12211=CARTESIAN_POINT('',(-0.000534050245759,0.003050999999559,0.002685583842329));
#12212=CARTESIAN_POINT('',(-0.000534050245759,0.003049999999559,0.002685583842329));
#12213=CARTESIAN_POINT('',(-0.000543035696166,0.003050999999559,0.002681169936865));
#12214=CARTESIAN_POINT('',(-0.000543035696166,0.003049999999559,0.002681169936865));
#12215=CARTESIAN_POINT('',(-0.000547449601629,0.003050999999559,0.002677491682312));
#12216=CARTESIAN_POINT('',(-0.000547449601629,0.003049999999559,0.002677491682312));
#12217=CARTESIAN_POINT('',(-0.000520493250407,0.003049999999559,0.002690628305715));
#12218=CARTESIAN_POINT('',(-0.000534050245759,0.003049999999559,0.002685583842329));
#12219=CARTESIAN_POINT('',(-0.000543035696166,0.003049999999559,0.002681169936865));
#12220=CARTESIAN_POINT('',(-0.000547449601629,0.003049999999559,0.002677491682312));
#12221=CARTESIAN_POINT('',(-0.00054514956625386,0.003050499999559,0.00276876956609656));
#12222=CARTESIAN_POINT('',(-0.00054514956625386,0.003049999999559,0.00276876956609656));
#12223=CARTESIAN_POINT('',(-0.000521196594372257,0.003050799999559,0.00273250165246955));
#12224=CARTESIAN_POINT('',(-0.000521196594372257,0.003049999999559,0.00273250165246955));
#12225=CARTESIAN_POINT('',(-0.000518525684115116,0.003050799999559,0.00273342567504543));
#12226=CARTESIAN_POINT('',(-0.000518525684115116,0.003049999999559,0.00273342567504543));
#12227=CARTESIAN_POINT('',(-0.000538674337196,0.003050999999559,0.002776279090302));
#12228=CARTESIAN_POINT('',(-0.000538674337196,0.003049999999559,0.002776279090302));
#12229=CARTESIAN_POINT('',(-0.000522595110151,0.003050999999559,0.002776279090302));
#12230=CARTESIAN_POINT('',(-0.000522595110151,0.003049999999559,0.002776279090302));
#12231=CARTESIAN_POINT('',(-0.0005090381148,0.003050999999559,0.002772390649775));
#12232=CARTESIAN_POINT('',(-0.0005090381148,0.003049999999559,0.002772390649775));
#12233=CARTESIAN_POINT('',(-0.000498003351141,0.003050999999559,0.00276461376872));
#12234=CARTESIAN_POINT('',(-0.000498003351141,0.003049999999559,0.00276461376872));
#12235=CARTESIAN_POINT('',(-0.000539274337196,0.003049999999559,0.002776279090302));
#12236=CARTESIAN_POINT('',(-0.000539074337196,0.003049999999559,0.002776279090302));
#12237=CARTESIAN_POINT('',(-0.000538874337196,0.003049999999559,0.002776279090302));
#12238=CARTESIAN_POINT('',(-0.000538674337196,0.003049999999559,0.002776279090302));
#12239=CARTESIAN_POINT('',(-0.000522595110151,0.003049999999559,0.002776279090302));
#12240=CARTESIAN_POINT('',(-0.0005090381148,0.003049999999559,0.002772390649775));
#12241=CARTESIAN_POINT('',(-0.000498003351141,0.003049999999559,0.00276461376872));
#12242=CARTESIAN_POINT('',(-0.000541158962405069,0.003050799999559,0.00269065164378731));
#12243=CARTESIAN_POINT('',(-0.000541158962405069,0.003049999999559,0.00269065164378731));
#12244=CARTESIAN_POINT('',(-0.000573460115967,0.003050999999559,0.002769763325093));
#12245=CARTESIAN_POINT('',(-0.000573460115967,0.003049999999559,0.002769763325093));
#12246=CARTESIAN_POINT('',(-0.000536959471935911,0.003050799999559,0.00268609516170896));
#12247=CARTESIAN_POINT('',(-0.000536959471935911,0.003049999999559,0.00268609516170896));
#12248=CARTESIAN_POINT('',(-0.000515764811603816,0.003050999999559,0.00274982696954271));
#12249=CARTESIAN_POINT('',(-0.000515764811603816,0.00305066666622567,0.00274982696954271));
#12250=CARTESIAN_POINT('',(-0.000515764811603816,0.00305033333289233,0.00274982696954271));
#12251=CARTESIAN_POINT('',(-0.000515764811603816,0.003049999999559,0.00274982696954271));
#12252=CARTESIAN_POINT('',(-0.000521001696925877,0.003050999999559,0.0027535298177508));
#12253=CARTESIAN_POINT('',(-0.000521001696925877,0.00305066666622567,0.0027535298177508));
#12254=CARTESIAN_POINT('',(-0.000521001696925877,0.00305033333289233,0.0027535298177508));
#12255=CARTESIAN_POINT('',(-0.000521001696925877,0.003049999999559,0.0027535298177508));
#12256=CARTESIAN_POINT('',(-0.000527794248120072,0.003050999999559,0.002755365585845));
#12257=CARTESIAN_POINT('',(-0.000527794248120072,0.00305066666622567,0.002755365585845));
#12258=CARTESIAN_POINT('',(-0.000527794248120072,0.00305033333289233,0.002755365585845));
#12259=CARTESIAN_POINT('',(-0.000527794248120072,0.003049999999559,0.002755365585845));
#12260=CARTESIAN_POINT('',(-0.000536152105503,0.003050999999559,0.002755365585845));
#12261=CARTESIAN_POINT('',(-0.000536152105503,0.00305066666622567,0.002755365585845));
#12262=CARTESIAN_POINT('',(-0.000536152105503,0.00305033333289233,0.002755365585845));
#12263=CARTESIAN_POINT('',(-0.000536152105503,0.003049999999559,0.002755365585845));
#12264=CARTESIAN_POINT('',(-0.000515379252689509,0.003049999999559,0.00274955435212851));
#12265=CARTESIAN_POINT('',(-0.000515542554782673,0.003049999999559,0.00274966981825501));
#12266=CARTESIAN_POINT('',(-0.000515705856875836,0.003049999999559,0.0027497852843815));
#12267=CARTESIAN_POINT('',(-0.000515869158969,0.003049999999559,0.002749900750508));
#12268=CARTESIAN_POINT('',(-0.000521071261836,0.003049999999559,0.002753579005061));
#12269=CARTESIAN_POINT('',(-0.000527849759513,0.003049999999559,0.002755365585845));
#12270=CARTESIAN_POINT('',(-0.000536152105503,0.003049999999559,0.002755365585845));
#12271=CARTESIAN_POINT('',(-0.000523926567877971,0.003050799999559,0.00273601820867337));
#12272=CARTESIAN_POINT('',(-0.000523926567877971,0.003049999999559,0.00273601820867337));
#12273=CARTESIAN_POINT('',(-0.000513662206237,0.003050999999559,0.002721946015908));
#12274=CARTESIAN_POINT('',(-0.000513662206237,0.003049999999559,0.002721946015908));
#12275=CARTESIAN_POINT('',(-0.000509931405191,0.003050999999559,0.002725203898511));
#12276=CARTESIAN_POINT('',(-0.000509931405191,0.003049999999559,0.002725203898511));
#12277=CARTESIAN_POINT('',(-0.000508039731421,0.003050999999559,0.002729722896962));
#12278=CARTESIAN_POINT('',(-0.000508039731421,0.003049999999559,0.002729722896962));
#12279=CARTESIAN_POINT('',(-0.000508039731421,0.003050999999559,0.002735608104247));
#12280=CARTESIAN_POINT('',(-0.000508039731421,0.003049999999559,0.002735608104247));
#12281=CARTESIAN_POINT('',(-0.000513662206237,0.003049999999559,0.002721946015908));
#12282=CARTESIAN_POINT('',(-0.000509931405191,0.003049999999559,0.002725203898511));
#12283=CARTESIAN_POINT('',(-0.000508039731421,0.003049999999559,0.002729722896962));
#12284=CARTESIAN_POINT('',(-0.000508039731421,0.003049999999559,0.002735608104247));
#12285=CARTESIAN_POINT('',(-0.000513662206237,0.003049999999559,0.002721946015908));
#12286=CARTESIAN_POINT('',(-0.000513662206237,0.003050999999559,0.002721946015908));
#12287=CARTESIAN_POINT('',(-0.000538674337196,0.003050999999559,0.00270933485744));
#12288=CARTESIAN_POINT('',(-0.000538674337196,0.003049999999559,0.00270933485744));
#12289=CARTESIAN_POINT('',(-0.000525747899768,0.003050999999559,0.002714379320827));
#12290=CARTESIAN_POINT('',(-0.000525747899768,0.003049999999559,0.002714379320827));
#12291=CARTESIAN_POINT('',(-0.000517445553778,0.003050999999559,0.002718583040317));
#12292=CARTESIAN_POINT('',(-0.000517445553778,0.003049999999559,0.002718583040317));
#12293=CARTESIAN_POINT('',(-0.000513662206237,0.003050999999559,0.002721946015908));
#12294=CARTESIAN_POINT('',(-0.000513662206237,0.003049999999559,0.002721946015908));
#12295=CARTESIAN_POINT('',(-0.000538674337196,0.003049999999559,0.00270933485744));
#12296=CARTESIAN_POINT('',(-0.000525747899768,0.003049999999559,0.002714379320827));
#12297=CARTESIAN_POINT('',(-0.000517445553778,0.003049999999559,0.002718583040317));
#12298=CARTESIAN_POINT('',(-0.000513662206237,0.003049999999559,0.002721946015908));
#12299=CARTESIAN_POINT('',(-0.000512899048014474,0.003050499999559,0.0026235923143555));
#12300=CARTESIAN_POINT('',(-0.000512899048014474,0.003049999999559,0.0026235923143555));
#12301=CARTESIAN_POINT('',(-0.000543165313813149,0.003050799999559,0.00266692588069926));
#12302=CARTESIAN_POINT('',(-0.000543165313813149,0.003049999999559,0.00266692588069926));
#12303=CARTESIAN_POINT('',(-0.000544375879962816,0.003050799999559,0.00266473736203381));
#12304=CARTESIAN_POINT('',(-0.000544375879962816,0.003049999999559,0.00266473736203381));
#12305=CARTESIAN_POINT('',(-0.000521176354824,0.003050999999559,0.002622633142983));
#12306=CARTESIAN_POINT('',(-0.000521176354824,0.003049999999559,0.002622633142983));
#12307=CARTESIAN_POINT('',(-0.000538674337196,0.003050999999559,0.002622633142983));
#12308=CARTESIAN_POINT('',(-0.000538674337196,0.003049999999559,0.002622633142983));
#12309=CARTESIAN_POINT('',(-0.000552966983458,0.003050999999559,0.00262652158351));
#12310=CARTESIAN_POINT('',(-0.000552966983458,0.003049999999559,0.00262652158351));
#12311=CARTESIAN_POINT('',(-0.000563949200623,0.003050999999559,0.002634298464564));
#12312=CARTESIAN_POINT('',(-0.000563949200623,0.003049999999559,0.002634298464564));
#12313=CARTESIAN_POINT('',(-0.000521176354824,0.003049999999559,0.002622633142983));
#12314=CARTESIAN_POINT('',(-0.000538674337196,0.003049999999559,0.002622633142983));
#12315=CARTESIAN_POINT('',(-0.000552966983458,0.003049999999559,0.00262652158351));
#12316=CARTESIAN_POINT('',(-0.000563949200623,0.003049999999559,0.002634298464564));
#12317=CARTESIAN_POINT('',(-0.000521176354824,0.003049999999559,0.002622633142983));
#12318=CARTESIAN_POINT('',(-0.000521176354824,0.003050999999559,0.002622633142983));
#12319=CARTESIAN_POINT('',(-0.000481346112667,0.003050999999559,0.002631250767935));
#12320=CARTESIAN_POINT('',(-0.000481346112667,0.003049999999559,0.002631250767935));
#12321=CARTESIAN_POINT('',(-0.000492696155286,0.003050999999559,0.002625575746624));
#12322=CARTESIAN_POINT('',(-0.000492696155286,0.003049999999559,0.002625575746624));
#12323=CARTESIAN_POINT('',(-0.000505937871677,0.003050999999559,0.002622633142983));
#12324=CARTESIAN_POINT('',(-0.000505937871677,0.003049999999559,0.002622633142983));
#12325=CARTESIAN_POINT('',(-0.000521176354824,0.003050999999559,0.002622633142983));
#12326=CARTESIAN_POINT('',(-0.000521176354824,0.003049999999559,0.002622633142983));
#12327=CARTESIAN_POINT('',(-0.000481346112667,0.003049999999559,0.002631250767935));
#12328=CARTESIAN_POINT('',(-0.000492696155286,0.003049999999559,0.002625575746624));
#12329=CARTESIAN_POINT('',(-0.000505937871677,0.003049999999559,0.002622633142983));
#12330=CARTESIAN_POINT('',(-0.000521176354824,0.003049999999559,0.002622633142983));
#12331=CARTESIAN_POINT('',(-0.000481346112667,0.003049999999559,0.002631250767935));
#12332=CARTESIAN_POINT('',(-0.000481346112667,0.003050999999559,0.002631250767935));
#12333=CARTESIAN_POINT('',(-0.000481346112667,0.003050999999559,0.002631250767935));
#12334=CARTESIAN_POINT('',(-0.000481346112667,0.003049999999559,0.002631250767935));
#12335=CARTESIAN_POINT('',(-0.000523419581472423,0.003050799999559,0.00271171664143862));
#12336=CARTESIAN_POINT('',(-0.000523419581472423,0.003049999999559,0.00271171664143862));
#12337=CARTESIAN_POINT('',(0.,0.00305,0.005300050847786));
#12338=CARTESIAN_POINT('',(-0.000386342052217,0.00305,0.002695147304166));
#12339=CARTESIAN_POINT('',(-0.00037430890518,0.003049999999559,0.00269346581637));
#12340=CARTESIAN_POINT('',(-0.000366006559189,0.003049999999559,0.002690523212728));
#12341=CARTESIAN_POINT('',(-0.000361435014246,0.00305,0.002686109307264));
#12342=CARTESIAN_POINT('',(-0.000386342052217007,0.00304999999978222,0.00269514730416595));
#12343=CARTESIAN_POINT('',(-0.000361435014246,0.00305000000001047,0.002686109307264));
#12344=CARTESIAN_POINT('',(-0.000361435014246,0.00305,0.002686109307264));
#12345=CARTESIAN_POINT('',(-0.000356916015795,0.003049999999559,0.002681695401802));
#12346=CARTESIAN_POINT('',(-0.000354603970076,0.003049999999559,0.002675494915555));
#12347=CARTESIAN_POINT('',(-0.000354603970076,0.00305,0.002667507848526));
#12348=CARTESIAN_POINT('',(-0.000354603970076,0.00305000000000471,0.002667507848526));
#12349=CARTESIAN_POINT('',(-0.000354603970076,0.00305,0.002667507848526));
#12350=CARTESIAN_POINT('',(-0.000354603970076,0.003049999999559,0.002660466618383));
#12351=CARTESIAN_POINT('',(-0.000357073655276,0.003049999999559,0.002654791597072));
#12352=CARTESIAN_POINT('',(-0.000362065572169,0.00305,0.002650377691608));
#12353=CARTESIAN_POINT('',(-0.000362065572169,0.00305000000000029,0.002650377691608));
#12354=CARTESIAN_POINT('',(-0.000362065572169,0.00305,0.002650377691608));
#12355=CARTESIAN_POINT('',(-0.000367004942568,0.003049999999559,0.002645963786146));
#12356=CARTESIAN_POINT('',(-0.000373573254269,0.003049999999559,0.002643756833414));
#12357=CARTESIAN_POINT('',(-0.00038171796078,0.00305,0.002643756833414));
#12358=CARTESIAN_POINT('',(-0.00038171796078,0.00304999999999917,0.002643756833414));
#12359=CARTESIAN_POINT('',(-0.00038171796078,0.00305,0.002643756833414));
#12360=CARTESIAN_POINT('',(-0.000393015456906,0.003049999999559,0.002643756833414));
#12361=CARTESIAN_POINT('',(-0.000402368732768,0.003049999999559,0.002647750366928));
#12362=CARTESIAN_POINT('',(-0.00040967269538,0.00305,0.002655737433958));
#12363=CARTESIAN_POINT('',(-0.00040967269538,0.00305000000000119,0.002655737433958));
#12364=CARTESIAN_POINT('',(-0.00040967269538,0.00305,0.002655737433958));
#12365=CARTESIAN_POINT('',(-0.000417029204486,0.003049999999559,0.002663619407999));
#12366=CARTESIAN_POINT('',(-0.000420707459039,0.003049999999559,0.002673603241785));
#12367=CARTESIAN_POINT('',(-0.000420707459039,0.00305,0.002685688935316));
#12368=CARTESIAN_POINT('',(-0.000420707459039,0.00304999999978222,0.002685688935316));
#12369=CARTESIAN_POINT('',(-0.000420707459039,0.003049999999559,0.002685688935316));
#12370=CARTESIAN_POINT('',(-0.000420707459039,0.003049999999559,0.002699771395604));
#12371=CARTESIAN_POINT('',(-0.000420707459039,0.003049999999559,0.002699771395604));
#12372=CARTESIAN_POINT('',(-0.000420707459039,0.003050999999559,0.002699771395604));
#12373=CARTESIAN_POINT('',(-0.000420707459039,0.003050999999559,0.002699771395604));
#12374=CARTESIAN_POINT('',(-0.000420707459039,0.003050999999559,0.002699771395604));
#12375=CARTESIAN_POINT('',(-0.000420707459039,0.003050999999559,0.002699771395604));
#12376=CARTESIAN_POINT('',(-0.000386342052217007,0.003050999999559,0.00269514730416595));
#12377=CARTESIAN_POINT('',(-0.000386342052217,0.003050999999559,0.002695147304166));
#12378=CARTESIAN_POINT('',(-0.000420707459039,0.003050999999559,0.002626101211561));
#12379=CARTESIAN_POINT('',(-0.000420707459039,0.003050999999559,0.002685688935316));
#12380=CARTESIAN_POINT('',(-0.000420707459039,0.003050999999559,0.002685688935316));
#12381=CARTESIAN_POINT('',(-0.000420707459039,0.003050999999559,0.002685688935316));
#12382=CARTESIAN_POINT('',(-0.00040967269538,0.003050999999559,0.002655737433958));
#12383=CARTESIAN_POINT('',(-0.00040967269538,0.00305,0.002655737433958));
#12384=CARTESIAN_POINT('',(-0.000417029204486,0.003050999999559,0.002663619407999));
#12385=CARTESIAN_POINT('',(-0.000417029204486,0.00305,0.002663619407999));
#12386=CARTESIAN_POINT('',(-0.000420707459039,0.003050999999559,0.002673603241785));
#12387=CARTESIAN_POINT('',(-0.000420707459039,0.00305,0.002673603241785));
#12388=CARTESIAN_POINT('',(-0.000420707459039,0.003050999999559,0.002685688935316));
#12389=CARTESIAN_POINT('',(-0.000420707459039,0.00305,0.002685688935316));
#12390=CARTESIAN_POINT('',(-0.00040967269538,0.003050999999559,0.002655737433958));
#12391=CARTESIAN_POINT('',(-0.00040967269538,0.003050999999559,0.002655737433958));
#12392=CARTESIAN_POINT('',(-0.00040967269538,0.003050999999559,0.002655737433958));
#12393=CARTESIAN_POINT('',(-0.000417029204486,0.003050999999559,0.002663619407999));
#12394=CARTESIAN_POINT('',(-0.000420707459039,0.003050999999559,0.002673603241785));
#12395=CARTESIAN_POINT('',(-0.000420707459039,0.003050999999559,0.002685688935316));
#12396=CARTESIAN_POINT('',(-0.00038171796078,0.003050999999559,0.002643756833414));
#12397=CARTESIAN_POINT('',(-0.00038171796078,0.00305,0.002643756833414));
#12398=CARTESIAN_POINT('',(-0.000393015456906,0.003050999999559,0.002643756833414));
#12399=CARTESIAN_POINT('',(-0.000393015456906,0.00305,0.002643756833414));
#12400=CARTESIAN_POINT('',(-0.000402368732768,0.003050999999559,0.002647750366928));
#12401=CARTESIAN_POINT('',(-0.000402368732768,0.00305,0.002647750366928));
#12402=CARTESIAN_POINT('',(-0.00040967269538,0.003050999999559,0.002655737433958));
#12403=CARTESIAN_POINT('',(-0.00040967269538,0.00305,0.002655737433958));
#12404=CARTESIAN_POINT('',(-0.00038171796078,0.003050999999559,0.002643756833414));
#12405=CARTESIAN_POINT('',(-0.00038171796078,0.003050999999559,0.002643756833414));
#12406=CARTESIAN_POINT('',(-0.00038171796078,0.003050999999559,0.002643756833414));
#12407=CARTESIAN_POINT('',(-0.000393015456906,0.003050999999559,0.002643756833414));
#12408=CARTESIAN_POINT('',(-0.000402368732768,0.003050999999559,0.002647750366928));
#12409=CARTESIAN_POINT('',(-0.00040967269538,0.003050999999559,0.002655737433958));
#12410=CARTESIAN_POINT('',(-0.000362065572169,0.003050999999559,0.002650377691608));
#12411=CARTESIAN_POINT('',(-0.000362065572169,0.00305,0.002650377691608));
#12412=CARTESIAN_POINT('',(-0.000367004942568,0.003050999999559,0.002645963786146));
#12413=CARTESIAN_POINT('',(-0.000367004942568,0.00305,0.002645963786146));
#12414=CARTESIAN_POINT('',(-0.000373573254269,0.003050999999559,0.002643756833414));
#12415=CARTESIAN_POINT('',(-0.000373573254269,0.00305,0.002643756833414));
#12416=CARTESIAN_POINT('',(-0.00038171796078,0.003050999999559,0.002643756833414));
#12417=CARTESIAN_POINT('',(-0.00038171796078,0.00305,0.002643756833414));
#12418=CARTESIAN_POINT('',(-0.000362065572169,0.003050999999559,0.002650377691608));
#12419=CARTESIAN_POINT('',(-0.000362065572169,0.003050999999559,0.002650377691608));
#12420=CARTESIAN_POINT('',(-0.000362065572169,0.003050999999559,0.002650377691608));
#12421=CARTESIAN_POINT('',(-0.000367004942568,0.003050999999559,0.002645963786146));
#12422=CARTESIAN_POINT('',(-0.000373573254269,0.003050999999559,0.002643756833414));
#12423=CARTESIAN_POINT('',(-0.00038171796078,0.003050999999559,0.002643756833414));
#12424=CARTESIAN_POINT('',(-0.000354603970076,0.003050999999559,0.002667507848526));
#12425=CARTESIAN_POINT('',(-0.000354603970076,0.00305,0.002667507848526));
#12426=CARTESIAN_POINT('',(-0.000354603970076,0.003050999999559,0.002660466618383));
#12427=CARTESIAN_POINT('',(-0.000354603970076,0.00305,0.002660466618383));
#12428=CARTESIAN_POINT('',(-0.000357073655276,0.003050999999559,0.002654791597072));
#12429=CARTESIAN_POINT('',(-0.000357073655276,0.00305,0.002654791597072));
#12430=CARTESIAN_POINT('',(-0.000362065572169,0.003050999999559,0.002650377691608));
#12431=CARTESIAN_POINT('',(-0.000362065572169,0.00305,0.002650377691608));
#12432=CARTESIAN_POINT('',(-0.000354603970076,0.003050999999559,0.002667507848526));
#12433=CARTESIAN_POINT('',(-0.000354603970076,0.003050999999559,0.002667507848526));
#12434=CARTESIAN_POINT('',(-0.000354603970076,0.003050999999559,0.002667507848526));
#12435=CARTESIAN_POINT('',(-0.000354603970076,0.003050999999559,0.002660466618383));
#12436=CARTESIAN_POINT('',(-0.000357073655276,0.003050999999559,0.002654791597072));
#12437=CARTESIAN_POINT('',(-0.000362065572169,0.003050999999559,0.002650377691608));
#12438=CARTESIAN_POINT('',(-0.000361435014246,0.003050999999559,0.002686109307264));
#12439=CARTESIAN_POINT('',(-0.000361435014246,0.00305,0.002686109307264));
#12440=CARTESIAN_POINT('',(-0.000356916015795,0.003050999999559,0.002681695401802));
#12441=CARTESIAN_POINT('',(-0.000356916015795,0.00305,0.002681695401802));
#12442=CARTESIAN_POINT('',(-0.000354603970076,0.003050999999559,0.002675494915555));
#12443=CARTESIAN_POINT('',(-0.000354603970076,0.00305,0.002675494915555));
#12444=CARTESIAN_POINT('',(-0.000354603970076,0.003050999999559,0.002667507848526));
#12445=CARTESIAN_POINT('',(-0.000354603970076,0.00305,0.002667507848526));
#12446=CARTESIAN_POINT('',(-0.000361435014246,0.003050999999559,0.002686109307264));
#12447=CARTESIAN_POINT('',(-0.000361435014246,0.003050999999559,0.002686109307264));
#12448=CARTESIAN_POINT('',(-0.000361435014246,0.003050999999559,0.002686109307264));
#12449=CARTESIAN_POINT('',(-0.000356916015795,0.003050999999559,0.002681695401802));
#12450=CARTESIAN_POINT('',(-0.000354603970076,0.003050999999559,0.002675494915555));
#12451=CARTESIAN_POINT('',(-0.000354603970076,0.003050999999559,0.002667507848526));
#12452=CARTESIAN_POINT('',(-0.000386342052217,0.003050999999559,0.002695147304166));
#12453=CARTESIAN_POINT('',(-0.000386342052217,0.00305,0.002695147304166));
#12454=CARTESIAN_POINT('',(-0.00037430890518,0.003050999999559,0.00269346581637));
#12455=CARTESIAN_POINT('',(-0.00037430890518,0.00305,0.00269346581637));
#12456=CARTESIAN_POINT('',(-0.000366006559189,0.003050999999559,0.002690523212728));
#12457=CARTESIAN_POINT('',(-0.000366006559189,0.00305,0.002690523212728));
#12458=CARTESIAN_POINT('',(-0.000361435014246,0.003050999999559,0.002686109307264));
#12459=CARTESIAN_POINT('',(-0.000361435014246,0.00305,0.002686109307264));
#12460=CARTESIAN_POINT('',(-0.000386342052217,0.003050999999559,0.002695147304166));
#12461=CARTESIAN_POINT('',(-0.00037430890518,0.003050999999559,0.00269346581637));
#12462=CARTESIAN_POINT('',(-0.000366006559189,0.003050999999559,0.002690523212728));
#12463=CARTESIAN_POINT('',(-0.000361435014246,0.003050999999559,0.002686109307264));
#12464=CARTESIAN_POINT('',(-0.000393383283984735,0.00304999999977938,0.002776279090302));
#12465=CARTESIAN_POINT('',(-0.000393383283984735,0.003050999999559,0.002776279090302));
#12466=CARTESIAN_POINT('',(-0.00042874707293506,0.00304999999977938,0.00277627908973582));
#12467=CARTESIAN_POINT('',(-0.00042874707293506,0.003050999999559,0.00277627908973582));
#12468=CARTESIAN_POINT('',(-0.000446455240739762,0.00304999999977938,0.00275778272415733));
#12469=CARTESIAN_POINT('',(-0.000446455240739762,0.003050999999559,0.00275778272415733));
#12470=CARTESIAN_POINT('',(-0.000446455240908,0.00304999999977938,0.00272057980760318));
#12471=CARTESIAN_POINT('',(-0.000446455240908,0.003050999999559,0.00272057980760318));
#12472=CARTESIAN_POINT('',(-0.000446455240908,0.00305,0.002720579807073));
#12473=CARTESIAN_POINT('',(-0.000446455240908,0.003049999999559,0.002757782724551));
#12474=CARTESIAN_POINT('',(-0.000428747072561,0.003049999999559,0.002776279090302));
#12475=CARTESIAN_POINT('',(-0.000393383282361,0.003049999999559,0.002776279090302));
#12476=CARTESIAN_POINT('',(-0.000446455240908,0.00304999999978041,0.002720579807073));
#12477=CARTESIAN_POINT('',(-0.000393383282361,0.00304999999968671,0.002776279090302));
#12478=CARTESIAN_POINT('',(-0.000393383282361,0.003050999999559,0.002776279090302));
#12479=CARTESIAN_POINT('',(-0.000393383282361,0.003050999999559,0.002776279090302));
#12480=CARTESIAN_POINT('',(-0.000446455240908,0.003050999999559,0.002720579807073));
#12481=CARTESIAN_POINT('',(-0.000446455240908,0.003050999999559,0.002757782724551));
#12482=CARTESIAN_POINT('',(-0.000428747072561,0.003050999999559,0.002776279090302));
#12483=CARTESIAN_POINT('',(-0.000393383282361,0.003050999999559,0.002776279090302));
#12484=CARTESIAN_POINT('',(-0.000446455240908,0.003050999999559,0.002720579807073));
#12485=CARTESIAN_POINT('',(-0.000446455240908,0.003050999999559,0.002720579807073));
#12486=CARTESIAN_POINT('',(-0.000446455240908,0.003050999999559,0.002720579807073));
#12487=CARTESIAN_POINT('',(-0.000446455240908,0.003049999999559,0.002720579807073));
#12488=CARTESIAN_POINT('',(-0.000446455240908,0.003049999999559,0.002626101211561));
#12489=CARTESIAN_POINT('',(-0.000446455240908,0.003050999999559,0.002720579807073));
#12490=CARTESIAN_POINT('',(-0.000446455240908,0.003050999999559,0.002626101211561));
#12491=CARTESIAN_POINT('',(-0.000446455240908,0.003050999999559,0.002626101211561));
#12492=CARTESIAN_POINT('',(-0.000873132769033,0.003050999999559,0.002626101211561));
#12493=CARTESIAN_POINT('',(-0.000446455240908,0.003049999999559,0.002626101211561));
#12494=CARTESIAN_POINT('',(-0.000420707459039,0.003049999999559,0.002626101211561));
#12495=CARTESIAN_POINT('',(-0.000446455240908,0.003050999999559,0.002626101211561));
#12496=CARTESIAN_POINT('',(-0.000420707459039,0.003050999999559,0.002626101211561));
#12497=CARTESIAN_POINT('',(-0.000420707459039,0.003050999999559,0.002626101211561));
#12498=CARTESIAN_POINT('',(-0.000420707459039,0.003050999999559,0.002626101211561));
#12499=CARTESIAN_POINT('',(-0.000420707459039,0.003049999999559,0.002626101211561));
#12500=CARTESIAN_POINT('',(-0.000420707459039,0.003049999999559,0.002648801296801));
#12501=CARTESIAN_POINT('',(-0.000420707459039,0.003050999999559,0.002626101211561));
#12502=CARTESIAN_POINT('',(-0.000420707459039,0.003050999999559,0.002648801296801));
#12503=CARTESIAN_POINT('',(-0.000420707459039,0.003050999999559,0.002648801296801));
#12504=CARTESIAN_POINT('',(-0.000420707459039,0.003050999999559,0.002648801296801));
#12505=CARTESIAN_POINT('',(-0.000420707459039,0.003049999999559,0.002648801296801));
#12506=CARTESIAN_POINT('',(-0.000419727185362028,0.0030499999997795,0.002648801296801));
#12507=CARTESIAN_POINT('',(-0.000420707459039,0.003050999999559,0.002648801296801));
#12508=CARTESIAN_POINT('',(-0.000419727185362028,0.003050999999559,0.002648801296801));
#12509=CARTESIAN_POINT('',(-0.000419727185362157,0.003050999999559,0.002648801296801));
#12510=CARTESIAN_POINT('',(-0.000377217331547942,0.003050799999559,0.0026705454364436));
#12511=CARTESIAN_POINT('',(-0.000377217331547942,0.003049999999559,0.0026705454364436));
#12512=CARTESIAN_POINT('',(-0.000375044556091,0.003049999999559,0.002622633142983));
#12513=CARTESIAN_POINT('',(-0.000377217331547942,0.003050999999559,0.0026705454364436));
#12514=CARTESIAN_POINT('',(-0.000375044556091,0.003050999999559,0.002622633142983));
#12515=CARTESIAN_POINT('',(-0.000375044556091,0.003050999999559,0.002622633142983));
#12516=CARTESIAN_POINT('',(-0.000341099521218,0.003050999999559,0.002634193371576));
#12517=CARTESIAN_POINT('',(-0.000341099521218,0.003049999999559,0.002634193371576));
#12518=CARTESIAN_POINT('',(-0.000349506960195,0.003050999999559,0.00262652158351));
#12519=CARTESIAN_POINT('',(-0.000349506960195,0.003049999999559,0.00262652158351));
#12520=CARTESIAN_POINT('',(-0.000360804456322,0.003050999999559,0.002622633142983));
#12521=CARTESIAN_POINT('',(-0.000360804456322,0.003049999999559,0.002622633142983));
#12522=CARTESIAN_POINT('',(-0.000375044556091,0.003050999999559,0.002622633142983));
#12523=CARTESIAN_POINT('',(-0.000375044556091,0.003049999999559,0.002622633142983));
#12524=CARTESIAN_POINT('',(-0.000341099521218,0.003049999999559,0.002634193371576));
#12525=CARTESIAN_POINT('',(-0.000349506960195,0.003049999999559,0.00262652158351));
#12526=CARTESIAN_POINT('',(-0.000360804456322,0.003049999999559,0.002622633142983));
#12527=CARTESIAN_POINT('',(-0.000375044556091,0.003049999999559,0.002622633142983));
#12528=CARTESIAN_POINT('',(-0.000341099521218,0.003049999999559,0.002634193371576));
#12529=CARTESIAN_POINT('',(-0.000341099521218,0.003050999999559,0.002634193371576));
#12530=CARTESIAN_POINT('',(-0.000349506960195,0.003050999999559,0.00262652158351));
#12531=CARTESIAN_POINT('',(-0.000360804456322,0.003050999999559,0.002622633142983));
#12532=CARTESIAN_POINT('',(-0.000375044556091,0.003050999999559,0.002622633142983));
#12533=CARTESIAN_POINT('',(-0.000341099521218,0.003050999999559,0.002634193371576));
#12534=CARTESIAN_POINT('',(-0.000341099521218,0.003050999999559,0.002634193371576));
#12535=CARTESIAN_POINT('',(-0.000328488362751,0.003050999999559,0.002665405988782));
#12536=CARTESIAN_POINT('',(-0.000328488362751,0.003049999999559,0.002665405988782));
#12537=CARTESIAN_POINT('',(-0.000328488362751,0.003050999999559,0.002652269365379));
#12538=CARTESIAN_POINT('',(-0.000328488362751,0.003049999999559,0.002652269365379));
#12539=CARTESIAN_POINT('',(-0.00033269208224,0.003050999999559,0.002641865159643));
#12540=CARTESIAN_POINT('',(-0.00033269208224,0.003049999999559,0.002641865159643));
#12541=CARTESIAN_POINT('',(-0.000341099521218,0.003050999999559,0.002634193371576));
#12542=CARTESIAN_POINT('',(-0.000341099521218,0.003049999999559,0.002634193371576));
#12543=CARTESIAN_POINT('',(-0.000328488362751,0.003049999999559,0.002665405988782));
#12544=CARTESIAN_POINT('',(-0.000328488362751,0.003049999999559,0.002652269365379));
#12545=CARTESIAN_POINT('',(-0.00033269208224,0.003049999999559,0.002641865159643));
#12546=CARTESIAN_POINT('',(-0.000341099521218,0.003049999999559,0.002634193371576));
#12547=CARTESIAN_POINT('',(-0.000328488362751,0.003049999999559,0.002665405988782));
#12548=CARTESIAN_POINT('',(-0.000328488362751,0.003050999999559,0.002665405988782));
#12549=CARTESIAN_POINT('',(-0.000328488362751,0.003050999999559,0.002652269365379));
#12550=CARTESIAN_POINT('',(-0.00033269208224,0.003050999999559,0.002641865159643));
#12551=CARTESIAN_POINT('',(-0.000341099521218,0.003050999999559,0.002634193371576));
#12552=CARTESIAN_POINT('',(-0.000328488362751,0.003050999999559,0.002665405988782));
#12553=CARTESIAN_POINT('',(-0.000328488362751,0.003050999999559,0.002665405988782));
#12554=CARTESIAN_POINT('',(-0.000328488362751,0.003049999999559,0.00266540599630546));
#12555=CARTESIAN_POINT('',(-0.000328488362751,0.003050999999559,0.00266540599630546));
#12556=CARTESIAN_POINT('',(-0.00032848836572003,0.003049999999559,0.00269283526125322));
#12557=CARTESIAN_POINT('',(-0.00032848836572003,0.003050999999559,0.00269283526125322));
#12558=CARTESIAN_POINT('',(-0.000344725232110152,0.003049999999559,0.00270880939278449));
#12559=CARTESIAN_POINT('',(-0.000344725232110152,0.003050999999559,0.00270880939278449));
#12560=CARTESIAN_POINT('',(-0.000377198961921366,0.003049999999559,0.00271332839089927));
#12561=CARTESIAN_POINT('',(-0.000377198961921366,0.003050999999559,0.00271332839089927));
#12562=CARTESIAN_POINT('',(-0.000377198962329,0.003049999999559,0.002713328390956));
#12563=CARTESIAN_POINT('',(-0.000344725229277,0.003049999999559,0.002708809392505));
#12564=CARTESIAN_POINT('',(-0.000328488362751,0.003049999999559,0.002692835258447));
#12565=CARTESIAN_POINT('',(-0.000328488362751,0.003049999999559,0.002665405988782));
#12566=CARTESIAN_POINT('',(-0.000377198962329,0.003049999999559,0.002713328390956));
#12567=CARTESIAN_POINT('',(-0.000377198962329,0.003050999999559,0.002713328390956));
#12568=CARTESIAN_POINT('',(-0.000344725229277,0.003050999999559,0.002708809392505));
#12569=CARTESIAN_POINT('',(-0.000328488362751,0.003050999999559,0.002692835258447));
#12570=CARTESIAN_POINT('',(-0.000328488362751,0.003050999999559,0.002665405988782));
#12571=CARTESIAN_POINT('',(-0.000377198962329,0.003050999999559,0.002713328390956));
#12572=CARTESIAN_POINT('',(-0.000377198962329,0.003050999999559,0.002713328390956));
#12573=CARTESIAN_POINT('',(-0.000377198962329,0.003050999999559,0.002713328390956));
#12574=CARTESIAN_POINT('',(-0.000377198962329,0.003049999999559,0.002713328390956));
#12575=CARTESIAN_POINT('',(-0.000420707459039004,0.003049999999559,0.00271942378421497));
#12576=CARTESIAN_POINT('',(-0.000377198962329,0.003050999999559,0.002713328390956));
#12577=CARTESIAN_POINT('',(-0.000420707459039004,0.003050999999559,0.00271942378421497));
#12578=CARTESIAN_POINT('',(-0.000420707459039,0.003050999999559,0.002719423784215));
#12579=CARTESIAN_POINT('',(-0.000390608519804969,0.003050999999559,0.00275536432051244));
#12580=CARTESIAN_POINT('',(-0.000390608519804969,0.003049999999559,0.00275536432051244));
#12581=CARTESIAN_POINT('',(-0.000410772261939933,0.003050999999559,0.00275550499373143));
#12582=CARTESIAN_POINT('',(-0.000410772261939933,0.003049999999559,0.00275550499373143));
#12583=CARTESIAN_POINT('',(-0.00042082432734014,0.003050999999559,0.00274338220207679));
#12584=CARTESIAN_POINT('',(-0.00042082432734014,0.003049999999559,0.00274338220207679));
#12585=CARTESIAN_POINT('',(-0.000420706402352653,0.003050999999559,0.00271899120786272));
#12586=CARTESIAN_POINT('',(-0.000420706402352653,0.003049999999559,0.00271899120786272));
#12587=CARTESIAN_POINT('',(-0.000390966143655,0.003049999999559,0.002755365585845));
#12588=CARTESIAN_POINT('',(-0.000410776171746,0.003049999999559,0.002755365585845));
#12589=CARTESIAN_POINT('',(-0.000420707459039,0.003049999999559,0.002743384985301));
#12590=CARTESIAN_POINT('',(-0.000420707459039,0.003049999999559,0.002719423784215));
#12591=CARTESIAN_POINT('',(-0.000390966143655,0.003050499999559,0.002755365585845));
#12592=CARTESIAN_POINT('',(-0.000390966143655,0.003050999999559,0.002755365585845));
#12593=CARTESIAN_POINT('',(-0.000410776171746,0.003050999999559,0.002755365585845));
#12594=CARTESIAN_POINT('',(-0.000420707459039,0.003050999999559,0.002743384985301));
#12595=CARTESIAN_POINT('',(-0.000420707459039,0.003050999999559,0.002719423784215));
#12596=CARTESIAN_POINT('',(-0.000392647630356118,0.003050799999559,0.00267850894416671));
#12597=CARTESIAN_POINT('',(-0.000392647630356118,0.003049999999559,0.00267850894416671));
#12598=CARTESIAN_POINT('',(-0.000342833555507,0.003050499999559,0.002737604871003));
#12599=CARTESIAN_POINT('',(-0.000392647630356118,0.003050999999559,0.00267850894416671));
#12600=CARTESIAN_POINT('',(-0.000342833555507,0.003050999999559,0.002737604871003));
#12601=CARTESIAN_POINT('',(-0.000342833555507,0.003049999999559,0.002737604871003));
#12602=CARTESIAN_POINT('',(-0.000342833555507,0.003049999999559,0.002762617001963));
#12603=CARTESIAN_POINT('',(-0.000342833555507,0.003050999999559,0.002737604871003));
#12604=CARTESIAN_POINT('',(-0.000342833555507,0.003050999999559,0.002762617001963));
#12605=CARTESIAN_POINT('',(-0.000342833555507,0.003050999999559,0.002762617001963));
#12606=CARTESIAN_POINT('',(-0.000393383282361,0.003050999999559,0.002776279090302));
#12607=CARTESIAN_POINT('',(-0.000393383282361,0.003049999999559,0.002776279090302));
#12608=CARTESIAN_POINT('',(-0.000374256358687,0.003050999999559,0.002776279090302));
#12609=CARTESIAN_POINT('',(-0.000374256358687,0.003049999999559,0.002776279090302));
#12610=CARTESIAN_POINT('',(-0.000357388934237,0.003050999999559,0.002771760091851));
#12611=CARTESIAN_POINT('',(-0.000357388934237,0.003049999999559,0.002771760091851));
#12612=CARTESIAN_POINT('',(-0.000342833555507,0.003050999999559,0.002762617001963));
#12613=CARTESIAN_POINT('',(-0.000342833555507,0.003049999999559,0.002762617001963));
#12614=CARTESIAN_POINT('',(-0.000393383282361,0.003049999999559,0.002776279090302));
#12615=CARTESIAN_POINT('',(-0.000374256358687,0.003049999999559,0.002776279090302));
#12616=CARTESIAN_POINT('',(-0.000357388934237,0.003049999999559,0.002771760091851));
#12617=CARTESIAN_POINT('',(-0.000342833555507,0.003049999999559,0.002762617001963));
#12618=CARTESIAN_POINT('',(-0.000393383282361,0.003050999999559,0.002776279090302));
#12619=CARTESIAN_POINT('',(-0.000374256358687,0.003050999999559,0.002776279090302));
#12620=CARTESIAN_POINT('',(-0.000357388934237,0.003050999999559,0.002771760091851));
#12621=CARTESIAN_POINT('',(-0.000342833555507,0.003050999999559,0.002762617001963));
#12622=CARTESIAN_POINT('',(-0.00036639408958,0.003050999999559,0.002772876704841));
#12623=CARTESIAN_POINT('',(0.,0.003050999999559,0.005300050847786));
#12624=CARTESIAN_POINT('',(-0.000303844057247,0.003050999999559,0.002649536947712));
#12625=CARTESIAN_POINT('',(-0.000303844057247,0.003050999999559,0.002626101211561));
#12626=CARTESIAN_POINT('',(-0.000303844057247,0.003050999999559,0.002649536947712));
#12627=CARTESIAN_POINT('',(-0.000219822213963,0.003050999999559,0.002649536947712));
#12628=CARTESIAN_POINT('',(-0.000219822213963,0.003050999999559,0.002649536947712));
#12629=CARTESIAN_POINT('',(-0.000219822213963,0.003050999999559,0.002718688133304));
#12630=CARTESIAN_POINT('',(-0.000219822213963,0.003050999999559,0.002718688133304));
#12631=CARTESIAN_POINT('',(-0.000293334758525,0.003050999999559,0.002718688133304));
#12632=CARTESIAN_POINT('',(-0.000293334758525,0.003050999999559,0.002718688133304));
#12633=CARTESIAN_POINT('',(-0.000293334758525,0.003050999999559,0.002742228962441));
#12634=CARTESIAN_POINT('',(-0.000293334758525,0.003050999999559,0.002742228962441));
#12635=CARTESIAN_POINT('',(-0.000219822213963,0.003050999999559,0.002742228962441));
#12636=CARTESIAN_POINT('',(-0.000219822213963,0.003050999999559,0.002742228962441));
#12637=CARTESIAN_POINT('',(-0.000219822213963,0.003050999999559,0.002808017172443));
#12638=CARTESIAN_POINT('',(-0.000219822213963,0.003050999999559,0.002808017172443));
#12639=CARTESIAN_POINT('',(-0.000299167419316,0.003050999999559,0.002808017172443));
#12640=CARTESIAN_POINT('',(-0.000299167419316,0.003050999999559,0.002808017172443));
#12641=CARTESIAN_POINT('',(-0.000299167419316,0.003050999999559,0.002831663094568));
#12642=CARTESIAN_POINT('',(-0.000299167419316,0.003050999999559,0.002831663094568));
#12643=CARTESIAN_POINT('',(-0.000193286234689,0.003050999999559,0.002831663094568));
#12644=CARTESIAN_POINT('',(-0.000193286234688999,0.003050999999559,0.002831663094568));
#12645=CARTESIAN_POINT('',(-0.000193286234689,0.003050999999559,0.002626101211561));
#12646=CARTESIAN_POINT('',(-0.000193286234689,0.003050999999559,0.002626101211561));
#12647=CARTESIAN_POINT('',(-0.000303844057247,0.003050999999559,0.002626101211561));
#12648=CARTESIAN_POINT('',(-0.000873132769033,0.003050999999559,0.002626101211561));
#12649=CARTESIAN_POINT('',(-0.000303844057247,0.003049999999559,0.002626101211561));
#12650=CARTESIAN_POINT('',(-0.000193286234689,0.00304999999956081,0.002626101211561));
#12651=CARTESIAN_POINT('',(-0.000303844057247,0.003049999999559,0.002626101211561));
#12652=CARTESIAN_POINT('',(-0.000303844057247,0.003050999999559,0.002626101211561));
#12653=CARTESIAN_POINT('',(-0.000193286234689,0.003050999999559,0.002626101211561));
#12654=CARTESIAN_POINT('',(-0.000193286234689,0.003050999999559,0.002952204750912));
#12655=CARTESIAN_POINT('',(-0.000193286234689,0.003049999999559,0.002626101211561));
#12656=CARTESIAN_POINT('',(-0.000193286234688999,0.003049999999559,0.002831663094568));
#12657=CARTESIAN_POINT('',(-0.000193286234689,0.003050999999559,0.002831663094568));
#12658=CARTESIAN_POINT('',(-0.000762574946475,0.003050999999559,0.002831663094568));
#12659=CARTESIAN_POINT('',(-0.000193286234689,0.003049999999559,0.002831663094568));
#12660=CARTESIAN_POINT('',(-0.000299167419316,0.003049999999559,0.002831663094568));
#12661=CARTESIAN_POINT('',(-0.000299167419316,0.003050999999559,0.002831663094568));
#12662=CARTESIAN_POINT('',(-0.000299167419316,0.003050999999559,0.002831663094568));
#12663=CARTESIAN_POINT('',(-0.000299167419316,0.003049999999559,0.002831663094568));
#12664=CARTESIAN_POINT('',(-0.000299167419316,0.003049999999559,0.002808017172443));
#12665=CARTESIAN_POINT('',(-0.000299167419316,0.003050999999559,0.002808017172443));
#12666=CARTESIAN_POINT('',(-0.000868456131101,0.003050999999559,0.002808017172443));
#12667=CARTESIAN_POINT('',(-0.000299167419316,0.003049999999559,0.002808017172443));
#12668=CARTESIAN_POINT('',(-0.000219822213963,0.003049999999559,0.002808017172443));
#12669=CARTESIAN_POINT('',(-0.000219822213963,0.003050999999559,0.002808017172443));
#12670=CARTESIAN_POINT('',(-0.000219822213963,0.003050999999559,0.00315776663392));
#12671=CARTESIAN_POINT('',(-0.000219822213963,0.003049999999559,0.002808017172443));
#12672=CARTESIAN_POINT('',(-0.000219822213963,0.003049999999559,0.002742228962441));
#12673=CARTESIAN_POINT('',(-0.000219822213963,0.003050999999559,0.002742228962441));
#12674=CARTESIAN_POINT('',(-0.000789110925749,0.003050999999559,0.002742228962441));
#12675=CARTESIAN_POINT('',(-0.000219822213963,0.003049999999559,0.002742228962441));
#12676=CARTESIAN_POINT('',(-0.000293334758525,0.003049999999559,0.002742228962441));
#12677=CARTESIAN_POINT('',(-0.000293334758525,0.003050999999559,0.002742228962441));
#12678=CARTESIAN_POINT('',(-0.000293334758525,0.003050999999559,0.002742228962441));
#12679=CARTESIAN_POINT('',(-0.000293334758525,0.003049999999559,0.002742228962441));
#12680=CARTESIAN_POINT('',(-0.000293334758525,0.003049999999559,0.002718688133304));
#12681=CARTESIAN_POINT('',(-0.000293334758525,0.003050999999559,0.002718688133304));
#12682=CARTESIAN_POINT('',(-0.00086262347031,0.003050999999559,0.002718688133304));
#12683=CARTESIAN_POINT('',(-0.000293334758525,0.003049999999559,0.002718688133304));
#12684=CARTESIAN_POINT('',(-0.000219822213963,0.003049999999559,0.002718688133304));
#12685=CARTESIAN_POINT('',(-0.000219822213963,0.003050999999559,0.002718688133304));
#12686=CARTESIAN_POINT('',(-0.000219822213963,0.003050999999559,0.00315776663392));
#12687=CARTESIAN_POINT('',(-0.000219822213963,0.003049999999559,0.002718688133304));
#12688=CARTESIAN_POINT('',(-0.000219822213963,0.003049999999559,0.002649536947712));
#12689=CARTESIAN_POINT('',(-0.000219822213963,0.003050999999559,0.002649536947712));
#12690=CARTESIAN_POINT('',(-0.000789110925749,0.003050999999559,0.002649536947712));
#12691=CARTESIAN_POINT('',(-0.000219822213963,0.003049999999559,0.002649536947712));
#12692=CARTESIAN_POINT('',(-0.000303844057247,0.003049999999559,0.002649536947712));
#12693=CARTESIAN_POINT('',(-0.000303844057247,0.003050999999559,0.002649536947712));
#12694=CARTESIAN_POINT('',(-0.000303844057247,0.003050999999559,0.002649536947712));
#12695=CARTESIAN_POINT('',(-0.000303844057247,0.003049999999559,0.002649536947712));
#12696=CARTESIAN_POINT('',(0.,0.00305,0.005300050847786));
#12697=CARTESIAN_POINT('',(-0.000890788390886,0.003049999999559,0.003031655049253));
#12698=CARTESIAN_POINT('',(-0.000890788390885623,0.00304999999956444,0.00303165504925307));
#12699=CARTESIAN_POINT('',(-0.000959781936997,0.00304999999956444,0.003031655049253));
#12700=CARTESIAN_POINT('',(-0.000959781936997,0.003049999999559,0.003031655049253));
#12701=CARTESIAN_POINT('',(-0.000928726959272936,0.00304999999978222,0.00311709564786498));
#12702=CARTESIAN_POINT('',(-0.000928726959273,0.00305,0.003117095647865));
#12703=CARTESIAN_POINT('',(-0.000927728575894,0.003049999999559,0.003119933158519));
#12704=CARTESIAN_POINT('',(-0.000926677646022,0.003049999999559,0.003124662342944));
#12705=CARTESIAN_POINT('',(-0.000925521623162,0.00305,0.003131493387114));
#12706=CARTESIAN_POINT('',(-0.000925521623162,0.00304999999978222,0.003131493387114));
#12707=CARTESIAN_POINT('',(-0.000925521623162,0.003049999999559,0.003131493387114));
#12708=CARTESIAN_POINT('',(-0.00092489106524,0.003049999999755,0.003131493387114));
#12709=CARTESIAN_POINT('',(-0.00092489106524,0.00305,0.003131493387114));
#12710=CARTESIAN_POINT('',(-0.000923892681861,0.003049999999559,0.003125292900868));
#12711=CARTESIAN_POINT('',(-0.000922789205495,0.003049999999559,0.003120458623456));
#12712=CARTESIAN_POINT('',(-0.000921528089648,0.003049999999559,0.003117095647865));
#12713=CARTESIAN_POINT('',(-0.000921528089648,0.00304999999971123,0.003117095647865));
#12714=CARTESIAN_POINT('',(-0.000921528089648,0.003049999999559,0.003117095647865));
#12715=CARTESIAN_POINT('',(-0.000921528089648,0.003050999999559,0.003117095647865));
#12716=CARTESIAN_POINT('',(-0.000921528089648,0.003050999999559,0.003117095647865));
#12717=CARTESIAN_POINT('',(-0.000921528089648,0.003050999999559,0.003117095647865));
#12718=CARTESIAN_POINT('',(-0.000921528089648,0.003050999999559,0.003117095647865));
#12719=CARTESIAN_POINT('',(-0.000890788390885434,0.003050999999559,0.003031655049253));
#12720=CARTESIAN_POINT('',(-0.000890788390886,0.003050999999559,0.003031655049253));
#12721=CARTESIAN_POINT('',(-0.00092489106524,0.003050999999559,0.003131493387114));
#12722=CARTESIAN_POINT('',(-0.00092489106524,0.003049999999559,0.003131493387114));
#12723=CARTESIAN_POINT('',(-0.000923892681861,0.003050999999559,0.003125292900868));
#12724=CARTESIAN_POINT('',(-0.000923892681861,0.003049999999559,0.003125292900868));
#12725=CARTESIAN_POINT('',(-0.000922789205495,0.003050999999559,0.003120458623456));
#12726=CARTESIAN_POINT('',(-0.000922789205495,0.003049999999559,0.003120458623456));
#12727=CARTESIAN_POINT('',(-0.000921528089648,0.003050999999559,0.003117095647865));
#12728=CARTESIAN_POINT('',(-0.000921528089648,0.003049999999559,0.003117095647865));
#12729=CARTESIAN_POINT('',(-0.00092489106524,0.003050999999559,0.003131493387114));
#12730=CARTESIAN_POINT('',(-0.00092489106524,0.003050999999559,0.003131493387114));
#12731=CARTESIAN_POINT('',(-0.00092489106524,0.003050999999559,0.003131493387114));
#12732=CARTESIAN_POINT('',(-0.000923892681861,0.003050999999559,0.003125292900868));
#12733=CARTESIAN_POINT('',(-0.000922789205495,0.003050999999559,0.003120458623456));
#12734=CARTESIAN_POINT('',(-0.000921528089648,0.003050999999559,0.003117095647865));
#12735=CARTESIAN_POINT('',(-0.000925521623162,0.003050999999559,0.003131493387114));
#12736=CARTESIAN_POINT('',(-0.000925521623162,0.003050999999559,0.003131493387114));
#12737=CARTESIAN_POINT('',(-0.000925521623162,0.003050999999559,0.003131493387114));
#12738=CARTESIAN_POINT('',(-0.000925521623162,0.003050999999559,0.003131493387114));
#12739=CARTESIAN_POINT('',(-0.000928726959273,0.003050999999559,0.003117095647865));
#12740=CARTESIAN_POINT('',(-0.000928726959273,0.00305,0.003117095647865));
#12741=CARTESIAN_POINT('',(-0.000927728575894,0.003050999999559,0.003119933158519));
#12742=CARTESIAN_POINT('',(-0.000927728575894,0.00305,0.003119933158519));
#12743=CARTESIAN_POINT('',(-0.000926677646022,0.003050999999559,0.003124662342944));
#12744=CARTESIAN_POINT('',(-0.000926677646022,0.00305,0.003124662342944));
#12745=CARTESIAN_POINT('',(-0.000925521623162,0.003050999999559,0.003131493387114));
#12746=CARTESIAN_POINT('',(-0.000925521623162,0.00305,0.003131493387114));
#12747=CARTESIAN_POINT('',(-0.000928726959273,0.003050999999559,0.003117095647865));
#12748=CARTESIAN_POINT('',(-0.000928726959272936,0.003050999999559,0.00311709564786498));
#12749=CARTESIAN_POINT('',(-0.000928726959273,0.003050999999559,0.003117095647865));
#12750=CARTESIAN_POINT('',(-0.000927728575894,0.003050999999559,0.003119933158519));
#12751=CARTESIAN_POINT('',(-0.000926677646022,0.003050999999559,0.003124662342944));
#12752=CARTESIAN_POINT('',(-0.000925521623162,0.003050999999559,0.003131493387114));
#12753=CARTESIAN_POINT('',(-0.000959781936997,0.003050999999559,0.003031655049253));
#12754=CARTESIAN_POINT('',(-0.000959781936997,0.003050999999559,0.003031655049253));
#12755=CARTESIAN_POINT('',(-0.000959781936997,0.003050999999559,0.003031655049253));
#12756=CARTESIAN_POINT('',(-0.000959781936997,0.003050999999559,0.003031655049253));
#12757=CARTESIAN_POINT('',(-0.000890788390886,0.003050999999559,0.003031655049253));
#12758=CARTESIAN_POINT('',(-0.000890788390886,0.003050999999559,0.003031655049253));
#12759=CARTESIAN_POINT('',(-0.00061570749683,0.003050999999559,0.002952204750912));
#12760=CARTESIAN_POINT('',(-0.001018266184387,0.003049999999559,0.002952204750912));
#12761=CARTESIAN_POINT('',(-0.000988945240952,0.00304999999957533,0.002952204750912));
#12762=CARTESIAN_POINT('',(-0.00101826618438741,0.003049999999559,0.002952204750912));
#12763=CARTESIAN_POINT('',(-0.001018266184387,0.003050999999559,0.002952204750912));
#12764=CARTESIAN_POINT('',(-0.00101826618438741,0.003050999999559,0.002952204750912));
#12765=CARTESIAN_POINT('',(-0.001018266184387,0.003050999999559,0.002952204750912));
#12766=CARTESIAN_POINT('',(-0.000988945240952,0.003050999999559,0.002952204750912));
#12767=CARTESIAN_POINT('',(-0.000988945240952,0.003050999999559,0.002952204750912));
#12768=CARTESIAN_POINT('',(-0.000988945240952,0.003050999999559,0.002952204750912));
#12769=CARTESIAN_POINT('',(-0.000988945240952,0.003049999999559,0.002952204750912));
#12770=CARTESIAN_POINT('',(-0.000967979190000983,0.003049999999559,0.003008429499077));
#12771=CARTESIAN_POINT('',(-0.000988945240952,0.003050999999559,0.002952204750912));
#12772=CARTESIAN_POINT('',(-0.000967979190000982,0.003050999999559,0.003008429499077));
#12773=CARTESIAN_POINT('',(-0.000967979190001,0.003050999999559,0.003008429499077));
#12774=CARTESIAN_POINT('',(-0.000967979190001,0.003050999999559,0.003008429499077));
#12775=CARTESIAN_POINT('',(-0.000967979190001,0.003049999999559,0.003008429499077));
#12776=CARTESIAN_POINT('',(-0.000882380951908,0.003049999999559,0.003008429499077));
#12777=CARTESIAN_POINT('',(-0.000967979190001,0.003050999999559,0.003008429499077));
#12778=CARTESIAN_POINT('',(-0.000882380951908,0.003050999999559,0.003008429499077));
#12779=CARTESIAN_POINT('',(-0.000882380951908,0.003050999999559,0.003008429499077));
#12780=CARTESIAN_POINT('',(-0.000882380951908,0.003050999999559,0.003008429499077));
#12781=CARTESIAN_POINT('',(-0.000882380951908,0.003049999999559,0.003008429499077));
#12782=CARTESIAN_POINT('',(-0.000862623470310049,0.003049999999559,0.002952204750912));
#12783=CARTESIAN_POINT('',(-0.000882380951908,0.003050999999559,0.003008429499077));
#12784=CARTESIAN_POINT('',(-0.000862623470310049,0.003050999999559,0.002952204750912));
#12785=CARTESIAN_POINT('',(-0.00086262347031,0.003050999999559,0.002952204750912));
#12786=CARTESIAN_POINT('',(-0.00061570749683,0.003050999999559,0.002952204750912));
#12787=CARTESIAN_POINT('',(-0.00086262347031,0.003049999999559,0.002952204750912));
#12788=CARTESIAN_POINT('',(-0.000833302526876,0.003049999999559,0.002952204750912));
#12789=CARTESIAN_POINT('',(-0.00086262347031,0.003050999999559,0.002952204750912));
#12790=CARTESIAN_POINT('',(-0.000833302526876,0.003050999999559,0.002952204750912));
#12791=CARTESIAN_POINT('',(-0.000833302526876,0.003050999999559,0.002952204750912));
#12792=CARTESIAN_POINT('',(-0.000833302526876,0.003050999999559,0.002952204750912));
#12793=CARTESIAN_POINT('',(-0.000833302526876,0.003049999999559,0.002952204750912));
#12794=CARTESIAN_POINT('',(-0.000911596802356065,0.003049999999559,0.00315776663392));
#12795=CARTESIAN_POINT('',(-0.000833302526876,0.003050999999559,0.002952204750912));
#12796=CARTESIAN_POINT('',(-0.000911596802356071,0.003050999999559,0.00315776663391999));
#12797=CARTESIAN_POINT('',(-0.000911596802356,0.003050999999559,0.00315776663392));
#12798=CARTESIAN_POINT('',(-0.000505149674273,0.003050999999559,0.00315776663392));
#12799=CARTESIAN_POINT('',(-0.000911596802356,0.003049999999559,0.00315776663392));
#12800=CARTESIAN_POINT('',(-0.000939971908906,0.003049999999559,0.00315776663392));
#12801=CARTESIAN_POINT('',(-0.000911596802356,0.003050999999559,0.00315776663392));
#12802=CARTESIAN_POINT('',(-0.000939971908906,0.003050999999559,0.00315776663392));
#12803=CARTESIAN_POINT('',(-0.000939971908906,0.003050999999559,0.00315776663392));
#12804=CARTESIAN_POINT('',(-0.000939971908906,0.003050999999559,0.00315776663392));
#12805=CARTESIAN_POINT('',(-0.000939971908906,0.003049999999559,0.00315776663392));
#12806=CARTESIAN_POINT('',(-0.000939971908906,0.003050999999559,0.00315776663392));
#12807=CARTESIAN_POINT('',(0.,0.003050999999559,0.005300050847786));
#12808=CARTESIAN_POINT('',(0.,0.00305,0.005300050847786));
#12809=CARTESIAN_POINT('',(-0.000712130312606,0.003049999999559,0.003134120711795));
#12810=CARTESIAN_POINT('',(-0.000712130312606,0.00304999999978766,0.003134120711795));
#12811=CARTESIAN_POINT('',(-0.000681075334884,0.00304999999957533,0.003134120711795));
#12812=CARTESIAN_POINT('',(-0.000681075334884,0.003049999999559,0.003134120711795));
#12813=CARTESIAN_POINT('',(-0.000681075334884,0.00304999999957533,0.002975640487063));
#12814=CARTESIAN_POINT('',(-0.000681075334884,0.003049999999559,0.002975640487063));
#12815=CARTESIAN_POINT('',(-0.000710921743255,0.00304999999978766,0.002975640487063));
#12816=CARTESIAN_POINT('',(-0.000710921743255,0.00305,0.002975640487063));
#12817=CARTESIAN_POINT('',(-0.000737037350579,0.003049999999559,0.002975640487063));
#12818=CARTESIAN_POINT('',(-0.000757425390101,0.003049999999559,0.002982786810194));
#12819=CARTESIAN_POINT('',(-0.000772033315325,0.00305,0.002997079456456));
#12820=CARTESIAN_POINT('',(-0.000772033315325,0.00305000000000026,0.002997079456456));
#12821=CARTESIAN_POINT('',(-0.000772033315325,0.00305,0.002997079456456));
#12822=CARTESIAN_POINT('',(-0.000786693787043,0.003049999999559,0.003011267009732));
#12823=CARTESIAN_POINT('',(-0.000793997749655,0.003049999999559,0.003031234677303));
#12824=CARTESIAN_POINT('',(-0.000793997749655,0.00305,0.003056877366186));
#12825=CARTESIAN_POINT('',(-0.000793997749655,0.00304999999998155,0.003056877366186));
#12826=CARTESIAN_POINT('',(-0.000793997749655,0.00305,0.003056877366186));
#12827=CARTESIAN_POINT('',(-0.000793997749655,0.003049999999559,0.003082520055069));
#12828=CARTESIAN_POINT('',(-0.000786483601067,0.003049999999559,0.003101857164718));
#12829=CARTESIAN_POINT('',(-0.000771455303895,0.003049999999559,0.003114783602146));
#12830=CARTESIAN_POINT('',(-0.000771455303895,0.00304999999968815,0.003114783602146));
#12831=CARTESIAN_POINT('',(-0.000771455303895,0.003049999999559,0.003114783602146));
#12832=CARTESIAN_POINT('',(-0.000756427006721,0.003049999999559,0.003127710039575));
#12833=CARTESIAN_POINT('',(-0.000736616978629,0.003049999999559,0.003134120711795));
#12834=CARTESIAN_POINT('',(-0.000712130312606,0.00305,0.003134120711795));
#12835=CARTESIAN_POINT('',(-0.000771455303895,0.003050999999559,0.003114783602146));
#12836=CARTESIAN_POINT('',(-0.000771455303895,0.00305066466615552,0.003114783602146));
#12837=CARTESIAN_POINT('',(-0.000771455303895,0.00305032933275204,0.003114783602146));
#12838=CARTESIAN_POINT('',(-0.000771455303895,0.00304999399934856,0.003114783602146));
#12839=CARTESIAN_POINT('',(-0.000756427006721,0.003050999999559,0.003127710039575));
#12840=CARTESIAN_POINT('',(-0.000756427006721,0.00305066466615552,0.003127710039575));
#12841=CARTESIAN_POINT('',(-0.000756427006721,0.00305032933275204,0.003127710039575));
#12842=CARTESIAN_POINT('',(-0.000756427006721,0.00304999399934856,0.003127710039575));
#12843=CARTESIAN_POINT('',(-0.000736616978629,0.003050999999559,0.003134120711795));
#12844=CARTESIAN_POINT('',(-0.000736616978629,0.00305066466615552,0.003134120711795));
#12845=CARTESIAN_POINT('',(-0.000736616978629,0.00305032933275204,0.003134120711795));
#12846=CARTESIAN_POINT('',(-0.000736616978629,0.00304999399934856,0.003134120711795));
#12847=CARTESIAN_POINT('',(-0.000712130312606,0.003050999999559,0.003134120711795));
#12848=CARTESIAN_POINT('',(-0.000712130312606,0.00305066466615552,0.003134120711795));
#12849=CARTESIAN_POINT('',(-0.000712130312606,0.00305032933275204,0.003134120711795));
#12850=CARTESIAN_POINT('',(-0.000712130312606,0.00304999399934856,0.003134120711795));
#12851=CARTESIAN_POINT('',(-0.000771455303895,0.003050999999559,0.003114783602146));
#12852=CARTESIAN_POINT('',(-0.000771455303895,0.003050999999559,0.003114783602146));
#12853=CARTESIAN_POINT('',(-0.000771455303895,0.003050999999559,0.003114783602146));
#12854=CARTESIAN_POINT('',(-0.000756427006721,0.003050999999559,0.003127710039575));
#12855=CARTESIAN_POINT('',(-0.000736616978629,0.003050999999559,0.003134120711795));
#12856=CARTESIAN_POINT('',(-0.000712130312606,0.003050999999559,0.003134120711795));
#12857=CARTESIAN_POINT('',(-0.000712130312606,0.003050999999559,0.003134120711795));
#12858=CARTESIAN_POINT('',(-0.000712130312606,0.003050999999559,0.003134120711795));
#12859=CARTESIAN_POINT('',(-0.000793997749655,0.003050999999559,0.003056877366186));
#12860=CARTESIAN_POINT('',(-0.000793997749655,0.00305066466616417,0.003056877366186));
#12861=CARTESIAN_POINT('',(-0.000793997749655,0.00305032933276934,0.003056877366186));
#12862=CARTESIAN_POINT('',(-0.000793997749655,0.0030499939993745,0.003056877366186));
#12863=CARTESIAN_POINT('',(-0.000793997749655,0.003050999999559,0.003082520055069));
#12864=CARTESIAN_POINT('',(-0.000793997749655,0.00305066466616417,0.003082520055069));
#12865=CARTESIAN_POINT('',(-0.000793997749655,0.00305032933276934,0.003082520055069));
#12866=CARTESIAN_POINT('',(-0.000793997749655,0.0030499939993745,0.003082520055069));
#12867=CARTESIAN_POINT('',(-0.000786483601067,0.003050999999559,0.003101857164718));
#12868=CARTESIAN_POINT('',(-0.000786483601067,0.00305066466616417,0.003101857164718));
#12869=CARTESIAN_POINT('',(-0.000786483601067,0.00305032933276934,0.003101857164718));
#12870=CARTESIAN_POINT('',(-0.000786483601067,0.0030499939993745,0.003101857164718));
#12871=CARTESIAN_POINT('',(-0.000771455303895,0.003050999999559,0.003114783602146));
#12872=CARTESIAN_POINT('',(-0.000771455303895,0.00305066466616417,0.003114783602146));
#12873=CARTESIAN_POINT('',(-0.000771455303895,0.00305032933276934,0.003114783602146));
#12874=CARTESIAN_POINT('',(-0.000771455303895,0.0030499939993745,0.003114783602146));
#12875=CARTESIAN_POINT('',(-0.000793997749655,0.003050999999559,0.003056877366186));
#12876=CARTESIAN_POINT('',(-0.000793997749655,0.003050999999559,0.003056877366186));
#12877=CARTESIAN_POINT('',(-0.000793997749655,0.003050999999559,0.003056877366186));
#12878=CARTESIAN_POINT('',(-0.000793997749655,0.003050999999559,0.003082520055069));
#12879=CARTESIAN_POINT('',(-0.000786483601067,0.003050999999559,0.003101857164718));
#12880=CARTESIAN_POINT('',(-0.000771455303895,0.003050999999559,0.003114783602146));
#12881=CARTESIAN_POINT('',(-0.000772033315325,0.003050999999559,0.002997079456456));
#12882=CARTESIAN_POINT('',(-0.000772033315325,0.00305066466633408,0.002997079456456));
#12883=CARTESIAN_POINT('',(-0.000772033315325,0.00305032933310917,0.002997079456456));
#12884=CARTESIAN_POINT('',(-0.000772033315325,0.00304999399988425,0.002997079456456));
#12885=CARTESIAN_POINT('',(-0.000786693787043,0.003050999999559,0.003011267009732));
#12886=CARTESIAN_POINT('',(-0.000786693787043,0.00305066466633408,0.003011267009732));
#12887=CARTESIAN_POINT('',(-0.000786693787043,0.00305032933310917,0.003011267009732));
#12888=CARTESIAN_POINT('',(-0.000786693787043,0.00304999399988425,0.003011267009732));
#12889=CARTESIAN_POINT('',(-0.000793997749655,0.003050999999559,0.003031234677303));
#12890=CARTESIAN_POINT('',(-0.000793997749655,0.00305066466633408,0.003031234677303));
#12891=CARTESIAN_POINT('',(-0.000793997749655,0.00305032933310917,0.003031234677303));
#12892=CARTESIAN_POINT('',(-0.000793997749655,0.00304999399988425,0.003031234677303));
#12893=CARTESIAN_POINT('',(-0.000793997749655,0.003050999999559,0.003056877366186));
#12894=CARTESIAN_POINT('',(-0.000793997749655,0.00305066466633408,0.003056877366186));
#12895=CARTESIAN_POINT('',(-0.000793997749655,0.00305032933310917,0.003056877366186));
#12896=CARTESIAN_POINT('',(-0.000793997749655,0.00304999399988425,0.003056877366186));
#12897=CARTESIAN_POINT('',(-0.000772033315325,0.003050999999559,0.002997079456456));
#12898=CARTESIAN_POINT('',(-0.000772033315325,0.003050999999559,0.002997079456456));
#12899=CARTESIAN_POINT('',(-0.000772033315325,0.003050999999559,0.002997079456456));
#12900=CARTESIAN_POINT('',(-0.000786693787043,0.003050999999559,0.003011267009732));
#12901=CARTESIAN_POINT('',(-0.000793997749655,0.003050999999559,0.003031234677303));
#12902=CARTESIAN_POINT('',(-0.000793997749655,0.003050999999559,0.003056877366186));
#12903=CARTESIAN_POINT('',(-0.000710921743255,0.003050999999559,0.002975640487063));
#12904=CARTESIAN_POINT('',(-0.000710921743255,0.00305066466630628,0.002975640487063));
#12905=CARTESIAN_POINT('',(-0.000710921743255,0.00305032933305356,0.002975640487063));
#12906=CARTESIAN_POINT('',(-0.000710921743255,0.00304999399980083,0.002975640487063));
#12907=CARTESIAN_POINT('',(-0.000737037350579,0.003050999999559,0.002975640487063));
#12908=CARTESIAN_POINT('',(-0.000737037350579,0.00305066466630628,0.002975640487063));
#12909=CARTESIAN_POINT('',(-0.000737037350579,0.00305032933305356,0.002975640487063));
#12910=CARTESIAN_POINT('',(-0.000737037350579,0.00304999399980083,0.002975640487063));
#12911=CARTESIAN_POINT('',(-0.000757425390101,0.003050999999559,0.002982786810194));
#12912=CARTESIAN_POINT('',(-0.000757425390101,0.00305066466630628,0.002982786810194));
#12913=CARTESIAN_POINT('',(-0.000757425390101,0.00305032933305356,0.002982786810194));
#12914=CARTESIAN_POINT('',(-0.000757425390101,0.00304999399980083,0.002982786810194));
#12915=CARTESIAN_POINT('',(-0.000772033315325,0.003050999999559,0.002997079456456));
#12916=CARTESIAN_POINT('',(-0.000772033315325,0.00305066466630628,0.002997079456456));
#12917=CARTESIAN_POINT('',(-0.000772033315325,0.00305032933305356,0.002997079456456));
#12918=CARTESIAN_POINT('',(-0.000772033315325,0.00304999399980083,0.002997079456456));
#12919=CARTESIAN_POINT('',(-0.000710921743255,0.003050999999559,0.002975640487063));
#12920=CARTESIAN_POINT('',(-0.000710921743255,0.003050999999559,0.002975640487063));
#12921=CARTESIAN_POINT('',(-0.000710921743255,0.003050999999559,0.002975640487063));
#12922=CARTESIAN_POINT('',(-0.000737037350579,0.003050999999559,0.002975640487063));
#12923=CARTESIAN_POINT('',(-0.000757425390101,0.003050999999559,0.002982786810194));
#12924=CARTESIAN_POINT('',(-0.000772033315325,0.003050999999559,0.002997079456456));
#12925=CARTESIAN_POINT('',(-0.000531685653546,0.003050999999559,0.002975640487063));
#12926=CARTESIAN_POINT('',(-0.000681075334884,0.003050999999559,0.002975640487063));
#12927=CARTESIAN_POINT('',(-0.000681075334884,0.003050999999559,0.002975640487063));
#12928=CARTESIAN_POINT('',(-0.000681075334884,0.003050999999559,0.002975640487063));
#12929=CARTESIAN_POINT('',(-0.000681075334884,0.003050999999559,0.003134120711795));
#12930=CARTESIAN_POINT('',(-0.000681075334884,0.003050999999559,0.003134120711795));
#12931=CARTESIAN_POINT('',(-0.000681075334884,0.003050999999559,0.003134120711795));
#12932=CARTESIAN_POINT('',(-0.000681075334884,0.003050999999559,0.003134120711795));
#12933=CARTESIAN_POINT('',(-0.000611030858899,0.003050999999559,0.003134120711795));
#12934=CARTESIAN_POINT('',(-0.000712130312606,0.003050999999559,0.003134120711795));
#12935=CARTESIAN_POINT('',(-0.00065453935561,0.003050999999559,0.002952204750912));
#12936=CARTESIAN_POINT('',(-0.00065453935561,0.003049999999559,0.002952204750912));
#12937=CARTESIAN_POINT('',(-0.00065453935561,0.00304999999957533,0.00315776663392));
#12938=CARTESIAN_POINT('',(-0.00065453935561,0.003049999999559,0.002952204750912));
#12939=CARTESIAN_POINT('',(-0.00065453935561,0.003050999999559,0.002952204750912));
#12940=CARTESIAN_POINT('',(-0.00065453935561,0.003050999999559,0.002952204750912));
#12941=CARTESIAN_POINT('',(-0.00065453935561,0.003050999999559,0.002952204750912));
#12942=CARTESIAN_POINT('',(-0.00065453935561,0.003050999999559,0.00315776663392));
#12943=CARTESIAN_POINT('',(-0.00065453935561,0.003050999999559,0.00315776663392));
#12944=CARTESIAN_POINT('',(-0.000505149674273,0.003050999999559,0.00315776663392));
#12945=CARTESIAN_POINT('',(-0.00065453935561,0.003049999999559,0.00315776663392));
#12946=CARTESIAN_POINT('',(-0.00071318124248,0.003049999999559,0.00315776663392));
#12947=CARTESIAN_POINT('',(-0.00065453935561,0.003050999999559,0.00315776663392));
#12948=CARTESIAN_POINT('',(-0.00071318124248,0.003050999999559,0.00315776663392));
#12949=CARTESIAN_POINT('',(-0.00071318124248,0.003050999999559,0.00315776663392));
#12950=CARTESIAN_POINT('',(-0.000790897506531,0.003050999999559,0.003130547550229));
#12951=CARTESIAN_POINT('',(-0.000790897506531,0.003049999999559,0.003130547550229));
#12952=CARTESIAN_POINT('',(-0.000770246734541,0.003050999999559,0.003148728637019));
#12953=CARTESIAN_POINT('',(-0.000770246734541,0.003049999999559,0.003148728637019));
#12954=CARTESIAN_POINT('',(-0.000744341313191,0.003050999999559,0.00315776663392));
#12955=CARTESIAN_POINT('',(-0.000744341313191,0.003049999999559,0.00315776663392));
#12956=CARTESIAN_POINT('',(-0.00071318124248,0.003050999999559,0.00315776663392));
#12957=CARTESIAN_POINT('',(-0.00071318124248,0.003049999999559,0.00315776663392));
#12958=CARTESIAN_POINT('',(-0.000790897506531,0.003049999999559,0.003130547550229));
#12959=CARTESIAN_POINT('',(-0.000770246734541,0.003049999999559,0.003148728637019));
#12960=CARTESIAN_POINT('',(-0.000744341313191,0.003049999999559,0.00315776663392));
#12961=CARTESIAN_POINT('',(-0.00071318124248,0.003049999999559,0.00315776663392));
#12962=CARTESIAN_POINT('',(-0.000790897506531,0.003049999999559,0.003130547550229));
#12963=CARTESIAN_POINT('',(-0.000790897506531,0.003050999999559,0.003130547550229));
#12964=CARTESIAN_POINT('',(-0.000770246734541,0.003050999999559,0.003148728637019));
#12965=CARTESIAN_POINT('',(-0.000744341313191,0.003050999999559,0.00315776663392));
#12966=CARTESIAN_POINT('',(-0.00071318124248,0.003050999999559,0.00315776663392));
#12967=CARTESIAN_POINT('',(-0.000790897506531,0.003050999999559,0.003130547550229));
#12968=CARTESIAN_POINT('',(-0.000790897506531,0.003050999999559,0.003130547550229));
#12969=CARTESIAN_POINT('',(-0.000821899937761,0.003050999999559,0.003057613017097));
#12970=CARTESIAN_POINT('',(-0.000821899937761,0.003049999999559,0.003057613017097));
#12971=CARTESIAN_POINT('',(-0.000821899937761,0.003050999999559,0.003088089983391));
#12972=CARTESIAN_POINT('',(-0.000821899937761,0.003049999999559,0.003088089983391));
#12973=CARTESIAN_POINT('',(-0.00081154827852,0.003050999999559,0.003112366463439));
#12974=CARTESIAN_POINT('',(-0.00081154827852,0.003049999999559,0.003112366463439));
#12975=CARTESIAN_POINT('',(-0.000790897506531,0.003050999999559,0.003130547550229));
#12976=CARTESIAN_POINT('',(-0.000790897506531,0.003049999999559,0.003130547550229));
#12977=CARTESIAN_POINT('',(-0.000821899937761,0.003049999999559,0.003057613017097));
#12978=CARTESIAN_POINT('',(-0.000821899937761,0.003049999999559,0.003088089983391));
#12979=CARTESIAN_POINT('',(-0.00081154827852,0.003049999999559,0.003112366463439));
#12980=CARTESIAN_POINT('',(-0.000790897506531,0.003049999999559,0.003130547550229));
#12981=CARTESIAN_POINT('',(-0.000821899937761,0.003049999999559,0.003057613017097));
#12982=CARTESIAN_POINT('',(-0.000821899937761,0.003050999999559,0.003057613017097));
#12983=CARTESIAN_POINT('',(-0.000821899937761,0.003050999999559,0.003088089983391));
#12984=CARTESIAN_POINT('',(-0.00081154827852,0.003050999999559,0.003112366463439));
#12985=CARTESIAN_POINT('',(-0.000790897506531,0.003050999999559,0.003130547550229));
#12986=CARTESIAN_POINT('',(-0.000821899937761,0.003050999999559,0.003057613017097));
#12987=CARTESIAN_POINT('',(-0.000821899937761,0.003050999999559,0.003057613017097));
#12988=CARTESIAN_POINT('',(-0.000790897506531,0.003050999999559,0.002981000229411));
#12989=CARTESIAN_POINT('',(-0.000790897506531,0.003049999999559,0.002981000229411));
#12990=CARTESIAN_POINT('',(-0.00081154827852,0.003050999999559,0.003000232246073));
#12991=CARTESIAN_POINT('',(-0.00081154827852,0.003049999999559,0.003000232246073));
#12992=CARTESIAN_POINT('',(-0.000821899937761,0.003050999999559,0.003025769841969));
#12993=CARTESIAN_POINT('',(-0.000821899937761,0.003049999999559,0.003025769841969));
#12994=CARTESIAN_POINT('',(-0.000821899937761,0.003050999999559,0.003057613017097));
#12995=CARTESIAN_POINT('',(-0.000821899937761,0.003049999999559,0.003057613017097));
#12996=CARTESIAN_POINT('',(-0.000790897506531,0.003049999999559,0.002981000229411));
#12997=CARTESIAN_POINT('',(-0.00081154827852,0.003049999999559,0.003000232246073));
#12998=CARTESIAN_POINT('',(-0.000821899937761,0.003049999999559,0.003025769841969));
#12999=CARTESIAN_POINT('',(-0.000821899937761,0.003049999999559,0.003057613017097));
#13000=CARTESIAN_POINT('',(-0.000790897506531,0.003049999999559,0.002981000229411));
#13001=CARTESIAN_POINT('',(-0.000790897506531,0.003050999999559,0.002981000229411));
#13002=CARTESIAN_POINT('',(-0.00081154827852,0.003050999999559,0.003000232246073));
#13003=CARTESIAN_POINT('',(-0.000821899937761,0.003050999999559,0.003025769841969));
#13004=CARTESIAN_POINT('',(-0.000821899937761,0.003050999999559,0.003057613017097));
#13005=CARTESIAN_POINT('',(-0.000790897506531,0.003050999999559,0.002981000229411));
#13006=CARTESIAN_POINT('',(-0.000790897506531,0.003050999999559,0.002981000229411));
#13007=CARTESIAN_POINT('',(-0.000711079382735,0.003050999999559,0.002952204750912));
#13008=CARTESIAN_POINT('',(-0.000711079382735,0.003049999999559,0.002952204750912));
#13009=CARTESIAN_POINT('',(-0.00074360566228,0.003050999999559,0.002952204750912));
#13010=CARTESIAN_POINT('',(-0.00074360566228,0.003049999999559,0.002952204750912));
#13011=CARTESIAN_POINT('',(-0.000770246734541,0.003050999999559,0.00296176821275));
#13012=CARTESIAN_POINT('',(-0.000770246734541,0.003049999999559,0.00296176821275));
#13013=CARTESIAN_POINT('',(-0.000790897506531,0.003050999999559,0.002981000229411));
#13014=CARTESIAN_POINT('',(-0.000790897506531,0.003049999999559,0.002981000229411));
#13015=CARTESIAN_POINT('',(-0.000711079382735,0.003049999999559,0.002952204750912));
#13016=CARTESIAN_POINT('',(-0.00074360566228,0.003049999999559,0.002952204750912));
#13017=CARTESIAN_POINT('',(-0.000770246734541,0.003049999999559,0.00296176821275));
#13018=CARTESIAN_POINT('',(-0.000790897506531,0.003049999999559,0.002981000229411));
#13019=CARTESIAN_POINT('',(-0.000711079382735,0.003049999999559,0.002952204750912));
#13020=CARTESIAN_POINT('',(-0.000711079382735,0.003050999999559,0.002952204750912));
#13021=CARTESIAN_POINT('',(-0.00074360566228,0.003050999999559,0.002952204750912));
#13022=CARTESIAN_POINT('',(-0.000770246734541,0.003050999999559,0.00296176821275));
#13023=CARTESIAN_POINT('',(-0.000790897506531,0.003050999999559,0.002981000229411));
#13024=CARTESIAN_POINT('',(-0.000711079382735,0.003050999999559,0.002952204750912));
#13025=CARTESIAN_POINT('',(-0.000711079382735,0.003050999999559,0.002952204750912));
#13026=CARTESIAN_POINT('',(-0.00061570749683,0.003050999999559,0.002952204750912));
#13027=CARTESIAN_POINT('',(-0.000711079382735,0.003049999999559,0.002952204750912));
#13028=CARTESIAN_POINT('',(-0.000711079382735,0.003050999999559,0.002952204750912));
#13029=CARTESIAN_POINT('',(-0.000755980361526,0.003050999999559,0.003150974999621));
#13030=CARTESIAN_POINT('',(0.,0.003050999999559,0.005300050847786));
#13031=CARTESIAN_POINT('',(-0.00061570749683,0.003050999999559,0.002975640487063));
#13032=CARTESIAN_POINT('',(-0.00061570749683,0.003050999999559,0.002952204750912));
#13033=CARTESIAN_POINT('',(-0.00061570749683,0.003050999999559,0.002975640487063));
#13034=CARTESIAN_POINT('',(-0.000531685653546,0.003050999999559,0.002975640487063));
#13035=CARTESIAN_POINT('',(-0.000531685653546,0.003050999999559,0.002975640487063));
#13036=CARTESIAN_POINT('',(-0.000531685653546,0.003050999999559,0.003044791672655));
#13037=CARTESIAN_POINT('',(-0.000531685653546,0.003050999999559,0.003044791672655));
#13038=CARTESIAN_POINT('',(-0.000605198198108,0.003050999999559,0.003044791672655));
#13039=CARTESIAN_POINT('',(-0.000605198198108,0.003050999999559,0.003044791672655));
#13040=CARTESIAN_POINT('',(-0.000605198198108,0.003050999999559,0.003068332501793));
#13041=CARTESIAN_POINT('',(-0.000605198198108,0.003050999999559,0.003068332501793));
#13042=CARTESIAN_POINT('',(-0.000531685653546,0.003050999999559,0.003068332501793));
#13043=CARTESIAN_POINT('',(-0.000531685653546,0.003050999999559,0.003068332501793));
#13044=CARTESIAN_POINT('',(-0.000531685653546,0.003050999999559,0.003134120711795));
#13045=CARTESIAN_POINT('',(-0.000531685653546,0.003050999999559,0.003134120711795));
#13046=CARTESIAN_POINT('',(-0.000611030858899,0.003050999999559,0.003134120711795));
#13047=CARTESIAN_POINT('',(-0.000611030858899,0.003050999999559,0.003134120711795));
#13048=CARTESIAN_POINT('',(-0.000611030858899,0.003050999999559,0.00315776663392));
#13049=CARTESIAN_POINT('',(-0.000611030858899,0.003050999999559,0.00315776663392));
#13050=CARTESIAN_POINT('',(-0.000505149674273,0.003050999999559,0.00315776663392));
#13051=CARTESIAN_POINT('',(-0.000505149674273,0.003050999999559,0.00315776663392));
#13052=CARTESIAN_POINT('',(-0.000505149674273,0.003050999999559,0.002952204750912));
#13053=CARTESIAN_POINT('',(-0.000505149674273,0.003050999999559,0.002952204750912));
#13054=CARTESIAN_POINT('',(-0.00061570749683,0.003050999999559,0.002952204750912));
#13055=CARTESIAN_POINT('',(-0.00061570749683,0.003050999999559,0.002952204750912));
#13056=CARTESIAN_POINT('',(-0.00061570749683,0.003049999999559,0.002952204750912));
#13057=CARTESIAN_POINT('',(-0.000505149674273,0.00304999999956081,0.002952204750912));
#13058=CARTESIAN_POINT('',(-0.00061570749683,0.003049999999559,0.002952204750912));
#13059=CARTESIAN_POINT('',(-0.00061570749683,0.003050999999559,0.002952204750912));
#13060=CARTESIAN_POINT('',(-0.000505149674273,0.003050999999559,0.002952204750912));
#13061=CARTESIAN_POINT('',(-0.000505149674273,0.003050999999559,0.002952204750912));
#13062=CARTESIAN_POINT('',(-0.000505149674273,0.003049999999559,0.002952204750912));
#13063=CARTESIAN_POINT('',(-0.000505149674273,0.003049999999559,0.00315776663392));
#13064=CARTESIAN_POINT('',(-0.000505149674273,0.003050999999559,0.00315776663392));
#13065=CARTESIAN_POINT('',(-0.000505149674273,0.003050999999559,0.00315776663392));
#13066=CARTESIAN_POINT('',(-0.000505149674273,0.003049999999559,0.00315776663392));
#13067=CARTESIAN_POINT('',(-0.000611030858899,0.003049999999559,0.00315776663392));
#13068=CARTESIAN_POINT('',(-0.000611030858899,0.003050999999559,0.00315776663392));
#13069=CARTESIAN_POINT('',(-0.000611030858899,0.003050999999559,0.00315776663392));
#13070=CARTESIAN_POINT('',(-0.000611030858899,0.003049999999559,0.00315776663392));
#13071=CARTESIAN_POINT('',(-0.000611030858899,0.003049999999559,0.003134120711795));
#13072=CARTESIAN_POINT('',(-0.000611030858899,0.003050999999559,0.003134120711795));
#13073=CARTESIAN_POINT('',(-0.000611030858899,0.003050999999559,0.003134120711795));
#13074=CARTESIAN_POINT('',(-0.000611030858899,0.003049999999559,0.003134120711795));
#13075=CARTESIAN_POINT('',(-0.000531685653546,0.003049999999559,0.003134120711795));
#13076=CARTESIAN_POINT('',(-0.000531685653546,0.003050999999559,0.003134120711795));
#13077=CARTESIAN_POINT('',(-0.000531685653546,0.003050999999559,0.003134120711795));
#13078=CARTESIAN_POINT('',(-0.000531685653546,0.003049999999559,0.003134120711795));
#13079=CARTESIAN_POINT('',(-0.000531685653546,0.003049999999559,0.003068332501793));
#13080=CARTESIAN_POINT('',(-0.000531685653546,0.003050999999559,0.003068332501793));
#13081=CARTESIAN_POINT('',(-0.000531685653546,0.003050999999559,0.003068332501793));
#13082=CARTESIAN_POINT('',(-0.000531685653546,0.003049999999559,0.003068332501793));
#13083=CARTESIAN_POINT('',(-0.000605198198108,0.003049999999559,0.003068332501793));
#13084=CARTESIAN_POINT('',(-0.000605198198108,0.003050999999559,0.003068332501793));
#13085=CARTESIAN_POINT('',(-0.000605198198108,0.003050999999559,0.003068332501793));
#13086=CARTESIAN_POINT('',(-0.000605198198108,0.003049999999559,0.003068332501793));
#13087=CARTESIAN_POINT('',(-0.000605198198108,0.003049999999559,0.003044791672655));
#13088=CARTESIAN_POINT('',(-0.000605198198108,0.003050999999559,0.003044791672655));
#13089=CARTESIAN_POINT('',(-0.000605198198108,0.003050999999559,0.003044791672655));
#13090=CARTESIAN_POINT('',(-0.000605198198108,0.003049999999559,0.003044791672655));
#13091=CARTESIAN_POINT('',(-0.000531685653546,0.003049999999559,0.003044791672655));
#13092=CARTESIAN_POINT('',(-0.000531685653546,0.003050999999559,0.003044791672655));
#13093=CARTESIAN_POINT('',(-0.000531685653546,0.003050999999559,0.003134120711795));
#13094=CARTESIAN_POINT('',(-0.000531685653546,0.003049999999559,0.003044791672655));
#13095=CARTESIAN_POINT('',(-0.000531685653546,0.003049999999559,0.002975640487063));
#13096=CARTESIAN_POINT('',(-0.000531685653546,0.003050999999559,0.002975640487063));
#13097=CARTESIAN_POINT('',(-0.000531685653546,0.003050999999559,0.002975640487063));
#13098=CARTESIAN_POINT('',(-0.000531685653546,0.003049999999559,0.002975640487063));
#13099=CARTESIAN_POINT('',(-0.00061570749683,0.003049999999559,0.002975640487063));
#13100=CARTESIAN_POINT('',(-0.00061570749683,0.003050999999559,0.002975640487063));
#13101=CARTESIAN_POINT('',(-0.00061570749683,0.003050999999559,0.002975640487063));
#13102=CARTESIAN_POINT('',(-0.00061570749683,0.003049999999559,0.002975640487063));
#13103=CARTESIAN_POINT('',(-0.000438428764009,0.003050999999559,0.00295173183247));
#13104=CARTESIAN_POINT('',(-0.000407097917194,0.003050999999559,0.002948736682334));
#13105=CARTESIAN_POINT('',(-0.000429903095421,0.003050999999559,0.002948736682334));
#13106=CARTESIAN_POINT('',(-0.000448872379615,0.003050999999559,0.002952730215848));
#13107=CARTESIAN_POINT('',(-0.000464005769775,0.003050999999559,0.002960717282878));
#13108=CARTESIAN_POINT('',(-0.000407097917194,0.003050999999559,0.002948736682334));
#13109=CARTESIAN_POINT('',(-0.000464005769775,0.003050999999559,0.002960717282878));
#13110=CARTESIAN_POINT('',(-0.000464005769775,0.003050999999559,0.002986149785786));
#13111=CARTESIAN_POINT('',(-0.000464005769775,0.003050999999559,0.002986149785786));
#13112=CARTESIAN_POINT('',(-0.000464005769775,0.003050999999559,0.002986149785786));
#13113=CARTESIAN_POINT('',(-0.000448977472602,0.003050999999559,0.002977006695897));
#13114=CARTESIAN_POINT('',(-0.000431269304255,0.003050999999559,0.002972382604459));
#13115=CARTESIAN_POINT('',(-0.000410933811227,0.003050999999559,0.002972382604459));
#13116=CARTESIAN_POINT('',(-0.000410933811227,0.003050999999559,0.002972382604459));
#13117=CARTESIAN_POINT('',(-0.000410933811227,0.003050999999559,0.002972382604459));
#13118=CARTESIAN_POINT('',(-0.000389179562872,0.003050999999559,0.002972382604459));
#13119=CARTESIAN_POINT('',(-0.000371576487512,0.003050999999559,0.002979634020577));
#13120=CARTESIAN_POINT('',(-0.000358124585148,0.003050999999559,0.002994031759827));
#13121=CARTESIAN_POINT('',(-0.000358124585148,0.003050499999559,0.002994031759827));
#13122=CARTESIAN_POINT('',(-0.000421194603074519,0.003050999999559,0.00304782993581921));
#13123=CARTESIAN_POINT('',(-0.000337946731601,0.003050499999559,0.003052673646698));
#13124=CARTESIAN_POINT('',(-0.000337946731601,0.003050999999559,0.003052673646698));
#13125=CARTESIAN_POINT('',(-0.000337946731601,0.003050999999559,0.003078526521554));
#13126=CARTESIAN_POINT('',(-0.000345145601226,0.003050999999559,0.003099124747049));
#13127=CARTESIAN_POINT('',(-0.000359543340476,0.003050999999559,0.003114468323184));
#13128=CARTESIAN_POINT('',(-0.000359543340476,0.003050999999559,0.003114468323184));
#13129=CARTESIAN_POINT('',(-0.000359543340476,0.003050999999559,0.003114468323184));
#13130=CARTESIAN_POINT('',(-0.000373993626218,0.003050999999559,0.003129706806331));
#13131=CARTESIAN_POINT('',(-0.000392647631451,0.003050999999559,0.003137273501411));
#13132=CARTESIAN_POINT('',(-0.000415557902665,0.003050999999559,0.003137273501411));
#13133=CARTESIAN_POINT('',(-0.000415557902665,0.003050499999559,0.003137273501411));
#13134=CARTESIAN_POINT('',(-0.000416501734974318,0.003050999999559,0.00303673835939974));
#13135=CARTESIAN_POINT('',(-0.000464005769775,0.003050499999559,0.003125082714894));
#13136=CARTESIAN_POINT('',(-0.000464005769775,0.003050999999559,0.00315282726352));
#13137=CARTESIAN_POINT('',(-0.000464005769775,0.003050999999559,0.00315282726352));
#13138=CARTESIAN_POINT('',(-0.000464005769775,0.003050999999559,0.00315282726352));
#13139=CARTESIAN_POINT('',(-0.000451184425334,0.003050999999559,0.003158397191844));
#13140=CARTESIAN_POINT('',(-0.000434947558807,0.003050999999559,0.003161234702498));
#13141=CARTESIAN_POINT('',(-0.000415295170197,0.003050999999559,0.003161234702498));
#13142=CARTESIAN_POINT('',(-0.000415295170197,0.003050999999559,0.003161234702498));
#13143=CARTESIAN_POINT('',(-0.000415295170197,0.003050999999559,0.003161234702498));
#13144=CARTESIAN_POINT('',(-0.000384765657409,0.003050999999559,0.003161234702498));
#13145=CARTESIAN_POINT('',(-0.000359595886969,0.003050999999559,0.003151145775725));
#13146=CARTESIAN_POINT('',(-0.000339785858877,0.003050999999559,0.003130967922178));
#13147=CARTESIAN_POINT('',(-0.000339785858877,0.003050499999559,0.003130967922178));
#13148=CARTESIAN_POINT('',(-0.000419339026676536,0.003050999999559,0.00305665368684045));
#13149=CARTESIAN_POINT('',(-0.000310097089987,0.00305049999956819,0.003051097251888));
#13150=CARTESIAN_POINT('',(-0.000310097089987,0.003050999999559,0.003051097251888));
#13151=CARTESIAN_POINT('',(-0.000310097089987,0.003050999999559,0.003020305006632));
#13152=CARTESIAN_POINT('',(-0.00031887235442,0.003050999999559,0.002995503061648));
#13153=CARTESIAN_POINT('',(-0.00033647542978,0.003050999999559,0.002976796509923));
#13154=CARTESIAN_POINT('',(-0.00033647542978,0.003050999999559,0.002976796509923));
#13155=CARTESIAN_POINT('',(-0.00033647542978,0.003050999999559,0.002976796509923));
#13156=CARTESIAN_POINT('',(-0.00035407850514,0.003050999999559,0.002958089958197));
#13157=CARTESIAN_POINT('',(-0.000377619334278,0.003050999999559,0.002948736682334));
#13158=CARTESIAN_POINT('',(-0.000407097917194,0.003050999999559,0.002948736682334));
#13159=CARTESIAN_POINT('',(-0.00033647542978,0.003050999999559,0.002976796509923));
#13160=CARTESIAN_POINT('',(-0.00033647542978,0.00305066466616656,0.002976796509923));
#13161=CARTESIAN_POINT('',(-0.00033647542978,0.00305032933277413,0.002976796509923));
#13162=CARTESIAN_POINT('',(-0.00033647542978,0.00304999399938169,0.002976796509923));
#13163=CARTESIAN_POINT('',(-0.00035407850514,0.003050999999559,0.002958089958197));
#13164=CARTESIAN_POINT('',(-0.00035407850514,0.00305066466616656,0.002958089958197));
#13165=CARTESIAN_POINT('',(-0.00035407850514,0.00305032933277413,0.002958089958197));
#13166=CARTESIAN_POINT('',(-0.00035407850514,0.00304999399938169,0.002958089958197));
#13167=CARTESIAN_POINT('',(-0.000377619334278,0.003050999999559,0.002948736682334));
#13168=CARTESIAN_POINT('',(-0.000377619334278,0.00305066466616656,0.002948736682334));
#13169=CARTESIAN_POINT('',(-0.000377619334278,0.00305032933277413,0.002948736682334));
#13170=CARTESIAN_POINT('',(-0.000377619334278,0.00304999399938169,0.002948736682334));
#13171=CARTESIAN_POINT('',(-0.000407097917194,0.003050999999559,0.002948736682334));
#13172=CARTESIAN_POINT('',(-0.000407097917194,0.00305066466616656,0.002948736682334));
#13173=CARTESIAN_POINT('',(-0.000407097917194,0.00305032933277413,0.002948736682334));
#13174=CARTESIAN_POINT('',(-0.000407097917194,0.00304999399938169,0.002948736682334));
#13175=CARTESIAN_POINT('',(-0.00033647542978,0.00305,0.002976796509923));
#13176=CARTESIAN_POINT('',(-0.00035407850514,0.003049999999559,0.002958089958197));
#13177=CARTESIAN_POINT('',(-0.000377619334278,0.003049999999559,0.002948736682334));
#13178=CARTESIAN_POINT('',(-0.000407097917194,0.003049999999559,0.002948736682334));
#13179=CARTESIAN_POINT('',(-0.00033647542978,0.00304999999987137,0.002976796509923));
#13180=CARTESIAN_POINT('',(-0.000407097917194,0.00304999999968762,0.002948736682334));
#13181=CARTESIAN_POINT('',(-0.000407097917194,0.003050999999559,0.002948736682334));
#13182=CARTESIAN_POINT('',(-0.00033647542978,0.003050999999559,0.002976796509923));
#13183=CARTESIAN_POINT('',(-0.000310097089987,0.003050999999559,0.003051097251888));
#13184=CARTESIAN_POINT('',(-0.000310097089987,0.00305066466617089,0.003051097251888));
#13185=CARTESIAN_POINT('',(-0.000310097089987,0.00305032933278279,0.003051097251888));
#13186=CARTESIAN_POINT('',(-0.000310097089987,0.00304999399939468,0.003051097251888));
#13187=CARTESIAN_POINT('',(-0.000310097089987,0.003050999999559,0.003020305006632));
#13188=CARTESIAN_POINT('',(-0.000310097089987,0.00305066466617089,0.003020305006632));
#13189=CARTESIAN_POINT('',(-0.000310097089987,0.00305032933278279,0.003020305006632));
#13190=CARTESIAN_POINT('',(-0.000310097089987,0.00304999399939468,0.003020305006632));
#13191=CARTESIAN_POINT('',(-0.00031887235442,0.003050999999559,0.002995503061648));
#13192=CARTESIAN_POINT('',(-0.00031887235442,0.00305066466617089,0.002995503061648));
#13193=CARTESIAN_POINT('',(-0.00031887235442,0.00305032933278279,0.002995503061648));
#13194=CARTESIAN_POINT('',(-0.00031887235442,0.00304999399939468,0.002995503061648));
#13195=CARTESIAN_POINT('',(-0.00033647542978,0.003050999999559,0.002976796509923));
#13196=CARTESIAN_POINT('',(-0.00033647542978,0.00305066466617089,0.002976796509923));
#13197=CARTESIAN_POINT('',(-0.00033647542978,0.00305032933278279,0.002976796509923));
#13198=CARTESIAN_POINT('',(-0.00033647542978,0.00304999399939468,0.002976796509923));
#13199=CARTESIAN_POINT('',(-0.000310097089987,0.003049999999559,0.003051097251888));
#13200=CARTESIAN_POINT('',(-0.000310097089987,0.003049999999559,0.003020305006632));
#13201=CARTESIAN_POINT('',(-0.00031887235442,0.003049999999559,0.002995503061648));
#13202=CARTESIAN_POINT('',(-0.00033647542978,0.00305,0.002976796509923));
#13203=CARTESIAN_POINT('',(-0.000419339026676536,0.003050499999559,0.00305665368684045));
#13204=CARTESIAN_POINT('',(-0.000419339026676536,0.003049999999559,0.00305665368684045));
#13205=CARTESIAN_POINT('',(-0.000415295170197,0.003050999999559,0.003161234702498));
#13206=CARTESIAN_POINT('',(-0.000415295170197,0.003049999999559,0.003161234702498));
#13207=CARTESIAN_POINT('',(-0.000384765657409,0.003050999999559,0.003161234702498));
#13208=CARTESIAN_POINT('',(-0.000384765657409,0.003049999999559,0.003161234702498));
#13209=CARTESIAN_POINT('',(-0.000359595886969,0.003050999999559,0.003151145775725));
#13210=CARTESIAN_POINT('',(-0.000359595886969,0.003049999999559,0.003151145775725));
#13211=CARTESIAN_POINT('',(-0.000339785858877,0.003050999999559,0.003130967922178));
#13212=CARTESIAN_POINT('',(-0.000339785858877,0.003049999999559,0.003130967922178));
#13213=CARTESIAN_POINT('',(-0.000415295170197,0.003049999999559,0.003161234702498));
#13214=CARTESIAN_POINT('',(-0.000384765657409,0.003049999999559,0.003161234702498));
#13215=CARTESIAN_POINT('',(-0.000359595886969,0.003049999999559,0.003151145775725));
#13216=CARTESIAN_POINT('',(-0.000339785858877,0.003049999999559,0.003130967922178));
#13217=CARTESIAN_POINT('',(-0.000415295170197,0.003049999999559,0.003161234702498));
#13218=CARTESIAN_POINT('',(-0.000415295170197,0.003050999999559,0.003161234702498));
#13219=CARTESIAN_POINT('',(-0.000464005769775,0.003050999999559,0.00315282726352));
#13220=CARTESIAN_POINT('',(-0.000464005769775,0.003049999999559,0.00315282726352));
#13221=CARTESIAN_POINT('',(-0.000451184425334,0.003050999999559,0.003158397191844));
#13222=CARTESIAN_POINT('',(-0.000451184425334,0.003049999999559,0.003158397191844));
#13223=CARTESIAN_POINT('',(-0.000434947558807,0.003050999999559,0.003161234702498));
#13224=CARTESIAN_POINT('',(-0.000434947558807,0.003049999999559,0.003161234702498));
#13225=CARTESIAN_POINT('',(-0.000415295170197,0.003050999999559,0.003161234702498));
#13226=CARTESIAN_POINT('',(-0.000415295170197,0.003049999999559,0.003161234702498));
#13227=CARTESIAN_POINT('',(-0.000464005769775,0.003049999999559,0.00315282726352));
#13228=CARTESIAN_POINT('',(-0.000451184425334,0.003049999999559,0.003158397191844));
#13229=CARTESIAN_POINT('',(-0.000434947558807,0.003049999999559,0.003161234702498));
#13230=CARTESIAN_POINT('',(-0.000415295170197,0.003049999999559,0.003161234702498));
#13231=CARTESIAN_POINT('',(-0.000464005769775,0.003049999999559,0.00315282726352));
#13232=CARTESIAN_POINT('',(-0.000464005769775,0.003050999999559,0.00315282726352));
#13233=CARTESIAN_POINT('',(-0.000464005769775,0.003050999999559,0.00315282726352));
#13234=CARTESIAN_POINT('',(-0.000464005769775,0.003049999999559,0.00315282726352));
#13235=CARTESIAN_POINT('',(-0.000416501734974318,0.003050799999559,0.00303673835939974));
#13236=CARTESIAN_POINT('',(-0.000416501734974318,0.003049999999559,0.00303673835939974));
#13237=CARTESIAN_POINT('',(-0.000359543340476,0.003050999999559,0.003114468323184));
#13238=CARTESIAN_POINT('',(-0.000359543340476,0.003049999999559,0.003114468323184));
#13239=CARTESIAN_POINT('',(-0.000373993626218,0.003050999999559,0.003129706806331));
#13240=CARTESIAN_POINT('',(-0.000373993626218,0.003049999999559,0.003129706806331));
#13241=CARTESIAN_POINT('',(-0.000392647631451,0.003050999999559,0.003137273501411));
#13242=CARTESIAN_POINT('',(-0.000392647631451,0.003049999999559,0.003137273501411));
#13243=CARTESIAN_POINT('',(-0.000415557902665,0.003050999999559,0.003137273501411));
#13244=CARTESIAN_POINT('',(-0.000415557902665,0.003049999999559,0.003137273501411));
#13245=CARTESIAN_POINT('',(-0.000359543340476,0.003049999999559,0.003114468323184));
#13246=CARTESIAN_POINT('',(-0.000373993626218,0.003049999999559,0.003129706806331));
#13247=CARTESIAN_POINT('',(-0.000392647631451,0.003049999999559,0.003137273501411));
#13248=CARTESIAN_POINT('',(-0.000415557902665,0.003049999999559,0.003137273501411));
#13249=CARTESIAN_POINT('',(-0.000359543340476,0.003049999999559,0.003114468323184));
#13250=CARTESIAN_POINT('',(-0.000359543340476,0.003050999999559,0.003114468323184));
#13251=CARTESIAN_POINT('',(-0.000337946731601,0.003050999999559,0.003052673646698));
#13252=CARTESIAN_POINT('',(-0.000337946731601,0.003049999999559,0.003052673646698));
#13253=CARTESIAN_POINT('',(-0.000337946731601,0.003050999999559,0.003078526521554));
#13254=CARTESIAN_POINT('',(-0.000337946731601,0.003049999999559,0.003078526521554));
#13255=CARTESIAN_POINT('',(-0.000345145601226,0.003050999999559,0.003099124747049));
#13256=CARTESIAN_POINT('',(-0.000345145601226,0.003049999999559,0.003099124747049));
#13257=CARTESIAN_POINT('',(-0.000359543340476,0.003050999999559,0.003114468323184));
#13258=CARTESIAN_POINT('',(-0.000359543340476,0.003049999999559,0.003114468323184));
#13259=CARTESIAN_POINT('',(-0.000337946731601,0.003049999999559,0.003052673646698));
#13260=CARTESIAN_POINT('',(-0.000337946731601,0.003049999999559,0.003078526521554));
#13261=CARTESIAN_POINT('',(-0.000345145601226,0.003049999999559,0.003099124747049));
#13262=CARTESIAN_POINT('',(-0.000359543340476,0.003049999999559,0.003114468323184));
#13263=CARTESIAN_POINT('',(-0.000421194603074519,0.003050499999559,0.00304782993581921));
#13264=CARTESIAN_POINT('',(-0.000421194603074519,0.003049999999559,0.00304782993581921));
#13265=CARTESIAN_POINT('',(-0.000410933811227,0.003050999999559,0.002972382604459));
#13266=CARTESIAN_POINT('',(-0.000410933811227,0.003049999999559,0.002972382604459));
#13267=CARTESIAN_POINT('',(-0.000389179562872,0.003050999999559,0.002972382604459));
#13268=CARTESIAN_POINT('',(-0.000389179562872,0.003049999999559,0.002972382604459));
#13269=CARTESIAN_POINT('',(-0.000371576487512,0.003050999999559,0.002979634020577));
#13270=CARTESIAN_POINT('',(-0.000371576487512,0.003049999999559,0.002979634020577));
#13271=CARTESIAN_POINT('',(-0.000358124585148,0.003050999999559,0.002994031759827));
#13272=CARTESIAN_POINT('',(-0.000358124585148,0.003049999999559,0.002994031759827));
#13273=CARTESIAN_POINT('',(-0.000410933811227,0.003049999999559,0.002972382604459));
#13274=CARTESIAN_POINT('',(-0.000389179562872,0.003049999999559,0.002972382604459));
#13275=CARTESIAN_POINT('',(-0.000371576487512,0.003049999999559,0.002979634020577));
#13276=CARTESIAN_POINT('',(-0.000358124585148,0.003049999999559,0.002994031759827));
#13277=CARTESIAN_POINT('',(-0.000410933811227,0.003049999999559,0.002972382604459));
#13278=CARTESIAN_POINT('',(-0.000410933811227,0.003050999999559,0.002972382604459));
#13279=CARTESIAN_POINT('',(-0.000464005769775,0.003050999999559,0.002986149785786));
#13280=CARTESIAN_POINT('',(-0.000464005769775,0.003049999999559,0.002986149785786));
#13281=CARTESIAN_POINT('',(-0.000448977472602,0.003050999999559,0.002977006695897));
#13282=CARTESIAN_POINT('',(-0.000448977472602,0.003049999999559,0.002977006695897));
#13283=CARTESIAN_POINT('',(-0.000431269304255,0.003050999999559,0.002972382604459));
#13284=CARTESIAN_POINT('',(-0.000431269304255,0.003049999999559,0.002972382604459));
#13285=CARTESIAN_POINT('',(-0.000410933811227,0.003050999999559,0.002972382604459));
#13286=CARTESIAN_POINT('',(-0.000410933811227,0.003049999999559,0.002972382604459));
#13287=CARTESIAN_POINT('',(-0.000464005769775,0.003049999999559,0.002986149785786));
#13288=CARTESIAN_POINT('',(-0.000448977472602,0.003049999999559,0.002977006695897));
#13289=CARTESIAN_POINT('',(-0.000431269304255,0.003049999999559,0.002972382604459));
#13290=CARTESIAN_POINT('',(-0.000410933811227,0.003049999999559,0.002972382604459));
#13291=CARTESIAN_POINT('',(-0.000464005769775,0.003049999999559,0.002986149785786));
#13292=CARTESIAN_POINT('',(-0.000464005769775,0.003050999999559,0.002986149785786));
#13293=CARTESIAN_POINT('',(-0.000464005769775,0.003050999999559,0.00315282726352));
#13294=CARTESIAN_POINT('',(-0.000464005769775,0.003049999999559,0.002986149785786));
#13295=CARTESIAN_POINT('',(-0.000464005769775,0.003049999999559,0.002960717282878));
#13296=CARTESIAN_POINT('',(-0.000464005769775,0.003050999999559,0.002960717282878));
#13297=CARTESIAN_POINT('',(-0.000407097917194,0.003050999999559,0.002948736682334));
#13298=CARTESIAN_POINT('',(-0.000407097917194,0.003049999999559,0.002948736682334));
#13299=CARTESIAN_POINT('',(-0.000429903095421,0.003050999999559,0.002948736682334));
#13300=CARTESIAN_POINT('',(-0.000429903095421,0.003049999999559,0.002948736682334));
#13301=CARTESIAN_POINT('',(-0.000448872379615,0.003050999999559,0.002952730215848));
#13302=CARTESIAN_POINT('',(-0.000448872379615,0.003049999999559,0.002952730215848));
#13303=CARTESIAN_POINT('',(-0.000464005769775,0.003050999999559,0.002960717282878));
#13304=CARTESIAN_POINT('',(-0.000464005769775,0.003049999999559,0.002960717282878));
#13305=CARTESIAN_POINT('',(-0.000407097917194,0.003049999999559,0.002948736682334));
#13306=CARTESIAN_POINT('',(-0.000429903095421,0.003049999999559,0.002948736682334));
#13307=CARTESIAN_POINT('',(-0.000448872379615,0.003049999999559,0.002952730215848));
#13308=CARTESIAN_POINT('',(-0.000464005769775,0.003049999999559,0.002960717282878));
#13309=CARTESIAN_POINT('',(0.,0.003050999999559,0.005300050847786));
#13310=CARTESIAN_POINT('',(-0.00030168965101,0.003050999999559,0.002975640487063));
#13311=CARTESIAN_POINT('',(-0.00030168965101,0.003050999999559,0.002952204750912));
#13312=CARTESIAN_POINT('',(-0.00030168965101,0.003050999999559,0.002975640487063));
#13313=CARTESIAN_POINT('',(-0.000219822213963,0.003050999999559,0.002975640487063));
#13314=CARTESIAN_POINT('',(-0.000219822213963001,0.003050999999559,0.002975640487063));
#13315=CARTESIAN_POINT('',(-0.000219822213963,0.003050999999559,0.00315776663392));
#13316=CARTESIAN_POINT('',(-0.000219822213963,0.003050999999559,0.00315776663392));
#13317=CARTESIAN_POINT('',(-0.000193286234689,0.003050999999559,0.00315776663392));
#13318=CARTESIAN_POINT('',(-0.000193286234688999,0.003050999999559,0.00315776663392));
#13319=CARTESIAN_POINT('',(-0.000193286234689,0.003050999999559,0.002952204750912));
#13320=CARTESIAN_POINT('',(-0.000193286234689,0.003050999999559,0.002952204750912));
#13321=CARTESIAN_POINT('',(-0.00030168965101,0.003050999999559,0.002952204750912));
#13322=CARTESIAN_POINT('',(-0.00061570749683,0.003050999999559,0.002952204750912));
#13323=CARTESIAN_POINT('',(-0.00030168965101,0.003049999999559,0.002952204750912));
#13324=CARTESIAN_POINT('',(-0.000193286234689,0.00304999999956444,0.002952204750912));
#13325=CARTESIAN_POINT('',(-0.00030168965101,0.003049999999559,0.002952204750912));
#13326=CARTESIAN_POINT('',(-0.00030168965101,0.003050999999559,0.002952204750912));
#13327=CARTESIAN_POINT('',(-0.000193286234689,0.003050999999559,0.002952204750912));
#13328=CARTESIAN_POINT('',(-0.000193286234689,0.003050999999559,0.002952204750912));
#13329=CARTESIAN_POINT('',(-0.000193286234689,0.003049999999559,0.002952204750912));
#13330=CARTESIAN_POINT('',(-0.000193286234689,0.003049999999559,0.00315776663392));
#13331=CARTESIAN_POINT('',(-0.000193286234689,0.003050999999559,0.00315776663392));
#13332=CARTESIAN_POINT('',(-0.000505149674273,0.003050999999559,0.00315776663392));
#13333=CARTESIAN_POINT('',(-0.000193286234689,0.003049999999559,0.00315776663392));
#13334=CARTESIAN_POINT('',(-0.000219822213963,0.003049999999559,0.00315776663392));
#13335=CARTESIAN_POINT('',(-0.000219822213963,0.003050999999559,0.00315776663392));
#13336=CARTESIAN_POINT('',(-0.000219822213963,0.003050999999559,0.00315776663392));
#13337=CARTESIAN_POINT('',(-0.000219822213963,0.003049999999559,0.00315776663392));
#13338=CARTESIAN_POINT('',(-0.000219822213963001,0.003049999999559,0.002975640487063));
#13339=CARTESIAN_POINT('',(-0.000219822213963,0.003050999999559,0.002975640487063));
#13340=CARTESIAN_POINT('',(-0.000531685653546,0.003050999999559,0.002975640487063));
#13341=CARTESIAN_POINT('',(-0.000219822213963,0.003049999999559,0.002975640487063));
#13342=CARTESIAN_POINT('',(-0.00030168965101,0.003049999999559,0.002975640487063));
#13343=CARTESIAN_POINT('',(-0.00030168965101,0.003050999999559,0.002975640487063));
#13344=CARTESIAN_POINT('',(-0.00030168965101,0.003050999999559,0.002975640487063));
#13345=CARTESIAN_POINT('',(-0.00030168965101,0.003049999999559,0.002975640487063));
#13346=CARTESIAN_POINT('',(0.,0.,0.007100050847786));
#13347=CARTESIAN_POINT('',(0.,0.,0.007100050847786));
#13348=CARTESIAN_POINT('',(0.001625,0.,0.007100050847786));
#13349=CARTESIAN_POINT('',(0.,0.,0.005400050847786));
#13350=CARTESIAN_POINT('',(0.,0.,0.005400050847786));
#13351=CARTESIAN_POINT('',(0.001725,0.,0.005400050847786));
#13352=CARTESIAN_POINT('',(0.,0.,0.005400050847786));
#13353=CARTESIAN_POINT('',(0.00175,0.,0.005400050847786));
#13354=CARTESIAN_POINT('',(-0.00305,-0.0015,0.005000050847786));
#13355=CARTESIAN_POINT('',(-0.003,-0.0015,0.005000050847786));
#13356=CARTESIAN_POINT('',(-0.003,-0.0015,0.005000050847786));
#13357=CARTESIAN_POINT('',(-0.003,-0.0015,0.005300050847786));
#13358=CARTESIAN_POINT('',(-0.00305,-0.0015,0.005000050847786));
#13359=CARTESIAN_POINT('',(-0.002,-0.0015,0.005000050847786));
#13360=CARTESIAN_POINT('',(-0.002,-0.0015,0.005000050847786));
#13361=CARTESIAN_POINT('',(-0.002,-0.0015,0.005300050847786));
#13362=CARTESIAN_POINT('',(-0.00305,-0.0015,0.005300050847786));
#13363=CARTESIAN_POINT('',(-0.0015,-0.00305,0.001800050847786));
#13364=CARTESIAN_POINT('',(-0.0015,-0.003,0.005000050847786));
#13365=CARTESIAN_POINT('',(-0.0015,-0.003,0.005300050847786));
#13366=CARTESIAN_POINT('',(-0.0015,-0.003,0.005000050847786));
#13367=CARTESIAN_POINT('',(-0.0015,-0.00305,0.005300050847786));
#13368=CARTESIAN_POINT('',(-0.0015,-0.002,0.005300050847786));
#13369=CARTESIAN_POINT('',(-0.0015,-0.002,0.005000050847786));
#13370=CARTESIAN_POINT('',(-0.0015,-0.002,0.005000050847786));
#13371=CARTESIAN_POINT('',(-0.0015,-0.00305,0.005000050847786));
#13372=CARTESIAN_POINT('',(0.,0.,0.005000050847786));
#13373=CARTESIAN_POINT('',(-0.003,0.,0.005000050847786));
#13374=CARTESIAN_POINT('',(-0.003,-0.003,0.005000050847786));
#13375=CARTESIAN_POINT('',(4.336808689942E-19,-0.003,0.005000050847786));
#13376=CARTESIAN_POINT('',(0.,0.,0.005000050847786));
#13377=CARTESIAN_POINT('',(-0.0024,-0.0024,0.005000050847786));
#13378=CARTESIAN_POINT('',(-0.0029,-0.0024,0.005000050847786));
#13379=CARTESIAN_POINT('',(0.0015,-0.00305,0.001800050847786));
#13380=CARTESIAN_POINT('',(0.0015,-0.003,0.005000050847786));
#13381=CARTESIAN_POINT('',(0.0015,-0.003,0.005000050847786));
#13382=CARTESIAN_POINT('',(0.0015,-0.003,0.005300050847786));
#13383=CARTESIAN_POINT('',(0.0015,-0.00305,0.005000050847786));
#13384=CARTESIAN_POINT('',(0.0015,-0.002,0.005000050847786));
#13385=CARTESIAN_POINT('',(0.0015,-0.002,0.005000050847786));
#13386=CARTESIAN_POINT('',(0.0015,-0.002,0.005300050847786));
#13387=CARTESIAN_POINT('',(0.0015,-0.00305,0.005300050847786));
#13388=CARTESIAN_POINT('',(-0.00305,-0.0015,0.005000050847786));
#13389=CARTESIAN_POINT('',(0.003,-0.0015,0.005000050847786));
#13390=CARTESIAN_POINT('',(0.003,-0.0015,0.005300050847786));
#13391=CARTESIAN_POINT('',(0.003,-0.0015,0.005000050847786));
#13392=CARTESIAN_POINT('',(0.00305,-0.0015,0.005300050847786));
#13393=CARTESIAN_POINT('',(0.002,-0.0015,0.005300050847786));
#13394=CARTESIAN_POINT('',(0.002,-0.0015,0.005000050847786));
#13395=CARTESIAN_POINT('',(0.002,-0.0015,0.005000050847786));
#13396=CARTESIAN_POINT('',(0.00305,-0.0015,0.005000050847786));
#13397=CARTESIAN_POINT('',(0.,0.,0.005000050847786));
#13398=CARTESIAN_POINT('',(4.336808689942E-19,-0.003,0.005000050847786));
#13399=CARTESIAN_POINT('',(0.003,-0.003,0.005000050847786));
#13400=CARTESIAN_POINT('',(0.003,0.,0.005000050847786));
#13401=CARTESIAN_POINT('',(0.,0.,0.005000050847786));
#13402=CARTESIAN_POINT('',(0.0024,-0.0024,0.005000050847786));
#13403=CARTESIAN_POINT('',(0.0019,-0.0024,0.005000050847786));
#13404=CARTESIAN_POINT('',(-0.00305,0.0015,0.005000050847786));
#13405=CARTESIAN_POINT('',(0.003,0.0015,0.005000050847786));
#13406=CARTESIAN_POINT('',(0.003,0.0015,0.005000050847786));
#13407=CARTESIAN_POINT('',(0.003,0.0015,0.005300050847786));
#13408=CARTESIAN_POINT('',(0.00305,0.0015,0.005000050847786));
#13409=CARTESIAN_POINT('',(0.002,0.0015,0.005000050847786));
#13410=CARTESIAN_POINT('',(0.002,0.0015,0.005000050847786));
#13411=CARTESIAN_POINT('',(0.002,0.0015,0.005300050847786));
#13412=CARTESIAN_POINT('',(0.00305,0.0015,0.005300050847786));
#13413=CARTESIAN_POINT('',(0.0015,-0.00305,0.001800050847786));
#13414=CARTESIAN_POINT('',(0.0015,0.003,0.005000050847786));
#13415=CARTESIAN_POINT('',(0.0015,0.003,0.005300050847786));
#13416=CARTESIAN_POINT('',(0.0015,0.003,0.005000050847786));
#13417=CARTESIAN_POINT('',(0.0015,0.00305,0.005300050847786));
#13418=CARTESIAN_POINT('',(0.0015,0.002,0.005300050847786));
#13419=CARTESIAN_POINT('',(0.0015,0.002,0.005000050847786));
#13420=CARTESIAN_POINT('',(0.0015,0.002,0.005000050847786));
#13421=CARTESIAN_POINT('',(0.0015,0.00305,0.005000050847786));
#13422=CARTESIAN_POINT('',(0.,0.,0.005000050847786));
#13423=CARTESIAN_POINT('',(0.003,0.,0.005000050847786));
#13424=CARTESIAN_POINT('',(0.003,0.003,0.005000050847786));
#13425=CARTESIAN_POINT('',(-4.336808689942E-19,0.003,0.005000050847786));
#13426=CARTESIAN_POINT('',(0.,0.,0.005000050847786));
#13427=CARTESIAN_POINT('',(0.0024,0.0024,0.005000050847786));
#13428=CARTESIAN_POINT('',(0.0029,0.0024,0.005000050847786));
#13429=CARTESIAN_POINT('',(-0.0015,-0.00305,0.001800050847786));
#13430=CARTESIAN_POINT('',(-0.0015,0.003,0.005000050847786));
#13431=CARTESIAN_POINT('',(-0.0015,0.003,0.005000050847786));
#13432=CARTESIAN_POINT('',(-0.0015,0.003,0.005300050847786));
#13433=CARTESIAN_POINT('',(-0.0015,0.00305,0.005000050847786));
#13434=CARTESIAN_POINT('',(-0.0015,0.002,0.005000050847786));
#13435=CARTESIAN_POINT('',(-0.0015,0.002,0.005000050847786));
#13436=CARTESIAN_POINT('',(-0.0015,0.002,0.005300050847786));
#13437=CARTESIAN_POINT('',(-0.0015,0.00305,0.005300050847786));
#13438=CARTESIAN_POINT('',(-0.00305,0.0015,0.005000050847786));
#13439=CARTESIAN_POINT('',(-0.003,0.0015,0.005000050847786));
#13440=CARTESIAN_POINT('',(-0.003,0.0015,0.005300050847786));
#13441=CARTESIAN_POINT('',(-0.003,0.0015,0.005000050847786));
#13442=CARTESIAN_POINT('',(-0.00305,0.0015,0.005300050847786));
#13443=CARTESIAN_POINT('',(-0.002,0.0015,0.005300050847786));
#13444=CARTESIAN_POINT('',(-0.002,0.0015,0.005000050847786));
#13445=CARTESIAN_POINT('',(-0.002,0.0015,0.005000050847786));
#13446=CARTESIAN_POINT('',(-0.00305,0.0015,0.005000050847786));
#13447=CARTESIAN_POINT('',(0.,0.,0.005000050847786));
#13448=CARTESIAN_POINT('',(-4.336808689942E-19,0.003,0.005000050847786));
#13449=CARTESIAN_POINT('',(-0.003,0.003,0.005000050847786));
#13450=CARTESIAN_POINT('',(-0.003,0.,0.005000050847786));
#13451=CARTESIAN_POINT('',(0.,0.,0.005000050847786));
#13452=CARTESIAN_POINT('',(-0.0024,0.0024,0.005000050847786));
#13453=CARTESIAN_POINT('',(-0.0019,0.0024,0.005000050847786));
#13454=CARTESIAN_POINT('',(0.,0.,0.005000050847786));
#13455=CARTESIAN_POINT('',(0.,0.,0.005300050847786));
#13456=CARTESIAN_POINT('',(0.,0.,0.005000050847786));
#13457=CARTESIAN_POINT('',(0.,0.,0.005300050847786));
#13458=CARTESIAN_POINT('',(0.,0.,0.005000050847786));
#13459=CARTESIAN_POINT('',(0.,0.,0.005300050847786));
#13460=CARTESIAN_POINT('',(0.,0.,0.005000050847786));
#13461=CARTESIAN_POINT('',(0.,0.,0.005300050847786));
#13462=CARTESIAN_POINT('',(0.,0.,0.005300050847786));
#13463=CARTESIAN_POINT('',(-0.0024,-0.0024,0.005300050847786));
#13464=CARTESIAN_POINT('',(-0.0027,-0.0024,0.005300050847786));
#13465=CARTESIAN_POINT('',(0.,0.,0.005300050847786));
#13466=CARTESIAN_POINT('',(0.0024,-0.0024,0.005300050847786));
#13467=CARTESIAN_POINT('',(0.0021,-0.0024,0.005300050847786));
#13468=CARTESIAN_POINT('',(0.,0.,0.005300050847786));
#13469=CARTESIAN_POINT('',(0.0024,0.0024,0.005300050847786));
#13470=CARTESIAN_POINT('',(0.0027,0.0024,0.005300050847786));
#13471=CARTESIAN_POINT('',(0.,0.,0.005300050847786));
#13472=CARTESIAN_POINT('',(-0.0024,0.0024,0.005300050847786));
#13473=CARTESIAN_POINT('',(-0.0021,0.0024,0.005300050847786));
#13474=CARTESIAN_POINT('',(0.003,-0.003,-0.00437665188269));
#13475=CARTESIAN_POINT('',(0.003,-0.003,0.005300050847786));
#13476=CARTESIAN_POINT('',(0.003,-0.003,-0.00437665188269));
#13477=CARTESIAN_POINT('',(0.003,-0.003,0.004250050847786));
#13478=CARTESIAN_POINT('',(0.003,-0.003,0.004250050847786));
#13479=CARTESIAN_POINT('',(0.003,-0.002,0.004250050847786));
#13480=CARTESIAN_POINT('',(0.003,-0.002,0.004250050847786));
#13481=CARTESIAN_POINT('',(0.003,0.002,0.004250050847786));
#13482=CARTESIAN_POINT('',(0.003,-0.003,0.004250050847786));
#13483=CARTESIAN_POINT('',(0.003,0.003,0.004250050847786));
#13484=CARTESIAN_POINT('',(0.003,0.003,-0.00437665188269));
#13485=CARTESIAN_POINT('',(-0.00285,0.002,0.004250050847786));
#13486=CARTESIAN_POINT('',(0.002,0.00285,0.004250050847786));
#13487=CARTESIAN_POINT('',(0.002,0.00305,0.004250050847786));
#13488=CARTESIAN_POINT('',(0.002,0.003,0.004250050847786));
#13489=CARTESIAN_POINT('',(0.003,0.003,0.004250050847786));
#13490=CARTESIAN_POINT('',(0.00285,0.002,0.004250050847786));
#13491=CARTESIAN_POINT('',(0.00305,0.002,0.004250050847786));
#13492=CARTESIAN_POINT('',(0.00305,0.00305,0.004250050847786));
#13493=CARTESIAN_POINT('',(0.00305,0.00305,0.004250050847786));
#13494=CARTESIAN_POINT('',(-0.00305,0.00305,0.004250050847786));
#13495=CARTESIAN_POINT('',(-0.00285,0.002,0.004250050847786));
#13496=CARTESIAN_POINT('',(-0.002,0.00285,0.004250050847786));
#13497=CARTESIAN_POINT('',(-0.002,0.003,0.004250050847786));
#13498=CARTESIAN_POINT('',(-0.002,0.00305,0.004250050847786));
#13499=CARTESIAN_POINT('',(-0.00305,0.00305,0.004250050847786));
#13500=CARTESIAN_POINT('',(-0.00305,0.00305,0.004250050847786));
#13501=CARTESIAN_POINT('',(-0.00305,0.00305,0.004250050847786));
#13502=CARTESIAN_POINT('',(-0.00305,0.002,0.004250050847786));
#13503=CARTESIAN_POINT('',(-0.00285,0.002,0.004250050847786));
#13504=CARTESIAN_POINT('',(-0.003,0.002,0.004250050847786));
#13505=CARTESIAN_POINT('',(-0.003,-0.003,0.004250050847786));
#13506=CARTESIAN_POINT('',(-0.003,0.003,0.004250050847786));
#13507=CARTESIAN_POINT('',(0.003,0.003,0.004250050847786));
#13508=CARTESIAN_POINT('',(-0.00285,0.002,0.004250050847786));
#13509=CARTESIAN_POINT('',(-0.002,-0.00285,0.004250050847786));
#13510=CARTESIAN_POINT('',(-0.002,-0.00305,0.004250050847786));
#13511=CARTESIAN_POINT('',(-0.002,-0.003,0.004250050847786));
#13512=CARTESIAN_POINT('',(0.003,-0.003,0.004250050847786));
#13513=CARTESIAN_POINT('',(-0.003,-0.003,0.004250050847786));
#13514=CARTESIAN_POINT('',(-0.003,-0.003,0.004250050847786));
#13515=CARTESIAN_POINT('',(-0.003,-0.002,0.004250050847786));
#13516=CARTESIAN_POINT('',(-0.00285,-0.002,0.004250050847786));
#13517=CARTESIAN_POINT('',(-0.00305,-0.002,0.004250050847786));
#13518=CARTESIAN_POINT('',(-0.00305,0.00305,0.004250050847786));
#13519=CARTESIAN_POINT('',(-0.00305,-0.00305,0.004250050847786));
#13520=CARTESIAN_POINT('',(-0.00305,-0.00305,0.004250050847786));
#13521=CARTESIAN_POINT('',(-0.00285,0.002,0.004250050847786));
#13522=CARTESIAN_POINT('',(0.002,-0.00285,0.004250050847786));
#13523=CARTESIAN_POINT('',(0.002,-0.003,0.004250050847786));
#13524=CARTESIAN_POINT('',(0.002,-0.00305,0.004250050847786));
#13525=CARTESIAN_POINT('',(-0.00305,-0.00305,0.004250050847786));
#13526=CARTESIAN_POINT('',(0.00305,-0.00305,0.004250050847786));
#13527=CARTESIAN_POINT('',(0.00305,0.00305,0.004250050847786));
#13528=CARTESIAN_POINT('',(0.00305,-0.002,0.004250050847786));
#13529=CARTESIAN_POINT('',(0.00285,-0.002,0.004250050847786));
#13530=CARTESIAN_POINT('',(0.003,-0.003,0.004250050847786));
#13531=CARTESIAN_POINT('',(-0.003,-0.003,-0.00437665188269));
#13532=CARTESIAN_POINT('',(-0.003,0.003,-0.00437665188269));
#13533=CARTESIAN_POINT('',(-0.003,-0.003,0.004250050847786));
#13534=CARTESIAN_POINT('',(-0.003,-0.003,-0.00437665188269));
#13535=CARTESIAN_POINT('',(-0.003,-0.003,0.005300050847786));
#13536=CARTESIAN_POINT('',(0.003,0.003,-0.00437665188269));
#13537=CARTESIAN_POINT('',(0.003,0.003,0.005300050847786));
#13538=CARTESIAN_POINT('',(0.003,0.003,0.004250050847786));
#13539=CARTESIAN_POINT('',(0.003,-0.003,-0.00437665188269));
#13540=CARTESIAN_POINT('',(0.003,-0.003,0.005300050847786));
#13541=CARTESIAN_POINT('',(0.003,-0.003,0.004250050847786));
#13542=CARTESIAN_POINT('',(-0.0024,-0.0004,0.001820050847786));
#13543=CARTESIAN_POINT('',(-0.00252,-0.0004,0.001820050847786));
#13544=CARTESIAN_POINT('',(-0.00252,-0.0004,0.001800050847786));
#13545=CARTESIAN_POINT('',(-0.0025,-0.0004,0.001820050847786));
#13546=CARTESIAN_POINT('',(-0.0024,-0.0004,0.001820050847786));
#13547=CARTESIAN_POINT('',(-0.0024,-0.0005,0.001820050847786));
#13548=CARTESIAN_POINT('',(-0.0024,-0.00052,0.001820050847786));
#13549=CARTESIAN_POINT('',(-0.0024,-0.00052,0.001800050847786));
#13550=CARTESIAN_POINT('',(-0.0024,-0.0004,0.001800050847786));
#13551=CARTESIAN_POINT('',(-0.0025,-0.00052,0.001820050847786));
#13552=CARTESIAN_POINT('',(0.0024,-0.00052,0.001820050847786));
#13553=CARTESIAN_POINT('',(0.0024,-0.0005,0.001820050847786));
#13554=CARTESIAN_POINT('',(0.0024,-0.00052,0.001800050847786));
#13555=CARTESIAN_POINT('',(-7.892991815694E-20,-0.00052,0.001800050847786));
#13556=CARTESIAN_POINT('',(-0.0025,-0.0005,0.001820050847786));
#13557=CARTESIAN_POINT('',(-0.00252,-0.0005,0.001820050847786));
#13558=CARTESIAN_POINT('',(-0.00252,0.0004,0.001820050847786));
#13559=CARTESIAN_POINT('',(-0.00252,0.0004,0.001800050847786));
#13560=CARTESIAN_POINT('',(-0.0025,0.0004,0.001820050847786));
#13561=CARTESIAN_POINT('',(-0.0025,-0.0005,0.001820050847786));
#13562=CARTESIAN_POINT('',(-0.00252,0.,0.001800050847786));
#13563=CARTESIAN_POINT('',(0.0024,-0.0004,0.001820050847786));
#13564=CARTESIAN_POINT('',(0.00252,-0.0004,0.001820050847786));
#13565=CARTESIAN_POINT('',(0.0025,-0.0004,0.001820050847786));
#13566=CARTESIAN_POINT('',(0.00252,-0.0004,0.001800050847786));
#13567=CARTESIAN_POINT('',(0.0024,-0.0004,0.001800050847786));
#13568=CARTESIAN_POINT('',(0.0024,-0.0004,0.001820050847786));
#13569=CARTESIAN_POINT('',(-0.0024,0.0004,0.001820050847786));
#13570=CARTESIAN_POINT('',(-0.0024,0.00052,0.001820050847786));
#13571=CARTESIAN_POINT('',(-0.0024,0.00052,0.001800050847786));
#13572=CARTESIAN_POINT('',(-0.0024,0.0005,0.001820050847786));
#13573=CARTESIAN_POINT('',(-0.0024,0.0004,0.001820050847786));
#13574=CARTESIAN_POINT('',(-0.0024,0.0004,0.001800050847786));
#13575=CARTESIAN_POINT('',(0.00252,-0.0005,0.001820050847786));
#13576=CARTESIAN_POINT('',(0.00252,0.0004,0.001820050847786));
#13577=CARTESIAN_POINT('',(0.0025,0.0004,0.001820050847786));
#13578=CARTESIAN_POINT('',(0.00252,0.0004,0.001800050847786));
#13579=CARTESIAN_POINT('',(0.00252,0.,0.001800050847786));
#13580=CARTESIAN_POINT('',(0.0025,-0.0005,0.001820050847786));
#13581=CARTESIAN_POINT('',(-0.0025,0.00052,0.001820050847786));
#13582=CARTESIAN_POINT('',(0.0024,0.00052,0.001820050847786));
#13583=CARTESIAN_POINT('',(0.0024,0.00052,0.001800050847786));
#13584=CARTESIAN_POINT('',(0.0024,0.0005,0.001820050847786));
#13585=CARTESIAN_POINT('',(-0.0025,0.0005,0.001820050847786));
#13586=CARTESIAN_POINT('',(6.76542155631E-20,0.00052,0.001800050847786));
#13587=CARTESIAN_POINT('',(0.0024,0.0004,0.001820050847786));
#13588=CARTESIAN_POINT('',(0.0024,0.0004,0.001820050847786));
#13589=CARTESIAN_POINT('',(0.0024,0.0004,0.001800050847786));
#13590=CARTESIAN_POINT('',(0.,0.00068,0.001780050847786));
#13591=CARTESIAN_POINT('',(-0.00302,0.00068,0.001780050847786));
#13592=CARTESIAN_POINT('',(-0.00302,0.00068,0.001800050847786));
#13593=CARTESIAN_POINT('',(-0.003,0.0007,0.001780050847786));
#13594=CARTESIAN_POINT('',(-0.003,0.0007,0.001780050847786));
#13595=CARTESIAN_POINT('',(0.003,0.0007,0.001780050847786));
#13596=CARTESIAN_POINT('',(0.00302,0.00068,0.001780050847786));
#13597=CARTESIAN_POINT('',(0.00302,0.00068,0.001800050847786));
#13598=CARTESIAN_POINT('',(0.003,0.00068,0.001800050847786));
#13599=CARTESIAN_POINT('',(0.00302,-0.003,0.001780050847786));
#13600=CARTESIAN_POINT('',(0.00302,0.00147,0.001780050847786));
#13601=CARTESIAN_POINT('',(0.003,0.00145,0.001780050847786));
#13602=CARTESIAN_POINT('',(0.00302,0.00147,0.001800050847786));
#13603=CARTESIAN_POINT('',(0.00302,0.,0.001800050847786));
#13604=CARTESIAN_POINT('',(0.003,-0.003,0.001780050847786));
#13605=CARTESIAN_POINT('',(-0.00302,-0.003,0.001780050847786));
#13606=CARTESIAN_POINT('',(-0.00302,0.00147,0.001780050847786));
#13607=CARTESIAN_POINT('',(-0.00302,0.00147,0.001800050847786));
#13608=CARTESIAN_POINT('',(-0.003,0.00145,0.001780050847786));
#13609=CARTESIAN_POINT('',(-0.003,-0.003,0.001780050847786));
#13610=CARTESIAN_POINT('',(-0.00302,0.,0.001800050847786));
#13611=CARTESIAN_POINT('',(0.,0.00147,0.001780050847786));
#13612=CARTESIAN_POINT('',(0.00257,0.00147,0.001780050847786));
#13613=CARTESIAN_POINT('',(0.00255,0.00145,0.001780050847786));
#13614=CARTESIAN_POINT('',(0.00257,0.00147,0.001800050847786));
#13615=CARTESIAN_POINT('',(0.00255,0.00147,0.001800050847786));
#13616=CARTESIAN_POINT('',(0.003,0.00145,0.001780050847786));
#13617=CARTESIAN_POINT('',(0.,0.00147,0.001780050847786));
#13618=CARTESIAN_POINT('',(-0.00257,0.00147,0.001780050847786));
#13619=CARTESIAN_POINT('',(-0.00257,0.00147,0.001800050847786));
#13620=CARTESIAN_POINT('',(-0.00255,0.00145,0.001780050847786));
#13621=CARTESIAN_POINT('',(-0.00305,0.00145,0.001780050847786));
#13622=CARTESIAN_POINT('',(0.,0.00147,0.001800050847786));
#13623=CARTESIAN_POINT('',(0.00257,6.965998958219E-19,0.001780050847786));
#13624=CARTESIAN_POINT('',(0.00257,0.00302,0.001780050847786));
#13625=CARTESIAN_POINT('',(0.00255,0.003,0.001780050847786));
#13626=CARTESIAN_POINT('',(0.00257,0.00302,0.001800050847786));
#13627=CARTESIAN_POINT('',(0.00257,-6.965998958219E-19,0.001800050847786));
#13628=CARTESIAN_POINT('',(0.00255,0.00305,0.001780050847786));
#13629=CARTESIAN_POINT('',(-0.00257,-0.00305,0.001780050847786));
#13630=CARTESIAN_POINT('',(-0.00257,0.00302,0.001780050847786));
#13631=CARTESIAN_POINT('',(-0.00257,0.00302,0.001800050847786));
#13632=CARTESIAN_POINT('',(-0.00255,0.003,0.001780050847786));
#13633=CARTESIAN_POINT('',(-0.00255,0.003,0.001780050847786));
#13634=CARTESIAN_POINT('',(-0.00257,0.00145,0.001800050847786));
#13635=CARTESIAN_POINT('',(-0.003,0.00302,0.001780050847786));
#13636=CARTESIAN_POINT('',(0.00148,0.00302,0.001780050847786));
#13637=CARTESIAN_POINT('',(0.0015,0.003,0.001780050847786));
#13638=CARTESIAN_POINT('',(0.00148,0.00302,0.001800050847786));
#13639=CARTESIAN_POINT('',(4.365720747875E-19,0.00302,0.001800050847786));
#13640=CARTESIAN_POINT('',(-0.003,0.003,0.001780050847786));
#13641=CARTESIAN_POINT('',(-0.003,0.00302,0.001780050847786));
#13642=CARTESIAN_POINT('',(-0.00148,0.00302,0.001780050847786));
#13643=CARTESIAN_POINT('',(-0.00148,0.00302,0.001800050847786));
#13644=CARTESIAN_POINT('',(-0.0015,0.003,0.001780050847786));
#13645=CARTESIAN_POINT('',(-0.003,0.003,0.001780050847786));
#13646=CARTESIAN_POINT('',(4.365720747875E-19,0.00302,0.001800050847786));
#13647=CARTESIAN_POINT('',(0.00148,-0.00305,0.001780050847786));
#13648=CARTESIAN_POINT('',(0.00148,0.00147,0.001780050847786));
#13649=CARTESIAN_POINT('',(0.0015,0.00145,0.001780050847786));
#13650=CARTESIAN_POINT('',(0.00148,0.00147,0.001800050847786));
#13651=CARTESIAN_POINT('',(0.00148,0.00145,0.001800050847786));
#13652=CARTESIAN_POINT('',(0.0015,0.003,0.001780050847786));
#13653=CARTESIAN_POINT('',(-0.00148,-2.005774019098E-19,0.001780050847786));
#13654=CARTESIAN_POINT('',(-0.00148,0.00147,0.001780050847786));
#13655=CARTESIAN_POINT('',(-0.00148,0.00147,0.001800050847786));
#13656=CARTESIAN_POINT('',(-0.0015,0.00145,0.001780050847786));
#13657=CARTESIAN_POINT('',(-0.0015,0.00305,0.001780050847786));
#13658=CARTESIAN_POINT('',(-0.00148,2.005774019098E-19,0.001800050847786));
#13659=CARTESIAN_POINT('',(0.,0.00147,0.001780050847786));
#13660=CARTESIAN_POINT('',(0.0015,0.00145,0.001780050847786));
#13661=CARTESIAN_POINT('',(-0.0015,0.00147,0.001800050847786));
#13662=CARTESIAN_POINT('',(0.0015,-0.00147,0.001780050847786));
#13663=CARTESIAN_POINT('',(-0.00302,-0.00147,0.001780050847786));
#13664=CARTESIAN_POINT('',(-0.00302,-0.00147,0.001800050847786));
#13665=CARTESIAN_POINT('',(-0.003,-0.00145,0.001780050847786));
#13666=CARTESIAN_POINT('',(-0.003,-0.00145,0.001780050847786));
#13667=CARTESIAN_POINT('',(-0.00255,-0.00145,0.001780050847786));
#13668=CARTESIAN_POINT('',(-0.00257,-0.00147,0.001780050847786));
#13669=CARTESIAN_POINT('',(-0.00257,-0.00147,0.001800050847786));
#13670=CARTESIAN_POINT('',(-0.00255,-0.00147,0.001800050847786));
#13671=CARTESIAN_POINT('',(-0.00257,-0.00305,0.001780050847786));
#13672=CARTESIAN_POINT('',(-0.00257,-0.00302,0.001780050847786));
#13673=CARTESIAN_POINT('',(-0.00255,-0.003,0.001780050847786));
#13674=CARTESIAN_POINT('',(-0.00257,-0.00302,0.001800050847786));
#13675=CARTESIAN_POINT('',(-0.00257,-6.965998958219E-19,0.001800050847786));
#13676=CARTESIAN_POINT('',(-0.00255,-0.00305,0.001780050847786));
#13677=CARTESIAN_POINT('',(-0.00302,-0.003,0.001780050847786));
#13678=CARTESIAN_POINT('',(-0.00302,-0.00068,0.001780050847786));
#13679=CARTESIAN_POINT('',(-0.00302,-0.00068,0.001800050847786));
#13680=CARTESIAN_POINT('',(-0.003,-0.0007,0.001780050847786));
#13681=CARTESIAN_POINT('',(-0.003,-0.003,0.001780050847786));
#13682=CARTESIAN_POINT('',(-0.00302,0.,0.001800050847786));
#13683=CARTESIAN_POINT('',(-0.003,-0.00302,0.001780050847786));
#13684=CARTESIAN_POINT('',(-0.00148,-0.00302,0.001780050847786));
#13685=CARTESIAN_POINT('',(-0.0015,-0.003,0.001780050847786));
#13686=CARTESIAN_POINT('',(-0.00148,-0.00302,0.001800050847786));
#13687=CARTESIAN_POINT('',(-4.365720747875E-19,-0.00302,0.001800050847786));
#13688=CARTESIAN_POINT('',(-0.003,-0.003,0.001780050847786));
#13689=CARTESIAN_POINT('',(-0.00305,-0.00068,0.001780050847786));
#13690=CARTESIAN_POINT('',(0.00302,-0.00068,0.001780050847786));
#13691=CARTESIAN_POINT('',(0.00302,-0.00068,0.001800050847786));
#13692=CARTESIAN_POINT('',(0.003,-0.0007,0.001780050847786));
#13693=CARTESIAN_POINT('',(-0.00305,-0.0007,0.001780050847786));
#13694=CARTESIAN_POINT('',(0.,-0.00068,0.001800050847786));
#13695=CARTESIAN_POINT('',(-0.00148,-2.005774019098E-19,0.001780050847786));
#13696=CARTESIAN_POINT('',(-0.00148,-0.00147,0.001780050847786));
#13697=CARTESIAN_POINT('',(-0.0015,-0.00145,0.001780050847786));
#13698=CARTESIAN_POINT('',(-0.00148,-0.00147,0.001800050847786));
#13699=CARTESIAN_POINT('',(-0.00148,-0.00145,0.001800050847786));
#13700=CARTESIAN_POINT('',(-0.0015,-0.003,0.001780050847786));
#13701=CARTESIAN_POINT('',(0.00302,-0.003,0.001780050847786));
#13702=CARTESIAN_POINT('',(0.00302,-0.00147,0.001780050847786));
#13703=CARTESIAN_POINT('',(0.00302,-0.00147,0.001800050847786));
#13704=CARTESIAN_POINT('',(0.003,-0.00145,0.001780050847786));
#13705=CARTESIAN_POINT('',(0.003,-0.003,0.001780050847786));
#13706=CARTESIAN_POINT('',(0.00302,0.,0.001800050847786));
#13707=CARTESIAN_POINT('',(0.0015,-0.00147,0.001780050847786));
#13708=CARTESIAN_POINT('',(0.00148,-0.00147,0.001780050847786));
#13709=CARTESIAN_POINT('',(0.0015,-0.00145,0.001780050847786));
#13710=CARTESIAN_POINT('',(0.00148,-0.00147,0.001800050847786));
#13711=CARTESIAN_POINT('',(0.,-0.00147,0.001800050847786));
#13712=CARTESIAN_POINT('',(0.0015,-0.00145,0.001780050847786));
#13713=CARTESIAN_POINT('',(0.0015,-0.00147,0.001780050847786));
#13714=CARTESIAN_POINT('',(0.00257,-0.00147,0.001780050847786));
#13715=CARTESIAN_POINT('',(0.00257,-0.00147,0.001800050847786));
#13716=CARTESIAN_POINT('',(0.00255,-0.00145,0.001780050847786));
#13717=CARTESIAN_POINT('',(0.00305,-0.00145,0.001780050847786));
#13718=CARTESIAN_POINT('',(0.,-0.00147,0.001800050847786));
#13719=CARTESIAN_POINT('',(0.00148,-0.00305,0.001780050847786));
#13720=CARTESIAN_POINT('',(0.00148,-0.00302,0.001780050847786));
#13721=CARTESIAN_POINT('',(0.0015,-0.003,0.001780050847786));
#13722=CARTESIAN_POINT('',(0.00148,-0.00302,0.001800050847786));
#13723=CARTESIAN_POINT('',(0.00148,2.005774019098E-19,0.001800050847786));
#13724=CARTESIAN_POINT('',(0.0015,-0.00305,0.001780050847786));
#13725=CARTESIAN_POINT('',(0.00257,6.965998958219E-19,0.001780050847786));
#13726=CARTESIAN_POINT('',(0.00257,-0.00302,0.001780050847786));
#13727=CARTESIAN_POINT('',(0.00257,-0.00302,0.001800050847786));
#13728=CARTESIAN_POINT('',(0.00255,-0.003,0.001780050847786));
#13729=CARTESIAN_POINT('',(0.00255,-0.003,0.001780050847786));
#13730=CARTESIAN_POINT('',(0.00257,-0.00145,0.001800050847786));
#13731=CARTESIAN_POINT('',(-0.003,-0.00302,0.001780050847786));
#13732=CARTESIAN_POINT('',(-0.003,-0.003,0.001780050847786));
#13733=CARTESIAN_POINT('',(-4.365720747875E-19,-0.00302,0.001800050847786));
#13734=CARTESIAN_POINT('',(-0.00303,0.00305,0.001820050847786));
#13735=CARTESIAN_POINT('',(-0.00303,0.00303,0.001820050847786));
#13736=CARTESIAN_POINT('',(-0.00305,0.00305,0.001820050847786));
#13737=CARTESIAN_POINT('',(-0.00303,0.00303,0.001800050847786));
#13738=CARTESIAN_POINT('',(-0.00303,0.00305,0.001800050847786));
#13739=CARTESIAN_POINT('',(-0.00303,-0.00303,0.001800050847786));
#13740=CARTESIAN_POINT('',(-0.00303,-0.00303,0.001820050847786));
#13741=CARTESIAN_POINT('',(-0.00305,-0.00305,0.001820050847786));
#13742=CARTESIAN_POINT('',(-0.00305,-0.00305,0.001820050847786));
#13743=CARTESIAN_POINT('',(0.,-0.00303,0.001820050847786));
#13744=CARTESIAN_POINT('',(0.00303,-0.00303,0.001820050847786));
#13745=CARTESIAN_POINT('',(0.00303,-0.00303,0.001800050847786));
#13746=CARTESIAN_POINT('',(0.00305,-0.00305,0.001820050847786));
#13747=CARTESIAN_POINT('',(0.00305,-0.00305,0.001820050847786));
#13748=CARTESIAN_POINT('',(-0.00305,-0.00303,0.001800050847786));
#13749=CARTESIAN_POINT('',(-0.00305,0.00303,0.001820050847786));
#13750=CARTESIAN_POINT('',(0.00303,0.00303,0.001820050847786));
#13751=CARTESIAN_POINT('',(0.00305,0.00305,0.001820050847786));
#13752=CARTESIAN_POINT('',(0.00303,0.00303,0.001800050847786));
#13753=CARTESIAN_POINT('',(0.00305,0.00303,0.001800050847786));
#13754=CARTESIAN_POINT('',(-0.00305,0.00305,0.001820050847786));
#13755=CARTESIAN_POINT('',(0.00303,0.00305,0.001820050847786));
#13756=CARTESIAN_POINT('',(0.00303,-0.00305,0.001800050847786));
#13757=CARTESIAN_POINT('',(0.00305,0.00305,0.001820050847786));
#13758=CARTESIAN_POINT('',(0.,0.,0.001850050847786));
#13759=CARTESIAN_POINT('',(-0.0005,0.0005,0.001850050847786));
#13760=CARTESIAN_POINT('',(-0.0005,0.0005,0.001850050847786));
#13761=CARTESIAN_POINT('',(-0.0005,-0.0005,0.001850050847786));
#13762=CARTESIAN_POINT('',(-0.0005,-0.0005,0.001850050847786));
#13763=CARTESIAN_POINT('',(-0.0013,-0.0005,0.001850050847786));
#13764=CARTESIAN_POINT('',(-0.0013,0.0005,0.001850050847786));
#13765=CARTESIAN_POINT('',(-0.0013,0.0005,0.001850050847786));
#13766=CARTESIAN_POINT('',(-0.0005,0.0005,0.001850050847786));
#13767=CARTESIAN_POINT('',(-0.0013,0.0005,0.001850050847786));
#13768=CARTESIAN_POINT('',(-0.0013,0.0005,0.001900050847786));
#13769=CARTESIAN_POINT('',(-0.0013,-0.0005,0.001900050847786));
#13770=CARTESIAN_POINT('',(-0.0013,0.0005,0.001900050847786));
#13771=CARTESIAN_POINT('',(-0.0013,0.0005,0.001850050847786));
#13772=CARTESIAN_POINT('',(-0.0013,-0.0005,0.001850050847786));
#13773=CARTESIAN_POINT('',(-0.0005,0.0005,0.001850050847786));
#13774=CARTESIAN_POINT('',(-0.0005,0.0005,0.001900050847786));
#13775=CARTESIAN_POINT('',(-0.0005,0.0005,0.001900050847786));
#13776=CARTESIAN_POINT('',(-0.0005,-0.0005,0.001900050847786));
#13777=CARTESIAN_POINT('',(-0.0005,-0.0005,0.001850050847786));
#13778=CARTESIAN_POINT('',(-0.0005,0.0005,0.001850050847786));
#13779=CARTESIAN_POINT('',(0.,0.,0.001850050847786));
#13780=CARTESIAN_POINT('',(0.0013,0.0005,0.001850050847786));
#13781=CARTESIAN_POINT('',(0.0013,0.0005,0.001850050847786));
#13782=CARTESIAN_POINT('',(0.0013,-0.0005,0.001850050847786));
#13783=CARTESIAN_POINT('',(0.0013,-0.0005,0.001850050847786));
#13784=CARTESIAN_POINT('',(0.0005,-0.0005,0.001850050847786));
#13785=CARTESIAN_POINT('',(0.0005,0.0005,0.001850050847786));
#13786=CARTESIAN_POINT('',(0.0005,0.0005,0.001850050847786));
#13787=CARTESIAN_POINT('',(0.0013,0.0005,0.001850050847786));
#13788=CARTESIAN_POINT('',(0.0005,0.0005,0.001850050847786));
#13789=CARTESIAN_POINT('',(0.0005,0.0005,0.001900050847786));
#13790=CARTESIAN_POINT('',(0.0005,-0.0005,0.001900050847786));
#13791=CARTESIAN_POINT('',(0.0005,0.0005,0.001900050847786));
#13792=CARTESIAN_POINT('',(0.0005,0.0005,0.001850050847786));
#13793=CARTESIAN_POINT('',(0.0005,-0.0005,0.001850050847786));
#13794=CARTESIAN_POINT('',(0.0013,0.0005,0.001850050847786));
#13795=CARTESIAN_POINT('',(0.0013,0.0005,0.001900050847786));
#13796=CARTESIAN_POINT('',(0.0013,0.0005,0.001900050847786));
#13797=CARTESIAN_POINT('',(0.0013,-0.0005,0.001900050847786));
#13798=CARTESIAN_POINT('',(0.0013,-0.0005,0.001850050847786));
#13799=CARTESIAN_POINT('',(0.0013,0.0005,0.001850050847786));
#13800=CARTESIAN_POINT('',(0.0024,0.0004,0.001900050847786));
#13801=CARTESIAN_POINT('',(0.0024,0.0005,0.001900050847786));
#13802=CARTESIAN_POINT('',(0.0024,0.0005,0.001900050847786));
#13803=CARTESIAN_POINT('',(0.0025,0.0004,0.001800050847786));
#13804=CARTESIAN_POINT('',(0.0025,0.0004,0.001900050847786));
#13805=CARTESIAN_POINT('',(0.0024,0.0004,0.001900050847786));
#13806=CARTESIAN_POINT('',(0.0024,-0.0004,0.001900050847786));
#13807=CARTESIAN_POINT('',(0.0025,-0.0004,0.001900050847786));
#13808=CARTESIAN_POINT('',(0.0025,-0.0004,0.001900050847786));
#13809=CARTESIAN_POINT('',(0.0024,-0.0005,0.001800050847786));
#13810=CARTESIAN_POINT('',(0.0024,-0.0005,0.001900050847786));
#13811=CARTESIAN_POINT('',(0.0024,-0.0004,0.001900050847786));
#13812=CARTESIAN_POINT('',(-0.0024,0.0004,0.001900050847786));
#13813=CARTESIAN_POINT('',(-0.0025,0.0004,0.001900050847786));
#13814=CARTESIAN_POINT('',(-0.0025,0.0004,0.001900050847786));
#13815=CARTESIAN_POINT('',(-0.0024,0.0005,0.001800050847786));
#13816=CARTESIAN_POINT('',(-0.0024,0.0005,0.001900050847786));
#13817=CARTESIAN_POINT('',(-0.0024,0.0004,0.001900050847786));
#13818=CARTESIAN_POINT('',(-0.0024,-0.0004,0.001900050847786));
#13819=CARTESIAN_POINT('',(-0.0024,-0.0005,0.001900050847786));
#13820=CARTESIAN_POINT('',(-0.0024,-0.0005,0.001900050847786));
#13821=CARTESIAN_POINT('',(-0.0025,-0.0004,0.001800050847786));
#13822=CARTESIAN_POINT('',(-0.0025,-0.0004,0.001900050847786));
#13823=CARTESIAN_POINT('',(-0.0024,-0.0004,0.001900050847786));
#13824=CARTESIAN_POINT('',(0.0015,0.00135,0.001700050847786));
#13825=CARTESIAN_POINT('',(0.0029,0.00135,0.001700050847786));
#13826=CARTESIAN_POINT('',(0.003,0.00145,0.001700050847786));
#13827=CARTESIAN_POINT('',(0.0029,0.00135,0.00160005084778572));
#13828=CARTESIAN_POINT('',(0.,0.00135,0.00160005084778572));
#13829=CARTESIAN_POINT('',(0.00245,0.00135,0.00160005084778572));
#13830=CARTESIAN_POINT('',(0.00245,0.00135,0.001700050847786));
#13831=CARTESIAN_POINT('',(0.00255,0.00145,0.001700050847786));
#13832=CARTESIAN_POINT('',(0.00305,0.00145,0.001700050847786));
#13833=CARTESIAN_POINT('',(0.00245,-0.00305,0.001700050847786));
#13834=CARTESIAN_POINT('',(0.00245,0.0029,0.001700050847786));
#13835=CARTESIAN_POINT('',(0.00245,0.0029,0.00160005084778572));
#13836=CARTESIAN_POINT('',(0.00255,0.003,0.001700050847786));
#13837=CARTESIAN_POINT('',(0.00255,0.003,0.001700050847786));
#13838=CARTESIAN_POINT('',(0.00245,0.00145,0.00160005084778572));
#13839=CARTESIAN_POINT('',(0.0029,0.,0.001700050847786));
#13840=CARTESIAN_POINT('',(0.0029,0.0008,0.001700050847786));
#13841=CARTESIAN_POINT('',(0.003,0.0007,0.001700050847786));
#13842=CARTESIAN_POINT('',(0.0029,0.0008,0.00160005084778572));
#13843=CARTESIAN_POINT('',(0.0029,0.0007,0.00160005084778572));
#13844=CARTESIAN_POINT('',(0.003,0.00145,0.001700050847786));
#13845=CARTESIAN_POINT('',(4.192248400277E-19,0.0029,0.001700050847786));
#13846=CARTESIAN_POINT('',(0.0016,0.0029,0.001700050847786));
#13847=CARTESIAN_POINT('',(0.0016,0.0029,0.00160005084778572));
#13848=CARTESIAN_POINT('',(0.0015,0.003,0.001700050847786));
#13849=CARTESIAN_POINT('',(0.0015,0.003,0.001700050847786));
#13850=CARTESIAN_POINT('',(0.00255,0.0029,0.00160005084778572));
#13851=CARTESIAN_POINT('',(-0.00305,0.0008,0.001700050847786));
#13852=CARTESIAN_POINT('',(-0.0029,0.0008,0.001700050847786));
#13853=CARTESIAN_POINT('',(-0.003,0.0007,0.001700050847786));
#13854=CARTESIAN_POINT('',(-0.0029,0.0008,0.00160005084778572));
#13855=CARTESIAN_POINT('',(0.,0.0008,0.00160005084778572));
#13856=CARTESIAN_POINT('',(-0.00305,0.0007,0.001700050847786));
#13857=CARTESIAN_POINT('',(0.0016,2.168404344971E-19,0.001700050847786));
#13858=CARTESIAN_POINT('',(0.0016,0.00135,0.001700050847786));
#13859=CARTESIAN_POINT('',(0.0016,0.00135,0.00160005084778572));
#13860=CARTESIAN_POINT('',(0.0015,0.00145,0.001700050847786));
#13861=CARTESIAN_POINT('',(0.0015,0.00305,0.001700050847786));
#13862=CARTESIAN_POINT('',(0.0016,-2.168404344971E-19,0.00160005084778572));
#13863=CARTESIAN_POINT('',(-0.0029,0.,0.001700050847786));
#13864=CARTESIAN_POINT('',(-0.0029,0.00135,0.001700050847786));
#13865=CARTESIAN_POINT('',(-0.003,0.00145,0.001700050847786));
#13866=CARTESIAN_POINT('',(-0.0029,0.00135,0.00160005084778572));
#13867=CARTESIAN_POINT('',(-0.0029,0.00145,0.00160005084778572));
#13868=CARTESIAN_POINT('',(-0.003,0.0007,0.001700050847786));
#13869=CARTESIAN_POINT('',(0.0015,0.00135,0.001700050847786));
#13870=CARTESIAN_POINT('',(-0.0016,0.00135,0.001700050847786));
#13871=CARTESIAN_POINT('',(-0.0016,0.00135,0.00160005084778572));
#13872=CARTESIAN_POINT('',(-0.0015,0.00145,0.001700050847786));
#13873=CARTESIAN_POINT('',(0.0015,0.00145,0.001700050847786));
#13874=CARTESIAN_POINT('',(0.,0.00135,0.00160005084778572));
#13875=CARTESIAN_POINT('',(0.0015,0.00135,0.001700050847786));
#13876=CARTESIAN_POINT('',(-0.00245,0.00135,0.001700050847786));
#13877=CARTESIAN_POINT('',(-0.00255,0.00145,0.001700050847786));
#13878=CARTESIAN_POINT('',(-0.00245,0.00135,0.00160005084778572));
#13879=CARTESIAN_POINT('',(-0.00255,0.00135,0.00160005084778572));
#13880=CARTESIAN_POINT('',(-0.003,0.00145,0.001700050847786));
#13881=CARTESIAN_POINT('',(-0.0016,-0.00305,0.001700050847786));
#13882=CARTESIAN_POINT('',(-0.0016,0.0029,0.001700050847786));
#13883=CARTESIAN_POINT('',(-0.0016,0.0029,0.00160005084778572));
#13884=CARTESIAN_POINT('',(-0.0015,0.003,0.001700050847786));
#13885=CARTESIAN_POINT('',(-0.0015,0.003,0.001700050847786));
#13886=CARTESIAN_POINT('',(-0.0016,0.00145,0.00160005084778572));
#13887=CARTESIAN_POINT('',(-0.00245,-6.640738306474E-19,0.001700050847786));
#13888=CARTESIAN_POINT('',(-0.00245,0.0029,0.001700050847786));
#13889=CARTESIAN_POINT('',(-0.00255,0.003,0.001700050847786));
#13890=CARTESIAN_POINT('',(-0.00245,0.0029,0.00160005084778572));
#13891=CARTESIAN_POINT('',(-0.00245,6.640738306474E-19,0.00160005084778572));
#13892=CARTESIAN_POINT('',(-0.00255,0.00305,0.001700050847786));
#13893=CARTESIAN_POINT('',(4.192248400277E-19,0.0029,0.001700050847786));
#13894=CARTESIAN_POINT('',(-0.0015,0.0029,0.00160005084778572));
#13895=CARTESIAN_POINT('',(-0.00255,0.003,0.001700050847786));
#13896=CARTESIAN_POINT('',(0.,-0.0008,0.001700050847786));
#13897=CARTESIAN_POINT('',(-0.0029,-0.0008,0.001700050847786));
#13898=CARTESIAN_POINT('',(-0.0029,-0.0008,0.00160005084778572));
#13899=CARTESIAN_POINT('',(-0.003,-0.0007,0.001700050847786));
#13900=CARTESIAN_POINT('',(-0.003,-0.0007,0.001700050847786));
#13901=CARTESIAN_POINT('',(0.003,-0.0007,0.001700050847786));
#13902=CARTESIAN_POINT('',(0.0029,-0.0008,0.001700050847786));
#13903=CARTESIAN_POINT('',(0.0029,-0.0008,0.00160005084778572));
#13904=CARTESIAN_POINT('',(0.003,-0.0008,0.00160005084778572));
#13905=CARTESIAN_POINT('',(0.0029,0.,0.001700050847786));
#13906=CARTESIAN_POINT('',(0.0029,-0.00135,0.001700050847786));
#13907=CARTESIAN_POINT('',(0.003,-0.00145,0.001700050847786));
#13908=CARTESIAN_POINT('',(0.0029,-0.00135,0.00160005084778572));
#13909=CARTESIAN_POINT('',(0.0029,-0.00145,0.00160005084778572));
#13910=CARTESIAN_POINT('',(0.003,-0.0007,0.001700050847786));
#13911=CARTESIAN_POINT('',(-0.0029,0.,0.001700050847786));
#13912=CARTESIAN_POINT('',(-0.0029,-0.00135,0.001700050847786));
#13913=CARTESIAN_POINT('',(-0.0029,-0.00135,0.00160005084778572));
#13914=CARTESIAN_POINT('',(-0.003,-0.00145,0.001700050847786));
#13915=CARTESIAN_POINT('',(-0.003,-0.00145,0.001700050847786));
#13916=CARTESIAN_POINT('',(-0.0029,-0.0007,0.00160005084778572));
#13917=CARTESIAN_POINT('',(0.,-0.00135,0.001700050847786));
#13918=CARTESIAN_POINT('',(0.00245,-0.00135,0.001700050847786));
#13919=CARTESIAN_POINT('',(0.00255,-0.00145,0.001700050847786));
#13920=CARTESIAN_POINT('',(0.00245,-0.00135,0.00160005084778572));
#13921=CARTESIAN_POINT('',(0.00255,-0.00135,0.00160005084778572));
#13922=CARTESIAN_POINT('',(0.003,-0.00145,0.001700050847786));
#13923=CARTESIAN_POINT('',(0.,-0.00135,0.001700050847786));
#13924=CARTESIAN_POINT('',(-0.00245,-0.00135,0.001700050847786));
#13925=CARTESIAN_POINT('',(-0.00245,-0.00135,0.00160005084778572));
#13926=CARTESIAN_POINT('',(-0.00255,-0.00145,0.001700050847786));
#13927=CARTESIAN_POINT('',(-0.00305,-0.00145,0.001700050847786));
#13928=CARTESIAN_POINT('',(0.,-0.00135,0.00160005084778572));
#13929=CARTESIAN_POINT('',(0.00245,-0.00305,0.001700050847786));
#13930=CARTESIAN_POINT('',(0.00245,-0.0029,0.001700050847786));
#13931=CARTESIAN_POINT('',(0.00255,-0.003,0.001700050847786));
#13932=CARTESIAN_POINT('',(0.00245,-0.0029,0.00160005084778572));
#13933=CARTESIAN_POINT('',(0.00245,6.640738306474E-19,0.00160005084778572));
#13934=CARTESIAN_POINT('',(0.00255,-0.00305,0.001700050847786));
#13935=CARTESIAN_POINT('',(-0.00245,-6.640738306474E-19,0.001700050847786));
#13936=CARTESIAN_POINT('',(-0.00245,-0.0029,0.001700050847786));
#13937=CARTESIAN_POINT('',(-0.00245,-0.0029,0.00160005084778572));
#13938=CARTESIAN_POINT('',(-0.00255,-0.003,0.001700050847786));
#13939=CARTESIAN_POINT('',(-0.00255,-0.003,0.001700050847786));
#13940=CARTESIAN_POINT('',(-0.00245,-0.00145,0.00160005084778572));
#13941=CARTESIAN_POINT('',(-4.192248400277E-19,-0.0029,0.001700050847786));
#13942=CARTESIAN_POINT('',(0.0016,-0.0029,0.001700050847786));
#13943=CARTESIAN_POINT('',(0.0015,-0.003,0.001700050847786));
#13944=CARTESIAN_POINT('',(0.0016,-0.0029,0.00160005084778572));
#13945=CARTESIAN_POINT('',(0.0015,-0.0029,0.00160005084778572));
#13946=CARTESIAN_POINT('',(0.00255,-0.003,0.001700050847786));
#13947=CARTESIAN_POINT('',(-4.192248400277E-19,-0.0029,0.001700050847786));
#13948=CARTESIAN_POINT('',(-0.0016,-0.0029,0.001700050847786));
#13949=CARTESIAN_POINT('',(-0.0016,-0.0029,0.00160005084778572));
#13950=CARTESIAN_POINT('',(-0.0015,-0.003,0.001700050847786));
#13951=CARTESIAN_POINT('',(-0.0015,-0.003,0.001700050847786));
#13952=CARTESIAN_POINT('',(-0.00255,-0.0029,0.00160005084778572));
#13953=CARTESIAN_POINT('',(0.0016,2.168404344971E-19,0.001700050847786));
#13954=CARTESIAN_POINT('',(0.0016,-0.00135,0.001700050847786));
#13955=CARTESIAN_POINT('',(0.0015,-0.00145,0.001700050847786));
#13956=CARTESIAN_POINT('',(0.0016,-0.00135,0.00160005084778572));
#13957=CARTESIAN_POINT('',(0.0016,-0.00145,0.00160005084778572));
#13958=CARTESIAN_POINT('',(0.0015,-0.003,0.001700050847786));
#13959=CARTESIAN_POINT('',(-0.0016,-0.00305,0.001700050847786));
#13960=CARTESIAN_POINT('',(-0.0016,-0.00135,0.001700050847786));
#13961=CARTESIAN_POINT('',(-0.0016,-0.00135,0.00160005084778572));
#13962=CARTESIAN_POINT('',(-0.0015,-0.00145,0.001700050847786));
#13963=CARTESIAN_POINT('',(-0.0015,-0.00305,0.001700050847786));
#13964=CARTESIAN_POINT('',(-0.0016,-2.168404344971E-19,0.00160005084778572));
#13965=CARTESIAN_POINT('',(0.,-0.00135,0.001700050847786));
#13966=CARTESIAN_POINT('',(0.0015,-0.00145,0.001700050847786));
#13967=CARTESIAN_POINT('',(-0.0015,-0.00135,0.00160005084778572));
#13968=CARTESIAN_POINT('',(-0.0025,-0.0005,0.001900050847786));
#13969=CARTESIAN_POINT('',(-0.0025,-0.0005,0.001900050847786));
#13970=CARTESIAN_POINT('',(0.0025,-0.0005,0.001900050847786));
#13971=CARTESIAN_POINT('',(0.0025,-0.0005,0.001900050847786));
#13972=CARTESIAN_POINT('',(0.003,-0.003,-0.00437665188269));
#13973=CARTESIAN_POINT('',(0.00255,-0.003,0.001800050847786));
#13974=CARTESIAN_POINT('',(0.0015,-0.003,0.001800050847786));
#13975=CARTESIAN_POINT('',(0.003,-0.003,-0.00437665188269));
#13976=CARTESIAN_POINT('',(-0.0015,-0.003,0.001800050847786));
#13977=CARTESIAN_POINT('',(-0.00255,-0.003,0.001800050847786));
#13978=CARTESIAN_POINT('',(0.003,-0.003,-0.00437665188269));
#13979=CARTESIAN_POINT('',(0.003,0.00145,0.001800050847786));
#13980=CARTESIAN_POINT('',(0.003,0.0007,0.001800050847786));
#13981=CARTESIAN_POINT('',(0.003,-0.003,-0.00437665188269));
#13982=CARTESIAN_POINT('',(0.003,-0.0007,0.001800050847786));
#13983=CARTESIAN_POINT('',(0.003,-0.00145,0.001800050847786));
#13984=CARTESIAN_POINT('',(-0.003,-0.003,-0.00437665188269));
#13985=CARTESIAN_POINT('',(-0.003,-0.00145,0.001800050847786));
#13986=CARTESIAN_POINT('',(-0.003,-0.0007,0.001800050847786));
#13987=CARTESIAN_POINT('',(-0.003,-0.003,-0.00437665188269));
#13988=CARTESIAN_POINT('',(-0.003,0.0007,0.001800050847786));
#13989=CARTESIAN_POINT('',(-0.003,0.00145,0.001800050847786));
#13990=CARTESIAN_POINT('',(0.003,0.003,-0.00437665188269));
#13991=CARTESIAN_POINT('',(0.0015,0.003,0.001800050847786));
#13992=CARTESIAN_POINT('',(0.00255,0.003,0.001800050847786));
#13993=CARTESIAN_POINT('',(0.003,0.003,-0.00437665188269));
#13994=CARTESIAN_POINT('',(-0.00255,0.003,0.001800050847786));
#13995=CARTESIAN_POINT('',(-0.0015,0.003,0.001800050847786));
#13996=CARTESIAN_POINT('',(0.,0.,0.001800050847786));
#13997=CARTESIAN_POINT('',(0.0015,0.00145,0.001800050847786));
#13998=CARTESIAN_POINT('',(-0.0015,0.00145,0.001800050847786));
#13999=CARTESIAN_POINT('',(0.0015,0.00145,0.001800050847786));
#14000=CARTESIAN_POINT('',(0.0015,-0.00145,0.001800050847786));
#14001=CARTESIAN_POINT('',(0.0015,-0.00145,0.001800050847786));
#14002=CARTESIAN_POINT('',(-0.0015,-0.00145,0.001800050847786));
#14003=CARTESIAN_POINT('',(0.,-0.0019,0.005300050847786));
#14004=CARTESIAN_POINT('',(-0.004,-0.0019,0.00160005084778572));
#14005=CARTESIAN_POINT('',(-0.00390058929753695,-0.0019,0.00160005084778572));
#14006=CARTESIAN_POINT('',(-0.0045,-0.0019,0.00160005084778572));
#14007=CARTESIAN_POINT('',(-0.0045,-0.0019,0.001900050847786));
#14008=CARTESIAN_POINT('',(-0.0045,-0.0019,0.001900050847786));
#14009=CARTESIAN_POINT('',(-0.004,-0.0019,0.001900050847786));
#14010=CARTESIAN_POINT('',(-0.00409941070246292,-0.0019,0.001900050847786));
#14011=CARTESIAN_POINT('',(-0.00413814508766,-0.0019,0.001808496846411));
#14012=CARTESIAN_POINT('',(-0.00354941070246281,-0.0019,0.003200050847786));
#14013=CARTESIAN_POINT('',(-0.00345,-0.0019,0.003200050847786));
#14014=CARTESIAN_POINT('',(-0.00305,-0.0019,0.003200050847786));
#14015=CARTESIAN_POINT('',(-0.00305,-0.0019,0.002900050847786));
#14016=CARTESIAN_POINT('',(-0.00305,-0.0019,0.002900050847786));
#14017=CARTESIAN_POINT('',(-0.00345,-0.0019,0.002900050847786));
#14018=CARTESIAN_POINT('',(-0.00335058929753675,-0.0019,0.002900050847786));
#14019=CARTESIAN_POINT('',(-0.00386185491234,-0.0019,0.00169160484916021));
#14020=CARTESIAN_POINT('',(0.,-0.0026,0.005300050847786));
#14021=CARTESIAN_POINT('',(-0.004,-0.0026,0.00160005084778572));
#14022=CARTESIAN_POINT('',(-0.00390058929753695,-0.0026,0.00160005084778572));
#14023=CARTESIAN_POINT('',(-0.0045,-0.0026,0.00160005084778572));
#14024=CARTESIAN_POINT('',(-0.00386185491234,-0.0026,0.00169160484916021));
#14025=CARTESIAN_POINT('',(-0.00335058929753675,-0.0026,0.002900050847786));
#14026=CARTESIAN_POINT('',(-0.00345,-0.0026,0.002900050847786));
#14027=CARTESIAN_POINT('',(-0.00305,-0.0026,0.002900050847786));
#14028=CARTESIAN_POINT('',(-0.00305,-0.0026,0.002900050847786));
#14029=CARTESIAN_POINT('',(-0.00305,-0.0026,0.003200050847786));
#14030=CARTESIAN_POINT('',(-0.00345,-0.0026,0.003200050847786));
#14031=CARTESIAN_POINT('',(-0.00354941070246281,-0.0026,0.003200050847786));
#14032=CARTESIAN_POINT('',(-0.00413814508766,-0.0026,0.001808496846411));
#14033=CARTESIAN_POINT('',(-0.00409941070246292,-0.0026,0.001900050847786));
#14034=CARTESIAN_POINT('',(-0.004,-0.0026,0.001900050847786));
#14035=CARTESIAN_POINT('',(-0.0045,-0.0026,0.001900050847786));
#14036=CARTESIAN_POINT('',(-0.0045,-0.0026,0.001900050847786));
#14037=CARTESIAN_POINT('',(-0.0045,-0.0026,0.001900050847786));
#14038=CARTESIAN_POINT('',(-0.0045,-0.0026,0.00160005084778572));
#14039=CARTESIAN_POINT('',(-0.0045,-0.0026,0.001900050847786));
#14040=CARTESIAN_POINT('',(0.,0.,0.001900050847786));
#14041=CARTESIAN_POINT('',(-0.004099410702463,-0.0026,0.001900050847786));
#14042=CARTESIAN_POINT('',(-0.00413814508766,-0.0026,0.001808496846411));
#14043=CARTESIAN_POINT('',(-0.003549410702463,-0.0026,0.003200050847786));
#14044=CARTESIAN_POINT('',(-0.00345,-0.0026,0.003200050847786));
#14045=CARTESIAN_POINT('',(-0.00305,-0.0026,0.003200050847786));
#14046=CARTESIAN_POINT('',(-0.00345,-0.0026,0.002900050847786));
#14047=CARTESIAN_POINT('',(-0.00305,-0.0026,0.002900050847786));
#14048=CARTESIAN_POINT('',(-0.003350589297537,-0.0026,0.002900050847786));
#14049=CARTESIAN_POINT('',(-0.00386185491234,-0.0026,0.00169160484916021));
#14050=CARTESIAN_POINT('',(-0.003900589297537,-0.0026,0.00160005084778572));
#14051=CARTESIAN_POINT('',(0.,0.,0.00160005084778572));
#14052=CARTESIAN_POINT('',(0.,-0.0019,0.005300050847786));
#14053=CARTESIAN_POINT('',(0.004,-0.0019,0.001900050847786));
#14054=CARTESIAN_POINT('',(0.0040945332450079,-0.0019,0.001900050847786));
#14055=CARTESIAN_POINT('',(0.0045,-0.0019,0.001900050847786));
#14056=CARTESIAN_POINT('',(0.0045,-0.0019,0.00160005084778572));
#14057=CARTESIAN_POINT('',(0.0045,-0.0019,0.00160005084778572));
#14058=CARTESIAN_POINT('',(0.004,-0.0019,0.00160005084778572));
#14059=CARTESIAN_POINT('',(0.00390546675499191,-0.0019,0.00160005084778572));
#14060=CARTESIAN_POINT('',(0.003864679866755,-0.0019,0.00168533252319011));
#14061=CARTESIAN_POINT('',(0.00335546675499197,-0.0019,0.002750050847786));
#14062=CARTESIAN_POINT('',(0.00345,-0.0019,0.002750050847786));
#14063=CARTESIAN_POINT('',(0.00305,-0.0019,0.002750050847786));
#14064=CARTESIAN_POINT('',(0.00305,-0.0019,0.003050050847786));
#14065=CARTESIAN_POINT('',(0.00305,-0.0019,0.003050050847786));
#14066=CARTESIAN_POINT('',(0.00345,-0.0019,0.003050050847786));
#14067=CARTESIAN_POINT('',(0.00354453324500804,-0.0019,0.003050050847786));
#14068=CARTESIAN_POINT('',(0.004135320133245,-0.0019,0.001814769172381));
#14069=CARTESIAN_POINT('',(0.,-0.0026,0.005300050847786));
#14070=CARTESIAN_POINT('',(0.004,-0.0026,0.001900050847786));
#14071=CARTESIAN_POINT('',(0.0040945332450079,-0.0026,0.001900050847786));
#14072=CARTESIAN_POINT('',(0.0045,-0.0026,0.001900050847786));
#14073=CARTESIAN_POINT('',(0.004135320133245,-0.0026,0.001814769172381));
#14074=CARTESIAN_POINT('',(0.00354453324500804,-0.0026,0.003050050847786));
#14075=CARTESIAN_POINT('',(0.00345,-0.0026,0.003050050847786));
#14076=CARTESIAN_POINT('',(0.00305,-0.0026,0.003050050847786));
#14077=CARTESIAN_POINT('',(0.00305,-0.0026,0.003050050847786));
#14078=CARTESIAN_POINT('',(0.00305,-0.0026,0.002750050847786));
#14079=CARTESIAN_POINT('',(0.00345,-0.0026,0.002750050847786));
#14080=CARTESIAN_POINT('',(0.00335546675499197,-0.0026,0.002750050847786));
#14081=CARTESIAN_POINT('',(0.003864679866755,-0.0026,0.00168533252319011));
#14082=CARTESIAN_POINT('',(0.00390546675499191,-0.0026,0.00160005084778572));
#14083=CARTESIAN_POINT('',(0.004,-0.0026,0.00160005084778572));
#14084=CARTESIAN_POINT('',(0.0045,-0.0026,0.00160005084778572));
#14085=CARTESIAN_POINT('',(0.0045,-0.0026,0.00160005084778572));
#14086=CARTESIAN_POINT('',(0.0045,-0.0026,0.00160005084778572));
#14087=CARTESIAN_POINT('',(0.0045,-0.0026,0.001900050847786));
#14088=CARTESIAN_POINT('',(0.0045,-0.0026,0.00160005084778572));
#14089=CARTESIAN_POINT('',(0.,0.,0.00160005084778572));
#14090=CARTESIAN_POINT('',(0.003905466754992,-0.0026,0.00160005084778572));
#14091=CARTESIAN_POINT('',(0.003864679866755,-0.0026,0.00168533252319011));
#14092=CARTESIAN_POINT('',(0.003355466754992,-0.0026,0.002750050847786));
#14093=CARTESIAN_POINT('',(0.00345,-0.0026,0.002750050847786));
#14094=CARTESIAN_POINT('',(0.00305,-0.0026,0.002750050847786));
#14095=CARTESIAN_POINT('',(0.00345,-0.0026,0.003050050847786));
#14096=CARTESIAN_POINT('',(0.00305,-0.0026,0.003050050847786));
#14097=CARTESIAN_POINT('',(0.003544533245008,-0.0026,0.003050050847786));
#14098=CARTESIAN_POINT('',(0.004135320133245,-0.0026,0.001814769172381));
#14099=CARTESIAN_POINT('',(0.004094533245008,-0.0026,0.001900050847786));
#14100=CARTESIAN_POINT('',(0.,0.,0.001900050847786));
#14101=CARTESIAN_POINT('',(0.,0.0019,0.005300050847786));
#14102=CARTESIAN_POINT('',(-0.004,0.0019,0.00160005084778572));
#14103=CARTESIAN_POINT('',(-0.00390058929753695,0.0019,0.00160005084778572));
#14104=CARTESIAN_POINT('',(-0.0045,0.0019,0.00160005084778572));
#14105=CARTESIAN_POINT('',(-0.00386185491234,0.0019,0.00169160484916021));
#14106=CARTESIAN_POINT('',(-0.00335058929753675,0.0019,0.002900050847786));
#14107=CARTESIAN_POINT('',(-0.00345,0.0019,0.002900050847786));
#14108=CARTESIAN_POINT('',(-0.00305,0.0019,0.002900050847786));
#14109=CARTESIAN_POINT('',(-0.00305,0.0019,0.002900050847786));
#14110=CARTESIAN_POINT('',(-0.00305,0.0019,0.003200050847786));
#14111=CARTESIAN_POINT('',(-0.00345,0.0019,0.003200050847786));
#14112=CARTESIAN_POINT('',(-0.00354941070246281,0.0019,0.003200050847786));
#14113=CARTESIAN_POINT('',(-0.00413814508766,0.0019,0.001808496846411));
#14114=CARTESIAN_POINT('',(-0.00409941070246292,0.0019,0.001900050847786));
#14115=CARTESIAN_POINT('',(-0.004,0.0019,0.001900050847786));
#14116=CARTESIAN_POINT('',(-0.0045,0.0019,0.001900050847786));
#14117=CARTESIAN_POINT('',(-0.0045,0.0019,0.001900050847786));
#14118=CARTESIAN_POINT('',(0.,0.0026,0.005300050847786));
#14119=CARTESIAN_POINT('',(-0.004,0.0026,0.00160005084778572));
#14120=CARTESIAN_POINT('',(-0.00390058929753695,0.0026,0.00160005084778572));
#14121=CARTESIAN_POINT('',(-0.0045,0.0026,0.00160005084778572));
#14122=CARTESIAN_POINT('',(-0.0045,0.0026,0.001900050847786));
#14123=CARTESIAN_POINT('',(-0.0045,0.0026,0.001900050847786));
#14124=CARTESIAN_POINT('',(-0.004,0.0026,0.001900050847786));
#14125=CARTESIAN_POINT('',(-0.00409941070246292,0.0026,0.001900050847786));
#14126=CARTESIAN_POINT('',(-0.00413814508766,0.0026,0.001808496846411));
#14127=CARTESIAN_POINT('',(-0.00354941070246281,0.0026,0.003200050847786));
#14128=CARTESIAN_POINT('',(-0.00345,0.0026,0.003200050847786));
#14129=CARTESIAN_POINT('',(-0.00305,0.0026,0.003200050847786));
#14130=CARTESIAN_POINT('',(-0.00305,0.0026,0.002900050847786));
#14131=CARTESIAN_POINT('',(-0.00305,0.0026,0.002900050847786));
#14132=CARTESIAN_POINT('',(-0.00345,0.0026,0.002900050847786));
#14133=CARTESIAN_POINT('',(-0.00335058929753675,0.0026,0.002900050847786));
#14134=CARTESIAN_POINT('',(-0.00386185491234,0.0026,0.00169160484916021));
#14135=CARTESIAN_POINT('',(-0.00386185491234,-0.0026,0.00169160484916021));
#14136=CARTESIAN_POINT('',(-0.003900589297537,0.0026,0.00160005084778572));
#14137=CARTESIAN_POINT('',(-0.003350589297537,0.0026,0.002900050847786));
#14138=CARTESIAN_POINT('',(-0.00345,-0.0026,0.002900050847786));
#14139=CARTESIAN_POINT('',(-0.00305,0.0026,0.002900050847786));
#14140=CARTESIAN_POINT('',(-0.00345,-0.0026,0.003200050847786));
#14141=CARTESIAN_POINT('',(-0.00305,0.0026,0.003200050847786));
#14142=CARTESIAN_POINT('',(-0.003549410702463,0.0026,0.003200050847786));
#14143=CARTESIAN_POINT('',(-0.00413814508766,-0.0026,0.001808496846411));
#14144=CARTESIAN_POINT('',(-0.004099410702463,0.0026,0.001900050847786));
#14145=CARTESIAN_POINT('',(0.,0.,0.001900050847786));
#14146=CARTESIAN_POINT('',(-0.0045,0.0026,0.001900050847786));
#14147=CARTESIAN_POINT('',(-0.0045,-0.0026,0.001900050847786));
#14148=CARTESIAN_POINT('',(-0.0045,0.0026,0.00160005084778572));
#14149=CARTESIAN_POINT('',(0.,0.,0.00160005084778572));
#14150=CARTESIAN_POINT('',(0.,0.0019,0.005300050847786));
#14151=CARTESIAN_POINT('',(0.004,0.0019,0.001900050847786));
#14152=CARTESIAN_POINT('',(0.0040945332450079,0.0019,0.001900050847786));
#14153=CARTESIAN_POINT('',(0.0045,0.0019,0.001900050847786));
#14154=CARTESIAN_POINT('',(0.004135320133245,0.0019,0.001814769172381));
#14155=CARTESIAN_POINT('',(0.00354453324500804,0.0019,0.003050050847786));
#14156=CARTESIAN_POINT('',(0.00345,0.0019,0.003050050847786));
#14157=CARTESIAN_POINT('',(0.00305,0.0019,0.003050050847786));
#14158=CARTESIAN_POINT('',(0.00305,0.0019,0.003050050847786));
#14159=CARTESIAN_POINT('',(0.00305,0.0019,0.002750050847786));
#14160=CARTESIAN_POINT('',(0.00345,0.0019,0.002750050847786));
#14161=CARTESIAN_POINT('',(0.00335546675499197,0.0019,0.002750050847786));
#14162=CARTESIAN_POINT('',(0.003864679866755,0.0019,0.00168533252319011));
#14163=CARTESIAN_POINT('',(0.00390546675499191,0.0019,0.00160005084778572));
#14164=CARTESIAN_POINT('',(0.004,0.0019,0.00160005084778572));
#14165=CARTESIAN_POINT('',(0.0045,0.0019,0.00160005084778572));
#14166=CARTESIAN_POINT('',(0.0045,0.0019,0.00160005084778572));
#14167=CARTESIAN_POINT('',(0.,0.0026,0.005300050847786));
#14168=CARTESIAN_POINT('',(0.004,0.0026,0.001900050847786));
#14169=CARTESIAN_POINT('',(0.0040945332450079,0.0026,0.001900050847786));
#14170=CARTESIAN_POINT('',(0.0045,0.0026,0.001900050847786));
#14171=CARTESIAN_POINT('',(0.0045,0.0026,0.00160005084778572));
#14172=CARTESIAN_POINT('',(0.0045,0.0026,0.00160005084778572));
#14173=CARTESIAN_POINT('',(0.004,0.0026,0.00160005084778572));
#14174=CARTESIAN_POINT('',(0.00390546675499191,0.0026,0.00160005084778572));
#14175=CARTESIAN_POINT('',(0.003864679866755,0.0026,0.00168533252319011));
#14176=CARTESIAN_POINT('',(0.00335546675499197,0.0026,0.002750050847786));
#14177=CARTESIAN_POINT('',(0.00345,0.0026,0.002750050847786));
#14178=CARTESIAN_POINT('',(0.00305,0.0026,0.002750050847786));
#14179=CARTESIAN_POINT('',(0.00305,0.0026,0.003050050847786));
#14180=CARTESIAN_POINT('',(0.00305,0.0026,0.003050050847786));
#14181=CARTESIAN_POINT('',(0.00345,0.0026,0.003050050847786));
#14182=CARTESIAN_POINT('',(0.00354453324500804,0.0026,0.003050050847786));
#14183=CARTESIAN_POINT('',(0.004135320133245,0.0026,0.001814769172381));
#14184=CARTESIAN_POINT('',(0.004135320133245,-0.0026,0.001814769172381));
#14185=CARTESIAN_POINT('',(0.004094533245008,0.0026,0.001900050847786));
#14186=CARTESIAN_POINT('',(0.003544533245008,0.0026,0.003050050847786));
#14187=CARTESIAN_POINT('',(0.00345,-0.0026,0.003050050847786));
#14188=CARTESIAN_POINT('',(0.00305,0.0026,0.003050050847786));
#14189=CARTESIAN_POINT('',(0.00345,-0.0026,0.002750050847786));
#14190=CARTESIAN_POINT('',(0.00305,0.0026,0.002750050847786));
#14191=CARTESIAN_POINT('',(0.003355466754992,0.0026,0.002750050847786));
#14192=CARTESIAN_POINT('',(0.003864679866755,-0.0026,0.00168533252319011));
#14193=CARTESIAN_POINT('',(0.003905466754992,0.0026,0.00160005084778572));
#14194=CARTESIAN_POINT('',(0.,0.,0.00160005084778572));
#14195=CARTESIAN_POINT('',(0.0045,0.0026,0.00160005084778572));
#14196=CARTESIAN_POINT('',(0.0045,-0.0026,0.00160005084778572));
#14197=CARTESIAN_POINT('',(0.0045,0.0026,0.001900050847786));
#14198=CARTESIAN_POINT('',(0.,0.,0.001900050847786));
#14199=CARTESIAN_POINT('',(0.00285,9.950721815703E-18,0.005300050847786));
#14200=CARTESIAN_POINT('',(0.00285,0.002,0.004250050847786));
#14201=CARTESIAN_POINT('',(0.00285,0.002,0.003950050847786));
#14202=CARTESIAN_POINT('',(0.00285,0.002,0.004250050847786));
#14203=CARTESIAN_POINT('',(0.00285,-0.002,0.004250050847786));
#14204=CARTESIAN_POINT('',(0.00285,-0.002,0.004250050847786));
#14205=CARTESIAN_POINT('',(0.00285,-0.002,0.004250050847786));
#14206=CARTESIAN_POINT('',(0.00285,-0.002,0.003950050847786));
#14207=CARTESIAN_POINT('',(0.00285,-0.002,0.003950050847786));
#14208=CARTESIAN_POINT('',(-0.00285,-0.002,0.004250050847786));
#14209=CARTESIAN_POINT('',(0.00305,-0.002,0.004250050847786));
#14210=CARTESIAN_POINT('',(0.00305,-0.002,0.003950050847786));
#14211=CARTESIAN_POINT('',(0.00285,-0.002,0.003950050847786));
#14212=CARTESIAN_POINT('',(0.00285,-0.002,0.004250050847786));
#14213=CARTESIAN_POINT('',(-0.002,-0.00285,0.003950050847786));
#14214=CARTESIAN_POINT('',(0.00305,-0.002,0.003950050847786));
#14215=CARTESIAN_POINT('',(0.00305,0.002,0.003950050847786));
#14216=CARTESIAN_POINT('',(0.00285,0.002,0.003950050847786));
#14217=CARTESIAN_POINT('',(-0.00285,0.002,0.004250050847786));
#14218=CARTESIAN_POINT('',(0.00305,0.002,0.004250050847786));
#14219=CARTESIAN_POINT('',(0.00285,0.002,0.004250050847786));
#14220=CARTESIAN_POINT('',(-0.00285,-2.985216544711E-17,0.005300050847786));
#14221=CARTESIAN_POINT('',(-0.00285,-0.002,0.004250050847786));
#14222=CARTESIAN_POINT('',(-0.00285,-0.002,0.003950050847786));
#14223=CARTESIAN_POINT('',(-0.00285,-0.002,0.004250050847786));
#14224=CARTESIAN_POINT('',(-0.00285,0.002,0.004250050847786));
#14225=CARTESIAN_POINT('',(-0.00285,0.002,0.004250050847786));
#14226=CARTESIAN_POINT('',(-0.00285,0.002,0.004250050847786));
#14227=CARTESIAN_POINT('',(-0.00285,0.002,0.003950050847786));
#14228=CARTESIAN_POINT('',(-0.00285,0.002,0.003950050847786));
#14229=CARTESIAN_POINT('',(-0.00285,0.002,0.004250050847786));
#14230=CARTESIAN_POINT('',(-0.00305,0.002,0.004250050847786));
#14231=CARTESIAN_POINT('',(-0.00305,0.002,0.003950050847786));
#14232=CARTESIAN_POINT('',(-0.00285,0.002,0.003950050847786));
#14233=CARTESIAN_POINT('',(-0.00285,0.002,0.004250050847786));
#14234=CARTESIAN_POINT('',(-0.002,-0.00285,0.003950050847786));
#14235=CARTESIAN_POINT('',(-0.00305,0.002,0.003950050847786));
#14236=CARTESIAN_POINT('',(-0.00305,-0.002,0.003950050847786));
#14237=CARTESIAN_POINT('',(-0.00285,-0.002,0.003950050847786));
#14238=CARTESIAN_POINT('',(-0.00285,-0.002,0.004250050847786));
#14239=CARTESIAN_POINT('',(-0.00305,-0.002,0.004250050847786));
#14240=CARTESIAN_POINT('',(-0.00285,-0.002,0.004250050847786));
#14241=CARTESIAN_POINT('',(0.,0.00285,0.005300050847786));
#14242=CARTESIAN_POINT('',(-0.002,0.00285,0.004250050847786));
#14243=CARTESIAN_POINT('',(-0.002,0.00285,0.003950050847786));
#14244=CARTESIAN_POINT('',(-0.002,0.00285,0.004250050847786));
#14245=CARTESIAN_POINT('',(0.002,0.00285,0.004250050847786));
#14246=CARTESIAN_POINT('',(0.002,0.00285,0.004250050847786));
#14247=CARTESIAN_POINT('',(0.002,0.00285,0.004250050847786));
#14248=CARTESIAN_POINT('',(0.002,0.00285,0.003950050847786));
#14249=CARTESIAN_POINT('',(0.002,0.00285,0.003950050847786));
#14250=CARTESIAN_POINT('',(0.002,-0.00285,0.004250050847786));
#14251=CARTESIAN_POINT('',(0.002,0.00305,0.004250050847786));
#14252=CARTESIAN_POINT('',(0.002,0.00305,0.003950050847786));
#14253=CARTESIAN_POINT('',(0.002,0.00285,0.003950050847786));
#14254=CARTESIAN_POINT('',(0.002,0.00285,0.004250050847786));
#14255=CARTESIAN_POINT('',(-0.002,-0.00285,0.003950050847786));
#14256=CARTESIAN_POINT('',(0.002,0.00305,0.003950050847786));
#14257=CARTESIAN_POINT('',(-0.002,0.00305,0.003950050847786));
#14258=CARTESIAN_POINT('',(-0.002,0.00285,0.003950050847786));
#14259=CARTESIAN_POINT('',(-0.002,-0.00285,0.004250050847786));
#14260=CARTESIAN_POINT('',(-0.002,0.00305,0.004250050847786));
#14261=CARTESIAN_POINT('',(-0.002,0.00285,0.004250050847786));
#14262=CARTESIAN_POINT('',(0.,-0.00285,0.005300050847786));
#14263=CARTESIAN_POINT('',(0.002,-0.00285,0.004250050847786));
#14264=CARTESIAN_POINT('',(0.002,-0.00285,0.003950050847786));
#14265=CARTESIAN_POINT('',(0.002,-0.00285,0.004250050847786));
#14266=CARTESIAN_POINT('',(-0.002,-0.00285,0.004250050847786));
#14267=CARTESIAN_POINT('',(-0.002,-0.00285,0.004250050847786));
#14268=CARTESIAN_POINT('',(-0.002,-0.00285,0.004250050847786));
#14269=CARTESIAN_POINT('',(-0.002,-0.00285,0.003950050847786));
#14270=CARTESIAN_POINT('',(-0.002,-0.00285,0.003950050847786));
#14271=CARTESIAN_POINT('',(-0.002,-0.00285,0.004250050847786));
#14272=CARTESIAN_POINT('',(-0.002,-0.00305,0.004250050847786));
#14273=CARTESIAN_POINT('',(-0.002,-0.00305,0.003950050847786));
#14274=CARTESIAN_POINT('',(-0.002,-0.00285,0.003950050847786));
#14275=CARTESIAN_POINT('',(-0.002,-0.00285,0.004250050847786));
#14276=CARTESIAN_POINT('',(-0.002,-0.00285,0.003950050847786));
#14277=CARTESIAN_POINT('',(-0.002,-0.00305,0.003950050847786));
#14278=CARTESIAN_POINT('',(0.002,-0.00305,0.003950050847786));
#14279=CARTESIAN_POINT('',(0.002,-0.00285,0.003950050847786));
#14280=CARTESIAN_POINT('',(0.002,-0.00285,0.004250050847786));
#14281=CARTESIAN_POINT('',(0.002,-0.00305,0.004250050847786));
#14282=CARTESIAN_POINT('',(0.002,-0.00285,0.004250050847786));
#14283=CARTESIAN_POINT('',(-0.0015,-0.00305,0.001800050847786));
#14284=CARTESIAN_POINT('',(0.0015,-0.00305,0.001800050847786));
#14285=CARTESIAN_POINT('',(-0.00255,-0.00305,0.001800050847786));
#14286=CARTESIAN_POINT('',(-0.00255,0.00145,0.001800050847786));
#14287=CARTESIAN_POINT('',(0.0015,0.00145,0.001800050847786));
#14288=CARTESIAN_POINT('',(-0.00305,-0.0007,0.001800050847786));
#14289=CARTESIAN_POINT('',(-0.00305,0.0007,0.001800050847786));
#14290=CARTESIAN_POINT('',(-0.0015,-0.00305,0.001800050847786));
#14291=CARTESIAN_POINT('',(0.0015,-0.00305,0.001800050847786));
#14292=CARTESIAN_POINT('',(0.00255,-0.00305,0.001800050847786));
#14293=CARTESIAN_POINT('',(0.00255,-0.00145,0.001800050847786));
#14294=CARTESIAN_POINT('',(0.0015,-0.00145,0.001800050847786));
#14295=CARTESIAN_POINT('',(0.0015,-0.00145,0.001800050847786));
#14296=CARTESIAN_POINT('',(-0.00255,-0.00145,0.001800050847786));
#14297=CARTESIAN_POINT('',(-0.00255,-0.00305,0.001800050847786));
#14298=CARTESIAN_POINT('',(0.00255,-0.00305,0.001800050847786));
#14299=CARTESIAN_POINT('',(0.00255,0.00145,0.001800050847786));
#14300=CARTESIAN_POINT('',(0.0015,0.00145,0.001800050847786));
#14301=CARTESIAN_POINT('',(0.,0.,0.00160005084778572));
#14302=CARTESIAN_POINT('',(0.,0.,0.00160005084778572));
#14303=CARTESIAN_POINT('',(0.,0.,0.001900050847786));
#14304=CARTESIAN_POINT('',(-0.0025,-0.0005,0.001900050847786));
#14305=CARTESIAN_POINT('',(-0.0025,0.0005,0.001900050847786));
#14306=CARTESIAN_POINT('',(0.,0.,0.001900050847786));
#14307=CARTESIAN_POINT('',(-0.0025,0.0005,0.001900050847786));
#14308=CARTESIAN_POINT('',(-0.0025,-0.0005,0.001900050847786));
#14309=CARTESIAN_POINT('',(0.,0.,0.001900050847786));
#14310=CARTESIAN_POINT('',(-0.0025,-0.0005,0.001900050847786));
#14311=CARTESIAN_POINT('',(-0.0025,0.0005,0.001900050847786));
#14312=CARTESIAN_POINT('',(-0.0025,-0.0005,0.001900050847786));
#14313=CARTESIAN_POINT('',(-0.0025,0.0005,0.001900050847786));
#14314=CARTESIAN_POINT('',(-0.00285,0.002,0.004250050847786));
#14315=CARTESIAN_POINT('',(-0.00285,0.002,0.004250050847786));
#14316=CARTESIAN_POINT('',(-0.00285,0.002,0.004250050847786));
#14317=CARTESIAN_POINT('',(-0.00285,0.002,0.004250050847786));
#14318=CARTESIAN_POINT('',(-0.00305,0.00305,0.00160005084778572));
#14319=CARTESIAN_POINT('',(-0.00305,-0.00305,0.00160005084778572));
#14320=CARTESIAN_POINT('',(-0.00305,0.00305,0.00160005084778572));
#14321=CARTESIAN_POINT('',(-0.00305,-0.00305,0.00160005084778572));
#14322=CARTESIAN_POINT('',(0.00305,-0.00305,0.00160005084778572));
#14323=CARTESIAN_POINT('',(0.00305,0.00305,0.00160005084778572));
#14324=CARTESIAN_POINT('',(0.00305,0.00305,0.00160005084778572));
#14325=CARTESIAN_POINT('',(0.,0.,0.005300050847786));
#14326=CARTESIAN_POINT('',(0.,0.,0.005300050847786));
#14327=CARTESIAN_POINT('',(0.0018,0.,0.005300050847786));
#14328=CARTESIAN_POINT('',(0.,0.00305,0.005300050847786));
#14329=CARTESIAN_POINT('',(-0.0024,0.0024,0.005100050847786));
#14330=CARTESIAN_POINT('',(-0.0024,0.0024,0.005100050847786));
#14331=CARTESIAN_POINT('',(-0.0019,0.0024,0.005100050847786));
#14332=CARTESIAN_POINT('',(0.0024,0.0024,0.005100050847786));
#14333=CARTESIAN_POINT('',(0.0024,0.0024,0.005100050847786));
#14334=CARTESIAN_POINT('',(0.0029,0.0024,0.005100050847786));
#14335=CARTESIAN_POINT('',(0.0024,-0.0024,0.005100050847786));
#14336=CARTESIAN_POINT('',(0.0024,-0.0024,0.005100050847786));
#14337=CARTESIAN_POINT('',(0.0019,-0.0024,0.005100050847786));
#14338=CARTESIAN_POINT('',(-0.0024,-0.0024,0.005100050847786));
#14339=CARTESIAN_POINT('',(-0.0024,-0.0024,0.005100050847786));
#14340=CARTESIAN_POINT('',(-0.0029,-0.0024,0.005100050847786));
#14341=CARTESIAN_POINT('',(-0.0024,0.0024,0.005300050847786));
#14342=CARTESIAN_POINT('',(0.0024,0.0024,0.005300050847786));
#14343=CARTESIAN_POINT('',(0.0024,-0.0024,0.005300050847786));
#14344=CARTESIAN_POINT('',(-0.0024,-0.0024,0.005300050847786));
#14345=CARTESIAN_POINT('',(0.,0.,0.005400050847786));
#14346=CARTESIAN_POINT('',(0.,0.,0.005350050847786));
#14347=CARTESIAN_POINT('',(0.0018,0.,0.005350050847786));
#14348=CARTESIAN_POINT('',(0.,0.,0.009600050847786));
#14349=CARTESIAN_POINT('',(0.,0.,0.007000050847786));
#14350=CARTESIAN_POINT('',(0.001725,0.,0.007000050847786));
#14351=CARTESIAN_POINT('',(0.,0.,0.005350050847786));
#14352=CARTESIAN_POINT('',(0.,0.,0.007000050847786));
#14353=MECHANICAL_DESIGN_GEOMETRIC_PRESENTATION_REPRESENTATION('',(#7711,
#7100,#7101,#7102,#7103,#7104,#7105,#7106,#7107,#7108,#7109,#7110,#7111,
#7112,#7113,#7114,#7115,#7116,#7117,#7118,#7119,#7120,#7121,#7122,#7123,
#7124,#7125,#7126,#7127,#7128,#7129,#7130,#7131,#7132,#7133,#7134,#7135,
#7136,#7137,#7138,#7139,#7140,#7141,#7142,#7143,#7144,#7145,#7146,#7147,
#7148,#7149,#7150,#7151,#7152,#7153,#7154,#7155,#7156,#7157,#7158,#7159,
#7160,#7161,#7162,#7163,#7164,#7165,#7166,#7167,#7168,#7169,#7170,#7171,
#7172,#7173,#7174,#7175,#7176,#7177,#7178,#7179,#7180,#7181,#7182,#7183,
#7184,#7185,#7186,#7187,#7188,#7189,#7190,#7191,#7192,#7193,#7194,#7195,
#7196,#7197,#7198,#7199,#7200,#7201,#7202,#7203,#7204,#7205,#7206,#7207,
#7208,#7209,#7210,#7211,#7212,#7213,#7214,#7215,#7216,#7217,#7218,#7219,
#7220,#7221,#7222,#7223,#7224,#7225,#7226,#7227,#7228,#7229,#7230,#7231,
#7232,#7233,#7234,#7235,#7236,#7237,#7238,#7239,#7240,#7241,#7242,#7243,
#7244,#7245,#7246,#7247,#7248,#7249,#7250,#7251,#7252,#7253,#7254,#7255,
#7256,#7257,#7258,#7259,#7260,#7261,#7262,#7263,#7264,#7265,#7266,#7267,
#7268,#7269,#7270,#7271,#7272,#7273,#7274,#7275,#7276),#14354);
#14354=(
GEOMETRIC_REPRESENTATION_CONTEXT(3)
GLOBAL_UNCERTAINTY_ASSIGNED_CONTEXT((#14355))
GLOBAL_UNIT_ASSIGNED_CONTEXT((#14358,#14357,#14356))
REPRESENTATION_CONTEXT(
'SW-SMD_4P-L6.1-W6.1-P4.50-LS8.7-TL~SW-SMD_4P-L6.1-W6.1-H8-P4.50-LS8.5
~ZDjc','TOP_LEVEL_ASSEMBLY_PART')
);
#14355=UNCERTAINTY_MEASURE_WITH_UNIT(LENGTH_MEASURE(2.E-5),#14358,
'DISTANCE_ACCURACY_VALUE','Maximum Tolerance applied to model');
#14356=(
NAMED_UNIT(*)
SI_UNIT($,.STERADIAN.)
SOLID_ANGLE_UNIT()
);
#14357=(
NAMED_UNIT(*)
PLANE_ANGLE_UNIT()
SI_UNIT($,.RADIAN.)
);
#14358=(
LENGTH_UNIT()
NAMED_UNIT(*)
SI_UNIT($,.METRE.)
);
#14359=PRODUCT_DEFINITION_SHAPE('','',#14360);
#14360=PRODUCT_DEFINITION('','',#14362,#14361);
#14361=PRODUCT_DEFINITION_CONTEXT('',#14368,'design');
#14362=PRODUCT_DEFINITION_FORMATION_WITH_SPECIFIED_SOURCE('','',#14364,
 .NOT_KNOWN.);
#14363=PRODUCT_RELATED_PRODUCT_CATEGORY('','',(#14364));
#14364=PRODUCT(
'SW-SMD_4P-L6.1-W6.1-P4.50-LS8.7-TL~SW-SMD_4P-L6.1-W6.1-H8-P4.50-LS8.5
~ZDjc',
'SW-SMD_4P-L6.1-W6.1-P4.50-LS8.7-TL~SW-SMD_4P-L6.1-W6.1-H8-P4.50-LS8.5
~ZDjc',
'SW-SMD_4P-L6.1-W6.1-P4.50-LS8.7-TL~SW-SMD_4P-L6.1-W6.1-H8-P4.50-LS8.5
~ZDjc',(#14366));
#14365=PRODUCT_CATEGORY('','');
#14366=PRODUCT_CONTEXT('',#14368,'mechanical');
#14367=APPLICATION_PROTOCOL_DEFINITION('international standard',
'ap242_managed_model_based_3d_engineering',2020,#14368);
#14368=APPLICATION_CONTEXT('managed model based 3d engineering');
ENDSEC;
END-ISO-10303-21;
